Ewe,capacity_norm
0.026700027,1.0
0.032902412,0.999840172419046
0.034277868,0.9996803442456332
0.035137527,0.9995205161251484
0.035920773,0.9993606881600089
0.036627602,0.9992008608731152
0.037353538,0.9990410333694132
0.037812021,0.9988812066105232
0.038442437,0.9987213794724585
0.039072853,0.9985615520905088
0.039626855,0.998401724037544
0.040180858,0.9982418961116416
0.040639345,0.9980820683562164
0.041250657,0.9979222401893124
0.041766454,0.9977624118264272
0.042148523,0.9976025837926523
0.042664319,0.997442756101681
0.043218322,0.997282927845457
0.043734118,0.9971230998700382
0.044173498,0.9969632717048054
0.044708397,0.99680344343906
0.04514778,0.9966436149071438
0.04558716,0.9964837868720006
0.046102956,0.9963239585008392
0.046504129,0.9961641302996898
0.047058132,0.9960043023224165
0.047421101,0.9958444742527836
0.047879584,0.995684646665281
0.04851,0.9955248187368999
0.04877745,0.9953649919089043
0.049331453,0.9952051647736804
0.049598902,0.9950453373049939
0.050057389,0.994885509678743
0.050477665,0.9947256820945937
0.050955255,0.9945658544382648
0.051356427,0.9944060264123307
0.051757604,0.9942461982648765
0.05212057,0.9940863699527125
0.052617263,0.9939265418880168
0.053113952,0.9937667142059589
0.053496026,0.9936068864332714
0.053878095,0.9934470589876436
0.054164648,0.9932872316044843
0.054814167,0.9931274041011295
0.055119824,0.9929675764480708
0.055482794,0.992807748142422
0.055807553,0.9926479203101042
0.056227829,0.992488092045894
0.056571692,0.9923282643932325
0.057106592,0.992168435776764
0.057374042,0.9920086074327797
0.057832528,0.9918487791634079
0.058214597,0.9916889505702151
0.058596667,0.991529121776055
0.058921427,0.9913692935306307
0.059379913,0.9912094651618922
0.059628259,0.9910496366887057
0.060029432,0.990889808981217
0.060430609,0.9907299809978973
0.060774472,0.9905701534977163
0.061041921,0.9904103259939486
0.061519511,0.9902504981942629
0.061806064,0.9900906705547363
0.062245443,0.98993084334134
0.062417377,0.9897710161980595
0.062952273,0.9896111892392291
0.063162416,0.9894513612344513
0.063544489,0.989291533154487
0.063773729,0.9891317050756828
0.064251319,0.9889718768511736
0.064423248,0.9888120488435752
0.064824425,0.9886522208248308
0.065130077,0.9884923933323606
0.065435737,0.9883325653559221
0.065856017,0.9881727375716265
0.066142567,0.9880129100456053
0.066448227,0.9878530824869365
0.066696569,0.9876932546598326
0.066964015,0.9875334266477792
0.067403398,0.9873735985416517
0.067728162,0.9872137699894858
0.067880988,0.9870539412458343
0.068224855,0.9868941125528631
0.068473198,0.9867342844620213
0.068740651,0.9865744562709459
0.069180027,0.9864146283701205
0.06944748,0.9862548012613839
0.06967672,0.9860949740329514
0.069944173,0.9859351470086161
0.070230722,0.9857753189067325
0.070459969,0.9856154906497906
0.070765622,0.9854556629163177
0.071109489,0.9852958349703571
0.071185902,0.985136006709207
0.071606182,0.9849761782364692
0.071778111,0.9848163501550448
0.07212197,0.9846565221187317
0.072370321,0.9844966945013836
0.072523147,0.9843368668670089
0.072809704,0.984177039201751
0.073000737,0.9840172108666131
0.073306389,0.9838573825075267
0.073631153,0.9836975544553718
0.074013226,0.9835377266574439
0.074032329,0.9833778988004384
0.074318878,0.9832180706160031
0.074586332,0.9830582434609227
0.074872881,0.9828984158093015
0.075044818,0.9827385880549605
0.075388677,0.9825787603174544
0.075465091,0.982418933017121
0.075713441,0.9822591058153715
0.075770751,0.9820992783016163
0.07617192,0.9819394508473449
0.076382063,0.9817796232349245
0.076458476,0.9816197956194022
0.076764137,0.9814599677130303
0.076974273,0.9813001398198145
0.077241719,0.981140312292723
0.077432759,0.9809804848033672
0.077585585,0.9808206583432515
0.077833928,0.9806608316982222
0.077986762,0.9805010053838561
0.078349724,0.9803411785843937
0.078521661,0.9801813518411706
0.078617178,0.9800215249607008
0.078922831,0.9798616982393764
0.078999244,0.9797018713661605
0.079190284,0.9795420448118561
0.079381317,0.9793822179876372
0.07957235,0.9792223913695024
0.079744287,0.9790625651755951
0.080011733,0.9789027389857611
0.080183662,0.9787429126588508
0.08024098,0.9785830861139597
0.080412909,0.9784232596385907
0.080546632,0.9782634331004803
0.080833189,0.978103606551491
0.081005119,0.9779437799920823
0.081253462,0.9777839537860602
0.081387192,0.9776241280887928
0.081559122,0.9774643020551331
0.081654638,0.9773044758783739
0.081845671,0.9771446499865928
0.081922084,0.9769848236186888
0.082151331,0.9768249971637302
0.082246847,0.9766651712925968
0.082476087,0.9765053458955903
0.082705334,0.9763455207413866
0.08291547,0.9761856957206724
0.082896367,0.9760258706698657
0.08303009,0.97586604609584
0.083240233,0.975706221344611
0.083354853,0.9755463963868826
0.083584093,0.9753865712833939
0.08375603,0.9752267463439936
0.083794236,0.9750669214171186
0.083947062,0.9749070965603858
0.084080786,0.9747472717933037
0.084138095,0.9745874466694656
0.084348239,0.9744276215377473
0.084596582,0.9742677964224598
0.084558375,0.9741079718148887
0.084768511,0.9739481466964542
0.084864035,0.97378832209222
0.085074171,0.9736284976036484
0.085055068,0.9734686732582021
0.085265204,0.9733088482810432
0.085246101,0.9731490237730566
0.085379824,0.9729891991050351
0.085647278,0.9728293740879678
0.085666381,0.9726695493181827
0.085876517,0.9725097244227132
0.085876517,0.9723498994478733
0.086163074,0.9721900748612269
0.086335003,0.9720302504423035
0.0863159,0.9718704257729505
0.086526036,0.9717106010460743
0.086602457,0.9715507761980428
0.08662156,0.9713909515209339
0.08667887,0.9712311268973814
0.086946316,0.9710713024915639
0.086927213,0.9709114779815782
0.087118253,0.9707516536770538
0.087175563,0.9705918293525296
0.087443009,0.9704320049907595
0.087328389,0.9702721807319445
0.087614939,0.9701123567809885
0.087614939,0.9699525328054511
0.087710463,0.9697927091222638
0.087576732,0.9696328857185713
0.087844186,0.9694730623668215
0.087939702,0.9693132385454771
0.088092528,0.9691534144533452
0.088149838,0.9689935902934996
0.088149838,0.9688337660988697
0.088340878,0.9686739420899235
0.088474602,0.9685141181098961
0.088474602,0.9683542943586743
0.088512808,0.9681944707458562
0.088684738,0.9680346467566047
0.088665634,0.9678748227440861
0.088933088,0.9677149985610808
0.088875778,0.9675551744727576
0.089047708,0.967395350323697
0.089219637,0.967235526389731
0.089143224,0.9670757023272204
0.089257844,0.9669158785904794
0.089238741,0.9667560542866627
0.089372464,0.9665962304781448
0.089467987,0.9664364065654155
0.089697227,0.9662765832630482
0.089563504,0.9661167599178927
0.089697227,0.9659569365875942
0.08983095,0.9657971125740069
0.089811847,0.9656372889657046
0.089811847,0.9654774655252841
0.090117507,0.9653176418760845
0.090098403,0.9651578189547112
0.090117507,0.9649979959972461
0.09019392,0.9648381731695597
0.090327643,0.9646783499915386
0.09025123,0.964518527143289
0.090404056,0.9643587034072205
0.090423159,0.9641988801957765
0.090575993,0.9640390570499371
0.090633303,0.9638792340503849
0.090690613,0.963719411120987
0.090690613,0.9635595879009335
0.090900749,0.9633997649910678
0.090843439,0.9632399420531027
0.090938956,0.9630801192417561
0.090938956,0.9629202959449542
0.090919852,0.9627604724445656
0.091072679,0.9626006490495393
0.091053575,0.9624408254811839
0.091072679,0.9622810021926157
0.091282822,0.9621211786041006
0.091397442,0.9619613555255627
0.091435649,0.9618015318948123
0.091435649,0.9616417086877757
0.091550268,0.9614818852692704
0.091550268,0.9613220618524546
0.091645785,0.9611622388754326
0.091569372,0.9610024160528715
0.091760412,0.9608425928214318
0.091722205,0.9606827698925359
0.091722205,0.9605229473277728
0.091836825,0.960363124785718
0.091836825,0.9602033021415214
0.091989651,0.9600434793624764
0.092123374,0.9598836566201894
0.091989651,0.959723834100066
0.092085168,0.959564011827981
0.092046961,0.9594041892836667
0.092276201,0.9592443663438903
0.092161581,0.9590845434049037
0.092276201,0.9589247203174247
0.092352621,0.9587648976033366
0.092486344,0.9586050748628641
0.092333518,0.9584452520077392
0.092543654,0.9582854292444424
0.092486344,0.9581256064719078
0.09269648,0.9579657838123143
0.092581861,0.9578059614277941
0.092562757,0.9576461390427914
0.092543654,0.9574863170009795
0.092658274,0.9573264951034645
0.092849307,0.9571666724326563
0.0928111,0.9570068494461205
0.09286841,0.9568470270875538
0.092830203,0.9566872047248434
0.092772894,0.9565273826847802
0.093002141,0.9563675606140072
0.092944831,0.9562077386991302
0.093040347,0.9560479164187626
0.093154967,0.9558880943982244
0.09305945,0.9557282723564401
0.093135864,0.955568450241832
0.09311676,0.9554086283639617
0.093250483,0.9552488064283835
0.093250483,0.9550889846187697
0.093326896,0.9549291626160861
0.093384206,0.9547693404318318
0.093365103,0.9546095185618628
0.09340331,0.95444969698796
0.093517937,0.9542898752359247
0.093365103,0.954130053613618
0.093441516,0.9539702318471603
0.09340331,0.9538104100136622
0.09359435,0.9536505884418917
0.093632556,0.9534907669889322
0.093575247,0.953330945264312
0.09370897,0.9531711234702213
0.09370897,0.9530113019963313
0.093670763,0.9528514798846719
0.093670763,0.9526916581570796
0.093689866,0.9525318365256878
0.093861796,0.952372015166946
0.093861796,0.9522121942220657
0.093957312,0.9520523733922871
0.093919106,0.9518925526606361
0.093919106,0.9517327314346311
0.093919106,0.9515729099805211
0.093900003,0.9514130877530478
0.094033733,0.9512532658756585
0.094091043,0.9510934435261509
0.093957312,0.9509336214855537
0.094014622,0.9507737995736967
0.09407194,0.9506139779762166
0.094033733,0.950454156522799
0.094282076,0.9502943349100824
0.094167456,0.9501345139501336
0.094377592,0.9499746924403031
0.094148353,0.9498148711526221
0.094454005,0.9496550498527924
0.094358489,0.9494952284910312
0.094434902,0.9493354070166964
0.094358489,0.9491755857063642
0.094377592,0.9490157643040834
0.094282076,0.9488559427778874
0.094301179,0.9486961210807023
0.094568625,0.9485362995283709
0.094492212,0.9483764785325207
0.094377592,0.9482166573335178
0.094587728,0.9480568365744956
0.094454005,0.9478970153292425
0.094587728,0.947737194229509
0.094606839,0.9475773735205821
0.094511315,0.947417552669145
0.094625942,0.9472577318583592
0.094549522,0.9470979112914295
0.094606839,0.9469380900196468
0.094683252,0.9467782689491301
0.094740562,0.9466184483721339
0.094778769,0.9464586277657453
0.094702356,0.9462988073536152
0.094702356,0.9461389868214168
0.094797872,0.9459791660443156
0.094836079,0.9458193451664927
0.094721459,0.9456595242618159
0.094855182,0.945499703013794
0.094778769,0.9453398818147116
0.094893388,0.945180060586185
0.094950698,0.9450202393268569
0.094778769,0.9448604183614124
0.094893388,0.9447005970751949
0.094874285,0.9445407760810082
0.094950698,0.9443809553115412
0.094912492,0.9442211339302645
0.095008008,0.944061312866823
0.095008008,0.9439014914398374
0.094931595,0.9437416701324769
0.094874285,0.9435818491181039
0.095027111,0.943422028301716
0.095046215,0.9432622073456267
0.094912492,0.943102386573959
0.095141731,0.9429425655253486
0.095008008,0.9427827448241298
0.095141731,0.9426229239201683
0.095122628,0.9424631034569901
0.095103525,0.9423032831936821
0.095199049,0.9421434626427523
0.095141731,0.9419836422517787
0.095122628,0.9418238217603278
0.095294565,0.9416640011562916
0.095199049,0.9415041798810077
0.095256358,0.9413443591286685
0.095218152,0.9411845388803909
0.095237255,0.9410247183045395
0.095313668,0.9408648980528649
0.095294565,0.9407050777246403
0.095409185,0.9405452580495061
0.095256358,0.9403854390171259
0.095179945,0.9402256199972442
0.095409185,0.9400658005650384
0.095447391,0.9399059805891744
0.095294565,0.9397461610876772
0.095351875,0.9395863413780439
0.095447391,0.9394265217135204
0.095332772,0.9392667022238934
0.095485598,0.9391068835884869
0.095313668,0.9389470649513468
0.095504701,0.938787245644243
0.095409185,0.9386274264201881
0.095313668,0.9384676068139205
0.095447391,0.9383077873013304
0.095542908,0.9381479680982645
0.095466495,0.9379881488524677
0.095409185,0.9378283295730578
0.095504701,0.9376685102371851
0.095428288,0.9375086906285813
0.095562011,0.9373488710924848
0.095523804,0.937189051320406
0.095523804,0.9370292314902761
0.095600218,0.9368694113678844
0.095523804,0.9367095913120019
0.095523804,0.9365497713867201
0.095772155,0.9363899515009924
0.095657527,0.936230131748436
0.095676631,0.9360703127797668
0.095619321,0.9359104931484378
0.095581114,0.9357506733304006
0.095581114,0.9355908538914979
0.095753051,0.9354310342903864
0.095733941,0.9352712147064628
0.095867671,0.9351113953258536
0.095600218,0.9349515763304124
0.095695734,0.9347917567719197
0.095714837,0.9346319371980175
0.095676631,0.9344721180067567
0.095753051,0.9343122981335185
0.095714837,0.9341524786397464
0.095753051,0.9339926593030687
0.095772155,0.9338328398237578
0.095714837,0.9336730205429101
0.095753051,0.9335132014158667
0.095848568,0.9333533820960334
0.095791258,0.9331935629546269
0.095714837,0.9330337437726577
0.095905878,0.932873924377772
0.095944084,0.9327141051710893
0.095791258,0.9325542859426168
0.095829464,0.9323944667418016
0.095924981,0.9322346478763565
0.095982291,0.9320748286310115
0.095886774,0.9319150097334983
0.095905878,0.9317551908997311
0.095867671,0.9315953727286502
0.096039601,0.9314355538080431
0.095905878,0.9312757349508041
0.096001394,0.931115916195592
0.095963188,0.930956097418166
0.095886774,0.9307962783161877
0.095924981,0.9306364593569015
0.096020497,0.9304766407396928
0.095944084,0.9303168221629845
0.096116014,0.9301570030779925
0.096039601,0.9299971839106767
0.095886774,0.9298373648290478
0.096058704,0.9296775456707651
0.096001394,0.9295177270162035
0.096001394,0.9293579080495129
0.096077807,0.9291980895481909
0.096192427,0.9290382709724324
0.096077807,0.9288784523901035
0.09615422,0.9287186339377425
0.096039601,0.9285588151688837
0.096077807,0.928398996615697
0.09615422,0.9282391776998213
0.096096911,0.9280793584959182
0.096039601,0.927919539217433
0.096116014,0.9277597197838826
0.096135117,0.9275999001483721
0.09621153,0.9274400804281911
0.09621153,0.927280260893727
0.096096911,0.9271204414728781
0.096058704,0.9269606223406477
0.09615422,0.9268008031752203
0.096135117,0.9266409838669112
0.096173324,0.9264811646281926
0.096173324,0.926321345367089
0.096058704,0.926161526059009
0.096230634,0.9260017072613583
0.096135117,0.9258418887486941
0.096287943,0.9256820698450111
0.09615422,0.9255222505398462
0.09615422,0.9253624309591069
0.096307047,0.9252026117334257
0.096230634,0.9250427925174093
0.096287943,0.9248829733846925
0.096230634,0.9247231546953837
0.096307047,0.9245633357763535
0.096307047,0.9244035167440646
0.09626884,0.9242436976561922
0.096307047,0.9240838784998296
0.096192427,0.9239240593773849
0.096192427,0.923764240963597
0.096307047,0.9236044221122343
0.096230634,0.9234446028175964
0.096230634,0.9232847833934279
0.09626884,0.9231249640876907
0.096287943,0.9229651449773294
0.09626884,0.9228053253861755
0.096249737,0.9226455063359588
0.096364364,0.9224856872092124
0.096345261,0.9223258678163835
0.096402571,0.9221660485340112
0.096249737,0.9220062289088109
0.096402571,0.9218464093044576
0.096326157,0.9216865899651604
0.096326157,0.9215267705651813
0.096402571,0.921366951224808
0.096421674,0.9212071322504563
0.096536294,0.9210473128283917
0.096326157,0.9208874932289572
0.096307047,0.9207276738216629
0.096421674,0.9205678550099767
0.096364364,0.9204080356182903
0.09645988,0.9202482161038826
0.096421674,0.9200883969391389
0.096555397,0.9199285777147659
0.096478984,0.9197687580317379
0.096478984,0.9196089379919697
0.096402571,0.9194491181341635
0.096478984,0.9192892978255646
0.096383467,0.9191294780119785
0.096478984,0.9189696587762791
0.096421674,0.9188098390359338
0.096498087,0.9186500190396237
0.09645988,0.9184901987752242
0.096478984,0.9183303788049053
0.096421674,0.9181705591605852
0.096440777,0.9180107396615362
0.096536294,0.9178509200688852
0.096612707,0.9176910999038179
0.096593603,0.917531280227155
0.096498087,0.9173714607710344
0.096670017,0.917211640569868
0.096478984,0.9170518201249089
0.096536294,0.9168919997161904
0.096593603,0.9167321790135158
0.096593603,0.9165723586996672
0.096536294,0.9164125381291983
0.096670017,0.9162527177689662
0.096555397,0.916092897493177
0.096498087,0.9159330775653407
0.096555397,0.9157732579163806
0.096555397,0.9156134376703589
0.096498087,0.9154536173129121
0.096555397,0.9152937973971828
0.096536294,0.915133976995985
0.096708223,0.9149741560818668
0.096612707,0.91481433578808
0.096612707,0.9146545156911033
0.09668912,0.9144946958866679
0.096593603,0.9143348759322584
0.096593603,0.9141750557964331
0.096727327,0.9140152358597946
0.09668912,0.9138554157815859
0.096708223,0.9136955960050678
0.096708223,0.9135357763446055
0.096650913,0.9133759565036769
0.096784636,0.9132161369283684
0.096765533,0.9130563171704903
0.09680374,0.9128964971967124
0.096784636,0.9127366772296797
0.096708223,0.912576857463357
0.096727327,0.912417037093758
0.096708223,0.9122572168376596
0.096650913,0.9120973968007433
0.096593603,0.9119375765464471
0.09674643,0.9117777562357573
0.09663181,0.9116179360814691
0.096784636,0.9114581161825386
0.096822843,0.9112982962023071
0.096708223,0.9111384760192752
0.096708223,0.9109786558671322
0.096841946,0.9108188360294699
0.096727327,0.9106590157084098
0.09680374,0.9104991960035529
0.09674643,0.910339376377931
0.096727327,0.9101795572064079
0.096841946,0.9100197380207721
0.096727327,0.9098599184488807
0.09674643,0.909700098190976
0.096670017,0.9095402779341477
0.096841946,0.9093804580096263
0.096918367,0.9092206378388558
0.096784636,0.909060817517523
0.096708223,0.908900997189736
0.096784636,0.9087411766949834
0.09668912,0.9085813558899758
0.09668912,0.9084215356876748
0.09674643,0.9082617159875095
0.09686105,0.9081018963400548
0.09680374,0.9079420763204391
0.096822843,0.9077822562765558
0.096841946,0.9076224362508384
0.09674643,0.907462615980169
0.096880153,0.9073027964771746
0.09686105,0.907142976504825
0.096880153,0.9069831564694231
0.096918367,0.906823336562477
0.09693747,0.9066635165785296
0.09686105,0.9065036966243698
0.09693747,0.9063438770118734
0.09680374,0.9061840576372696
0.09680374,0.9060242377973252
0.09686105,0.9058644178875711
0.096880153,0.9057045975531699
0.09686105,0.9055447770883503
0.096880153,0.9053849566426216
0.096956573,0.9052251364013035
0.0971094,0.9050653165803035
0.096880153,0.9049054965450533
0.09693747,0.9047456767158503
0.097032987,0.9045858568038683
0.09699478,0.9044260372089569
0.097013883,0.9042662170306213
0.096899264,0.9041063972761292
0.096841946,0.9039465776203283
0.09699478,0.903786757266502
0.097013883,0.9036269371830737
0.096918367,0.9034671171548091
0.097071193,0.9033072969693198
0.097071193,0.9031474767888061
0.096918367,0.9029876565685457
0.09686105,0.9028278358246197
0.09693747,0.9026680155457752
0.097071193,0.9025081948873528
0.097013883,0.9023483744298543
0.09699478,0.9021885544561075
0.097032987,0.9020287339649413
0.097032987,0.9018689139710053
0.096918367,0.9017090941990945
0.0971094,0.9015492740049996
0.09699478,0.901389453567337
0.096841946,0.9012296336881065
0.097071193,0.90106981340261
0.0971094,0.9009099931579888
0.09705209,0.9007501735019963
0.09705209,0.900590353323682
0.097013883,0.9004305337241916
0.097013883,0.9002707142673977
0.09699478,0.9001108948707417
0.097204916,0.899951074959512
0.097032987,0.8997912547707004
0.09705209,0.899631434984975
0.097128503,0.8994716150306744
0.097204916,0.8993117951787263
0.09699478,0.8991519749923819
0.097013883,0.8989921551763216
0.097090296,0.8988323350476435
0.097032987,0.898672515186261
0.097147606,0.8985126950929029
0.097204916,0.8983528750439185
0.0971094,0.8981930548867295
0.097090296,0.8980332347641531
0.09705209,0.8978734145042679
0.097147606,0.8977135940351025
0.09716671,0.8975537739688846
0.0971094,0.8973939539065533
0.09705209,0.8972341338011393
0.097128503,0.897074313715176
0.09716671,0.8969144932473112
0.097090296,0.8967546726627129
0.097147606,0.8965948525750413
0.0971094,0.8964350329939631
0.097147606,0.8962752137176832
0.0971094,0.8961153940388371
0.097204916,0.8959555742396007
0.097243123,0.8957957545260994
0.097147606,0.8956359340336119
0.0971094,0.8954761133102379
0.097147606,0.8953162930990396
0.097300433,0.8951564726982211
0.097090296,0.894996652655667
0.097090296,0.8948368326119114
0.097071193,0.8946770125257335
0.097243123,0.8945171925518312
0.097224019,0.8943573725068117
0.097204916,0.894197551861645
0.097224019,0.894037731270189
0.097204916,0.8938779105509836
0.097281329,0.8937180895658232
0.097204916,0.8935582685054848
0.097185813,0.8933984475735018
0.097185813,0.8932386269796189
0.097071193,0.8930788060137845
0.097300433,0.8929189845180524
0.097185813,0.8927591628862743
0.097243123,0.8925993408370371
0.097224019,0.8924395189666543
0.0971094,0.8922796973528351
0.097281329,0.8921198757849862
0.097281329,0.8919600537657539
0.097204916,0.89180023184542
0.097128503,0.8916404102861101
0.097262226,0.8914805887438828
0.097224019,0.8913207668418119
0.097262226,0.8911609446392974
0.097300433,0.8910011227239908
0.097224019,0.8908413010988981
0.097281329,0.8906814789917686
0.097224019,0.8905216567819916
0.097281329,0.890361834492754
0.097338639,0.8902020126572421
0.097319536,0.8900421911302882
0.097243123,0.8898823699306094
0.097147606,0.8897225480902304
0.097243123,0.8895627258673527
0.097224019,0.8894029042720923
0.097338639,0.8892430827821661
0.097338639,0.8890832609148595
0.097281329,0.888923439496791
0.097395949,0.8887636185738206
0.097224019,0.8886037971085207
0.097395949,0.8884439752045069
0.097319536,0.8882841532985057
0.097262226,0.8881243313209523
0.097281329,0.8879645095647128
0.097376846,0.8878046879327619
0.097243123,0.8876448660243694
0.097376846,0.8874850452136279
0.097281329,0.8873252242933217
0.097338639,0.8871654030249972
0.097376846,0.8870055814834868
0.097357742,0.886845759658831
0.097453259,0.886685938208669
0.097262226,0.8865261160459629
0.097453259,0.8863662939599947
0.097338639,0.8862064721416323
0.097357742,0.8860466498395533
0.097357742,0.8858868277485692
0.097491473,0.8857270054431855
0.097510576,0.8855671833058436
0.097453259,0.8854073618740712
0.097453259,0.8852475403228501
0.097472362,0.8850877187412153
0.097491473,0.8849278968689154
0.097434156,0.8847680749964995
0.097415052,0.8846082529878064
0.097472362,0.8844484309692169
0.097434156,0.8842886085643049
0.097415052,0.8841287868313128
0.097319536,0.8839689649296207
0.097395949,0.8838091429096696
0.097472362,0.8836493209321514
0.097472362,0.8834894984325722
0.09752968,0.883329675618791
0.097415052,0.8831698531881093
0.097472362,0.8830100319272083
0.097434156,0.8828502099704812
0.097376846,0.8826903880676974
0.097586989,0.8825305662700736
0.097453259,0.8823707451800527
0.097548783,0.8822109232993472
0.097434156,0.8820511013477405
0.097453259,0.881891279402987
0.09752968,0.8817314570413988
0.09752968,0.8815716347236473
0.097510576,0.8814118122615329
0.097453259,0.8812519896421314
0.097548783,0.8810921667089806
0.097491473,0.8809323441194936
0.09752968,0.8807725219646939
0.097586989,0.8806126999325464
0.097644299,0.8804528778543049
0.097644299,0.8802930556718179
0.097548783,0.8801332337783238
0.097625196,0.8799734115198646
0.097472362,0.879813588687375
0.097663403,0.8796537660499121
0.097644299,0.879493943670053
0.097548783,0.8793341211626073
0.097567886,0.879174298424263
0.097472362,0.8790144759601676
0.097644299,0.8788546532569872
0.097758919,0.8786948304996102
0.097567886,0.8785350080956131
0.097644299,0.8783751853577989
0.097701609,0.8782153631116096
0.097567886,0.8780555407624474
0.097797126,0.8778957183257161
0.097644299,0.8777358959618022
0.097701609,0.8775760737148824
0.097663403,0.8774162511560389
0.097625196,0.8772564284340977
0.097663403,0.8770966053548952
0.097701609,0.8769367818991143
0.097625196,0.8767769582588749
0.097663403,0.8766171345783021
0.097644299,0.8764573107449498
0.097682506,0.8762974872221267
0.097739816,0.876137662916906
0.097682506,0.8759778395640839
0.097663403,0.87581801663955
0.097739816,0.8756581936043293
0.097758919,0.8754983708385948
0.097835332,0.8753385473046548
0.097682506,0.8751787239433043
0.097797126,0.875018900454209
0.097682506,0.8748590769918502
0.097720712,0.8746992535603165
0.097644299,0.8745394298034382
0.097778022,0.874379606168363
0.097701609,0.874219782523719
0.097778022,0.874059958847982
0.097835332,0.8739001344832509
0.097606093,0.8737403101988778
0.097663403,0.8735804862761969
0.097797126,0.8734206620327275
0.097739816,0.8732608374608499
0.097778022,0.8731010128455584
0.097625196,0.8729411884878212
0.097816229,0.8727813639499516
0.097758919,0.872621539357388
0.097720712,0.8724617148791508
0.097873539,0.8723018906257006
0.097892642,0.8721420651799532
0.097911745,0.871982240105611
0.097778022,0.8718224153497948
0.097701609,0.8716625906245712
0.097873539,0.8715027666981896
0.097797126,0.8713429424797656
0.097835332,0.871183117706783
0.097873539,0.8710232929305736
0.097911745,0.8708634679676986
0.097835332,0.8707036418424074
0.097835332,0.8705438163377934
0.097892642,0.870383991412931
0.097892642,0.8702241668403539
0.097797126,0.8700643422273179
0.097949952,0.8699045174959467
0.097835332,0.8697446924549475
0.097816229,0.8695848672184237
0.097720712,0.8694250419486688
0.097835332,0.8692652163596769
0.097911745,0.8691053909801222
0.097892642,0.8689455656918806
0.097949952,0.868785740704561
0.097988158,0.868625916126097
0.097949952,0.86846609140275
0.097854435,0.8683062665852952
0.097816229,0.8681464415867329
0.097835332,0.8679866169067066
0.097930849,0.8678267918437839
0.097930849,0.8676669664900525
0.097949952,0.8675071415581016
0.097854435,0.8673473170415795
0.097930849,0.8671874918631987
0.097873539,0.8670276659819625
0.097892642,0.8668678403557623
0.097835332,0.8667080149825342
0.097797126,0.866548189459529
0.097969055,0.8663883636518653
0.097892642,0.8662285387546236
0.098026365,0.8660687137828339
0.098007262,0.8659088888758332
0.097873539,0.8657490633580897
0.097797126,0.86558923761567
0.097873539,0.8654294124049773
0.097816229,0.8652695872772517
0.098064579,0.8651097619728289
0.097892642,0.8649499361728128
0.098198302,0.8647901108679775
0.097835332,0.8646302855004836
0.098026365,0.864470460315878
0.097911745,0.8643106350119261
0.098045468,0.864150809577989
0.098102786,0.8639909841487631
0.097892642,0.8638311582918772
0.098007262,0.8636713324888297
0.098007262,0.8635115066447557
0.097949952,0.8633516809988477
0.098083682,0.8631918551348566
0.098007262,0.863032029364668
0.097911745,0.8628722033615343
0.098102786,0.8627123775489224
0.097816229,0.8625525518504721
0.098026365,0.862392726063196
0.097969055,0.8622329007793994
0.097969055,0.8620730750496531
0.098140992,0.8619132493664107
0.098160096,0.861753423961194
0.097911745,0.8615935984976064
0.097911745,0.8614337723223753
0.098045468,0.8612739459514916
0.097969055,0.8611141197618528
0.098045468,0.8609542933396236
0.098140992,0.8607944670629604
0.098064579,0.8606346407367508
0.098026365,0.8604748146514313
0.098102786,0.8603149885323282
0.098064579,0.860155162066032
0.098045468,0.8599953358840527
0.098045468,0.859835509078249
0.097949952,0.8596756827854324
0.098083682,0.8595158566879604
0.098102786,0.8593560309863648
0.098121889,0.8591962048658712
0.098007262,0.8590363786729329
0.098064579,0.8588765524380962
0.097969055,0.8587167259168826
0.098102786,0.8585568996928489
0.097969055,0.858397073284398
0.098064579,0.8582372468148489
0.098083682,0.8580774206222919
0.097988158,0.8579175940884356
0.098045468,0.857757768129502
0.098140992,0.8575979417159345
0.098198302,0.8574381149240803
0.098121889,0.857278288846246
0.098064579,0.8571184624877758
0.098179199,0.8569586359890246
0.098121889,0.8567988088752947
0.097988158,0.8566389826192534
0.098121889,0.8564791562791542
0.098179199,0.8563193303374229
0.098140992,0.8561595042453028
0.098198302,0.85599967788366
0.098160096,0.8558398520788496
0.098026365,0.8556800260334836
0.098026365,0.8555202002941908
0.098236509,0.8553603739517827
0.098160096,0.8552005477744089
0.098140992,0.8550407221817209
0.098198302,0.8548808959033698
0.098198302,0.8547210693584252
0.098274715,0.8545612433525627
0.098026365,0.8544014173491439
0.098274715,0.8542415912232022
0.098083682,0.8540817644600556
0.098160096,0.8539219379063615
0.098083682,0.8537621122881693
0.098255612,0.853602286364818
0.098140992,0.8534424601222409
0.098179199,0.8532826342528003
0.098160096,0.8531228083149147
0.098179199,0.8529629822488706
0.098179199,0.8528031551780385
0.098370232,0.8526433281494828
0.098236509,0.8524835017407153
0.098140992,0.8523236752265196
0.098198302,0.8521638488505694
0.098198302,0.8520040222993467
0.098312922,0.8518441962662726
0.098179199,0.8516843701984961
0.098160096,0.8515245436962773
0.098274715,0.8513647170493222
0.098198302,0.8512048904952713
0.098121889,0.851045064124376
0.098274715,0.8508852376148056
0.098408438,0.8507254108135958
0.098217405,0.8505655843919989
0.098236509,0.8504057577870624
0.098293819,0.8502459316281445
0.098236509,0.8500861062336726
0.098236509,0.8499262801045699
0.098198302,0.8497664536736222
0.098293819,0.8496066272264597
0.098121889,0.8494468003567267
0.098255612,0.8492869734672441
0.098274715,0.8491271462324643
0.098332025,0.8489673190708602
0.098160096,0.8488074920326386
0.098312922,0.8486476653554083
0.098255612,0.8484878383187244
0.098332025,0.8483280111861159
0.098255612,0.8481681841937381
0.098198302,0.8480083572537348
0.098370232,0.8478485307917176
0.098255612,0.8476887043157972
0.098198302,0.8475288779159229
0.098255612,0.8473690513229623
0.098370232,0.8472092244599807
0.098179199,0.8470493976450876
0.098274715,0.8468895710179865
0.098312922,0.8467297443467646
0.098198302,0.846569918017348
0.098446645,0.8464100912954338
0.098274715,0.8462502642982846
0.098312922,0.8460904374980625
0.098351128,0.8459306113911877
0.098351128,0.8457707853188995
0.098293819,0.8456109588803481
0.098408438,0.8454511316907051
0.098236509,0.8452913044479079
0.098446645,0.8451314775704573
0.098236509,0.8449716504228149
0.098465748,0.8448118234800669
0.098332025,0.844651996264661
0.098561265,0.8444921691090495
0.098332025,0.8443323427673314
0.098140992,0.8441725163057862
0.098370232,0.84401269003029
0.098427542,0.8438528637809714
0.098332025,0.8436930375007584
0.098389335,0.8435332103190952
0.098351128,0.8433733834224019
0.098293819,0.8432135565030493
0.098312922,0.8430537296333115
0.098484851,0.8428939039013488
0.098465748,0.8427340775056328
0.098370232,0.8425742509943434
0.098465748,0.8424144247867568
0.098312922,0.8422545982670994
0.098503955,0.8420947715700979
0.098351128,0.8419349444406079
0.098408438,0.8417751176605932
0.098236509,0.8416152910472905
0.098312922,0.8414554645121719
0.098542161,0.8412956381525845
0.098370232,0.8411358116194798
0.098389335,0.8409759847960461
0.098370232,0.8408161572262627
0.098465748,0.8406563294627236
0.098370232,0.8404965021327924
0.098427542,0.8403366753677695
0.098389335,0.8401768490821554
0.098465748,0.840017023349521
0.098484851,0.8398571967602796
0.098465748,0.8396973708839747
0.098503955,0.8395375443372386
0.098503955,0.8393777176499121
0.098503955,0.8392178913158816
0.098408438,0.8390580651478556
0.098484851,0.8388982383832874
0.098274715,0.8387384112929902
0.098408438,0.8385785840358583
0.098332025,0.8384187572654364
0.098503955,0.8382589304230316
0.098312922,0.8380991034494757
0.098312922,0.837939276336567
0.098351128,0.8377794495329889
0.098427542,0.8376196221587123
0.098503955,0.837459795473282
0.098370232,0.8372999691493895
0.098503955,0.8371401420774116
0.098408438,0.8369803151720646
0.098389335,0.8368204880336093
0.098446645,0.8366606611266796
0.098370232,0.8365008339213966
0.098523058,0.836341007092868
0.098561265,0.836181179874544
0.098446645,0.8360213527015312
0.098351128,0.8358615251473908
0.098523058,0.8357016982698608
0.098484851,0.8355418714431215
0.098523058,0.8353820444762433
0.098408438,0.8352222171616783
0.098465748,0.8350623899911537
0.098503955,0.8349025625373359
0.098389335,0.8347427350711193
0.098580368,0.8345829070450714
0.098561265,0.8344230797319593
0.098580368,0.8342632523180136
0.098408438,0.8341034247359206
0.098599471,0.8339435979766974
0.098542161,0.8337837704664863
0.098656788,0.8336239434038885
0.098714098,0.8334641161864518
0.098351128,0.8333042890433192
0.098503955,0.8331444621864448
0.098446645,0.8329846353634656
0.098580368,0.832824807367908
0.098714098,0.8326649798420422
0.098714098,0.8325051521933783
0.098618574,0.8323453249815914
0.098637685,0.8321854979476381
0.098618574,0.8320256708729227
0.098733202,0.8318658435686722
0.098637685,0.831706016417399
0.098733202,0.8315461890732954
0.098675892,0.8313863623802312
0.098675892,0.8312265356235584
0.098656788,0.831066708782904
0.098637685,0.830906881987919
0.098656788,0.830747054628275
0.098675892,0.830587227264427
0.098599471,0.8304274000837385
0.098503955,0.8302675727872407
0.098752305,0.8301077454148067
0.098637685,0.8299479181241636
0.098752305,0.8297880911074242
0.098675892,0.8296282643353061
0.098599471,0.8294684372383914
0.098752305,0.8293086105325965
0.098656788,0.8291487839751467
0.098675892,0.8289889577220231
0.098714098,0.8288291310366326
0.098637685,0.8286693044471329
0.098733202,0.828509477500715
0.098656788,0.8283496510914882
0.098714098,0.8281898240829
0.098675892,0.8280299969335462
0.098618574,0.8278701702011688
0.098771408,0.8277103441196861
0.098790511,0.8275505177167416
0.098694995,0.8273906912103347
0.098866925,0.8272308640504294
0.098752305,0.8270710360736938
0.098905131,0.826911208406789
0.098733202,0.8267513811430625
0.098809615,0.8265915544602
0.098733202,0.8264317276664207
0.098714098,0.8262719005001166
0.098656788,0.8261120725635399
0.098714098,0.8259522448124824
0.098905131,0.8257924177742382
0.098771408,0.8256325906376952
0.098828718,0.825472763301883
0.098847821,0.8253129360647058
0.098847821,0.8251531089992933
0.098828718,0.8249932818216803
0.098809615,0.8248334542898039
0.098790511,0.8246736270845418
0.098733202,0.8245137993683117
0.098733202,0.8243539720886647
0.098809615,0.8241941452571279
0.098847821,0.8240343184850412
0.098714098,0.823874491683782
0.098886028,0.8237146646374218
0.098943338,0.8235548373507485
0.098828718,0.823395010340964
0.098771408,0.8232351835370061
0.098809615,0.8230753565588185
0.098847821,0.822915529298493
0.098828718,0.8227557016246718
0.098886028,0.8225958740642276
0.098809615,0.8224360463505352
0.098905131,0.8222762192993023
0.099115267,0.8221163919323863
0.098943338,0.8219565650005558
0.098790511,0.8217967373916522
0.098905131,0.8216369105479339
0.099000648,0.8214770833965476
0.098847821,0.8213172564134349
0.099038854,0.8211574291077225
0.098962441,0.8209976017016279
0.098962441,0.8208377749114257
0.099038854,0.8206779476933531
0.098943338,0.8205181207509747
0.098924235,0.820358294207865
0.098981544,0.8201984674390262
0.098981544,0.8200386398656522
0.098981544,0.8198788122980946
0.098866925,0.819718984476501
0.098886028,0.8195591578361524
0.099038854,0.8193993308765115
0.099000648,0.8192395038896428
0.098924235,0.8190796767678318
0.099000648,0.8189198494379938
0.099115267,0.8187600219618679
0.098962441,0.8186001950789594
0.098962441,0.8184403679343205
0.099057958,0.8182805409118372
0.099115267,0.8181207138185863
0.099000648,0.8179608865376623
0.099057958,0.817801059479895
0.099019751,0.8176412324888437
0.098924235,0.8174814062172027
0.099057958,0.8173215796484978
0.099134371,0.8171617530047087
0.099077061,0.8170019263267493
0.099038854,0.8168420994731938
0.099115267,0.8166822729340072
0.099096164,0.8165224458885415
0.099019751,0.8163626185543259
0.099096164,0.816202790972188
0.099096164,0.816042963462162
0.099000648,0.8158831360114323
0.099057958,0.815723309141243
0.099134371,0.8155634818580412
0.099077061,0.8154036546877254
0.099153474,0.8152438272882934
0.099115267,0.8150840002000206
0.099134371,0.8149241729343053
0.099172577,0.8147643457729388
0.099210791,0.8146045182066457
0.099096164,0.8144446908151353
0.099229895,0.814284863537733
0.099153474,0.8141250359387066
0.099191681,0.8139652082344446
0.099248998,0.8138053806372183
0.099096164,0.8136455531475973
0.099172577,0.8134857261521703
0.099191681,0.8133258987137476
0.099248998,0.8131660714846827
0.099268101,0.8130062443491028
0.099229895,0.8128464172345327
0.099153474,0.8126865901137081
0.099248998,0.8125267627425581
0.099268101,0.8123669353957612
0.099077061,0.8122071079995337
0.099268101,0.8120472804446345
0.099306308,0.811887452962076
0.099248998,0.8117276258968342
0.099248998,0.8115677989620769
0.099191681,0.81140797200374
0.099287204,0.8112481449098856
0.099191681,0.8110883181219227
0.099268101,0.8109284916260819
0.099172577,0.8107686654210681
0.099229895,0.8106088387285293
0.099229895,0.8104490112043555
0.099344514,0.8102891839595509
0.099420927,0.8101293570906879
0.099401824,0.8099695300000855
0.099363618,0.8098097031602138
0.099248998,0.809649876244331
0.099306308,0.8094900489694851
0.099344514,0.8093302222073979
0.099363618,0.8091703953441679
0.099401824,0.8090105683272069
0.099382721,0.8088507409264133
0.099440031,0.8086909135194954
0.099401824,0.8085310864206252
0.099229895,0.8083712591735547
0.099382721,0.8082114318953639
0.099382721,0.8080516047153654
0.099363618,0.8078917777591825
0.099382721,0.8077319503374003
0.099401824,0.8075721231018087
0.09955465,0.8074122957161036
0.099363618,0.8072524684328887
0.099516444,0.8070926410784998
0.099344514,0.8069328135462658
0.099344514,0.8067729860927956
0.099401824,0.8066131587010434
0.099420927,0.8064533314528806
0.099306308,0.806293504294278
0.099440031,0.8061336773349143
0.099440031,0.8059738503132878
0.099420927,0.8058140231107226
0.099344514,0.8056541958397021
0.099459134,0.8054943686793955
0.099459134,0.8053345416209824
0.099478237,0.8051747146733782
0.099478237,0.8050148879196846
0.099497341,0.8048550608049957
0.099420927,0.8046952336737183
0.09955465,0.8045354069302136
0.099420927,0.8043755804826035
0.099459134,0.8042157534607068
0.099306308,0.804055926092943
0.099401824,0.8038960988928001
0.099382721,0.8037362722672354
0.099459134,0.8035764457323671
0.099459134,0.8034166196889517
0.099573754,0.8032567929469989
0.099573754,0.8030969660760193
0.099497341,0.802937138987993
0.099573754,0.8027773114634885
0.099516444,0.8026174829622539
0.099478237,0.802457654416465
0.099516444,0.8022978266353864
0.099535547,0.8021379989942042
0.09961196,0.8019781716758456
0.099592857,0.8018183447089006
0.09955465,0.8016585181510505
0.09955465,0.8014986912129132
0.099631064,0.8013388644795119
0.099478237,0.8011790371312459
0.099592857,0.8010192095515002
0.09961196,0.8008593816862607
0.099440031,0.8006995542504397
0.099631064,0.8005397269749226
0.099650167,0.8003798996488901
0.099592857,0.8002200722368734
0.09966927,0.8000602448153913
0.099516444,0.7999004173165974
0.09972658,0.7997405899203253
0.09966927,0.7995807628680319
0.09966927,0.799420936062251
0.09966927,0.799261108896105
0.099592857,0.7991012821706504
0.099650167,0.7989414550971135
0.099535547,0.7987816279311643
0.099650167,0.7986218011771847
0.099650167,0.7984619742860715
0.099688374,0.7983021475127535
0.09966927,0.7981423203192882
0.099650167,0.7979824933623049
0.099783897,0.797822666995685
0.09966927,0.7976628406494182
0.099764787,0.7975030138837357
0.099745683,0.7973431872231573
0.099803001,0.7971833607718
0.099879414,0.7970235332324525
0.099783897,0.7968637054753099
0.09966927,0.7967038782170085
0.099764787,0.7965440510499795
0.099745683,0.7963842240913581
0.099783897,0.7962243969982681
0.099783897,0.7960645695996139
0.099707477,0.7959047429619772
0.099783897,0.7957449162688013
0.099688374,0.7955850905078687
0.099860311,0.7954252636386325
0.099745683,0.7952654363013884
0.09997493,0.7951056092723372
0.099860311,0.7949457826354752
0.099783897,0.7947859553778878
0.09991762,0.7946261280358801
0.099783897,0.7944663001589006
0.099822104,0.7943064721095263
0.099841207,0.7941466439686438
0.09991762,0.7939868163381012
0.09991762,0.7938269895561648
0.099994034,0.7936671627882186
0.099841207,0.7935073361023163
0.099822104,0.7933475092494096
0.10003224,0.7931876822123362
0.099822104,0.7930278551972085
0.09991762,0.7928680281816726
0.099936724,0.7927082009862286
0.09997493,0.792548373455448
0.099936724,0.7923885462876545
0.10010865,0.7922287190170707
0.099994034,0.7920688917859379
0.10001314,0.7919090644772068
0.10001314,0.7917492374799956
0.099860311,0.7915894104428709
0.10001314,0.7914295833249693
0.10012776,0.7912697556131332
0.09997493,0.7911099278511043
0.10007045,0.7909501003724282
0.10007045,0.7907902733566923
0.099994034,0.7906304464285429
0.10005134,0.7904706189983979
0.099955827,0.7903107916401645
0.09997493,0.7901509650850987
0.10010865,0.7899911380517839
0.10012776,0.7898313113250619
0.10010865,0.7896714847924549
0.10008955,0.7895116584407638
0.10007045,0.7893518316124175
0.10007045,0.7891920044788437
0.10005134,0.7890321772851009
0.10020417,0.7888723502896303
0.10008955,0.7887125236663886
0.10014686,0.7885526972066332
0.10003224,0.7883928691271799
0.10012776,0.7882330417917495
0.10014686,0.7880732144519758
0.10016596,0.7879133874783694
0.10005134,0.7877535604065029
0.10014686,0.7875937335277418
0.10008955,0.7874339065810253
0.10029969,0.787274080289317
0.10008955,0.7871142538262075
0.10010865,0.7869544267668204
0.10007045,0.7867945997698322
0.10016596,0.786634772875232
0.10020417,0.7864749464319933
0.10026148,0.7863151195624908
0.10026148,0.7861552925634117
0.10012776,0.7859954652841096
0.10024238,0.7858356378630745
0.10016596,0.7856758099362243
0.10031879,0.7855159819046109
0.10022327,0.785356154156989
0.10022327,0.7851963266268245
0.10022327,0.7850364994442067
0.10018507,0.7848766719931948
0.10026148,0.7847168451344296
0.10014686,0.7845570182175433
0.10018507,0.784397191183174
0.10029969,0.7842373639587661
0.10020417,0.7840775370530499
0.10028058,0.7839177100446386
0.10029969,0.7837578828196967
0.10031879,0.7835980555865206
0.10028058,0.7834382282153058
0.10028058,0.7832784010089128
0.10037611,0.7831185738243526
0.100357,0.782958746905118
0.100357,0.782798919953494
0.10031879,0.7826390934879579
0.10037611,0.7824792668593813
0.10041431,0.7823194401091051
0.10031879,0.7821596130050908
0.10028058,0.7819997856197594
0.10039521,0.7818399582278908
0.10045252,0.7816801312056394
0.10031879,0.7815203044691849
0.10031879,0.7813604776597471
0.10043342,0.7812006502361508
0.10031879,0.7810408231536168
0.10037611,0.780880995746485
0.10041431,0.7807211680243333
0.10047162,0.780561340530055
0.10043342,0.7804015132292554
0.10045252,0.7802416860551601
0.10050983,0.7800818588274826
0.10039521,0.779922031138449
0.10050983,0.7797622035687211
0.10054804,0.7796023761558855
0.10045252,0.7794425492196249
0.10054804,0.7792827222753758
0.10049073,0.7791228948879867
0.10049073,0.7789630671283981
0.10041431,0.7788032396952155
0.10047162,0.7786434117663983
0.10045252,0.7784835845117554
0.10054804,0.778323756816646
0.10054804,0.7781639290397085
0.10056714,0.778004101298131
0.10043342,0.7778442738341638
0.10054804,0.7776844464633405
0.10052893,0.7775246190132246
0.10062445,0.7773647918283851
0.10056714,0.777204964875832
0.10071997,0.7770451383317643
0.10060535,0.7768853112349617
0.10066266,0.776725484291819
0.10066266,0.7765656572363309
0.10052893,0.7764058302956508
0.10066266,0.7762460032937777
0.10064355,0.7760861765188332
0.10056714,0.7759263491698689
0.10066266,0.7757665213784969
0.10062445,0.7756066936906235
0.10066266,0.7754468660198606
0.10060535,0.7752870387465932
0.10060535,0.775127211628841
0.10058624,0.7749673840994027
0.10071997,0.7748075572097145
0.10066266,0.7746477304698893
0.10071997,0.7744879031280046
0.10060535,0.7743280758111247
0.10068176,0.7741682483201712
0.10064355,0.7740084204136006
0.10075817,0.7738485925803569
0.10068176,0.7736887650013714
0.10073907,0.7735289372598444
0.10068176,0.7733691100470212
0.10068176,0.7732092835910901
0.10071997,0.7730494569412375
0.10085369,0.7728896301502534
0.10071997,0.772729802663991
0.10071997,0.7725699751246329
0.10075817,0.772410147795394
0.10073907,0.7722503205909766
0.10075817,0.7720904934906725
0.10077728,0.7719306657617331
0.10081548,0.7717708379030946
0.10087279,0.7716110102943342
0.10073907,0.7714511818938915
0.10081548,0.7712913537513585
0.10071997,0.771131526177737
0.10079638,0.7709716990124206
0.10071997,0.770811871540656
0.10093011,0.7706520436958031
0.10079638,0.7704922164160452
0.10064355,0.7703323893565398
0.100911,0.7701725617460863
0.10102563,0.7700127339415268
0.100911,0.7698529064776902
0.10081548,0.7696930788214057
0.10094921,0.7695332514030098
0.10079638,0.7693734238908366
0.1008919,0.7692135965090385
0.100911,0.7690537692403167
0.100911,0.7688939418431444
0.10083459,0.7687341142728035
0.10102563,0.7685742869648735
0.10098742,0.7684144595222002
0.10094921,0.76825463191294
0.100911,0.7680948039602518
0.10098742,0.7679349767603814
0.10083459,0.7677751493434092
0.10085369,0.7676153214717528
0.10094921,0.767455494314907
0.10108294,0.7672956672029436
0.10104473,0.7671358399121521
0.10106383,0.7669760121082139
0.10093011,0.7668161842186645
0.10094921,0.7666563564451125
0.10093011,0.7664965288602983
0.10098742,0.7663367011342339
0.10100652,0.7661768734865555
0.10102563,0.7660170455747142
0.10100652,0.7658572181469884
0.10119756,0.7656973908378183
0.10112114,0.7655375631927276
0.10112114,0.7653777352997065
0.10102563,0.765217908270767
0.10108294,0.7650580813357446
0.10106383,0.7648982539205476
0.10108294,0.7647384264029043
0.10108294,0.7645785988480664
0.10114025,0.7644187715228218
0.10110204,0.7642589441579968
0.10119756,0.764099116375864
0.10108294,0.763939289341071
0.10114025,0.7637794621731113
0.10119756,0.7636196349668648
0.10110204,0.7634598077521522
0.10112114,0.7632999801375283
0.10114025,0.7631401530530377
0.10119756,0.7629803258601102
0.10123576,0.7628204992068771
0.10127397,0.7626606715831522
0.10123576,0.762500844437464
0.10125487,0.7623410168914808
0.10117845,0.762181189457557
0.10112114,0.762021362042965
0.10131218,0.7618615347860231
0.10123576,0.7617017075251705
0.10129307,0.7615418811095991
0.10119756,0.7613820544548693
0.10138859,0.7612222275509748
0.10133128,0.7610624010924946
0.10138859,0.7609025744042434
0.10135038,0.7607427477062405
0.10136949,0.7605829207346239
0.10133128,0.7604230934208407
0.10127397,0.760263265625372
0.101465,0.7601034379706544
0.10157963,0.7599436106424637
0.10138859,0.7597837831100246
0.10136949,0.7596239554592017
0.1014459,0.7594641280845813
0.1014841,0.7593043002960629
0.10150322,0.7591444726720277
0.1014841,0.7589846451200252
0.1014268,0.75882481777467
0.1014459,0.7586649901596195
0.1014841,0.7585051624820742
0.10133128,0.758345335216957
0.10150322,0.7581855083268745
0.10161784,0.7580256808259949
0.1014841,0.7578658528951009
0.1014841,0.7577060248604993
0.10138859,0.7575461975729406
0.10156053,0.7573863705242678
0.10159873,0.7572265430462856
0.101465,0.7570667150203445
0.10157963,0.756906886350389
0.10156053,0.7567470580706586
0.10150322,0.7565872300894773
0.10154142,0.7564274025230682
0.10175156,0.7562675751916227
0.10156053,0.7561077484493326
0.10161784,0.7559479213938372
0.10161784,0.7557880938061489
0.10175156,0.7556282666037992
0.10178977,0.7554684395837522
0.10165604,0.7553086124867309
0.10169425,0.7551487856911643
0.10171335,0.754988958472438
0.10161784,0.7548291313229794
0.10161784,0.7546693044927542
0.10165604,0.7545094768507447
0.10169425,0.7543496495847729
0.10178977,0.754189822701492
0.10184707,0.7540299953561541
0.10175156,0.7538701682999208
0.10188528,0.7537103407687086
0.10171335,0.7535505138300308
0.10169425,0.7533906864565884
0.10182797,0.7532308590355083
0.10171335,0.7530710316617998
0.10171335,0.7529112046149978
0.10178977,0.7527513780005838
0.10192349,0.7525915508535244
0.10188528,0.7524317236461895
0.10190438,0.7522718965285734
0.10194259,0.752112069580044
0.10188528,0.7519522430110787
0.10184707,0.7517924159884974
0.10180887,0.7516325887640449
0.10192349,0.7514727614861813
0.1019999,0.7513129339470256
0.10190438,0.7511531064568555
0.10207631,0.7509932786498196
0.1019999,0.7508334511310175
0.10186618,0.7506736234762945
0.102019,0.7505137958087092
0.10217184,0.7503539680929853
0.10203811,0.7501941407010668
0.10203811,0.7500343134629922
0.10203811,0.7498744861256401
0.10188528,0.7497146587026114
0.1019999,0.7495548314462048
0.10207631,0.7493950042285306
0.10205721,0.7492351765838415
0.10215273,0.749075349148292
0.102019,0.7489155225047675
0.10205721,0.748755695690893
0.10211453,0.748595868913928
0.102019,0.7484360418719743
0.10196169,0.7482762151475624
0.10207631,0.748116388256146
0.10203811,0.7479565613567106
0.10196169,0.7477967342332834
0.10222915,0.7476369066655199
0.10215273,0.7474770794554751
0.10222915,0.7473172521013656
0.10211453,0.7471574246193994
0.10221004,0.7469975976495447
0.10221004,0.7468377704055033
0.10226735,0.7466779432348425
0.10221004,0.7465181161685233
0.10213363,0.7463582890590499
0.10209543,0.7461984616950741
0.10226735,0.7460386344684691
0.10228646,0.7458788071610868
0.10230556,0.7457189797715024
0.10230556,0.7455591518005207
0.10221004,0.7453993237359079
0.10232466,0.7452394959731778
0.10209543,0.7450796680199556
0.10242018,0.744919840246434
0.10228646,0.7447600122937597
0.10232466,0.7446001850123988
0.10224825,0.744440357806732
0.10232466,0.7442805306839249
0.10224825,0.7441207029181377
0.10236287,0.7439608753993506
0.10242018,0.7438010476638192
0.10232466,0.7436412203399481
0.10232466,0.7434813929961694
0.10234377,0.7433215656137492
0.10240108,0.7431617390028011
0.10236287,0.7430019116319447
0.10234377,0.7428420842382387
0.10245839,0.7426822562118065
0.10243928,0.7425224283020065
0.10240108,0.7423626001928799
0.10245839,0.7422027725817801
0.10249659,0.7420429452014945
0.1025348,0.7418831174571812
0.1025348,0.7417232896773737
0.10249659,0.7415634618151093
0.10261121,0.7414036348457725
0.10242018,0.7412438072661649
0.10257301,0.7410839795162035
0.10259211,0.7409241524408642
0.10249659,0.7407643254630644
0.10263032,0.7406044979531516
0.10240108,0.7404446702423313
0.10263032,0.7402848426612969
0.10263032,0.7401250150954977
0.10264942,0.7399651874511458
0.10259211,0.739805359512886
0.10264942,0.7396455317493068
0.10270674,0.7394857035725092
0.10270674,0.7393258757456092
0.10274494,0.7391660486230782
0.10266853,0.7390062216771545
0.10257301,0.7388463948153399
0.1025539,0.7386865671680167
0.10263032,0.7385267396362931
0.10264942,0.7383669120597032
0.10278315,0.7382070841001945
0.10280225,0.7380472559487047
0.10272584,0.7378874283506188
0.10278315,0.7377276012423833
0.10285956,0.7375677736699667
0.10276405,0.7374079464130672
0.10278315,0.7372481192164808
0.10278315,0.7370882924620309
0.10272584,0.7369284654159236
0.10278315,0.7367686386477937
0.10289777,0.7366088117602928
0.10285956,0.7364489849578634
0.10289777,0.7362891581139477
0.10289777,0.7361293314613928
0.10297418,0.735969504908635
0.10280225,0.7358096780637632
0.10282136,0.7356498510057299
0.10293598,0.7354900241357099
0.10282136,0.735330197618083
0.10291687,0.7351703714602706
0.10299329,0.7350105444139021
0.10289777,0.7348507175372784
0.10310791,0.7346908908238383
0.10297418,0.7345310645638687
0.10297418,0.7343712383651709
0.10310791,0.734211411780537
0.10289777,0.7340515849299349
0.10301239,0.7338917585690924
0.10293598,0.7337319322899516
0.10301239,0.7335721059646498
0.10301239,0.7334122804559752
0.1030506,0.7332524550922598
0.1030888,0.7330926296719457
0.1030506,0.7329328032272872
0.10297418,0.7327729774281558
0.10310791,0.7326131512719992
0.10303149,0.7324533251915448
0.10297418,0.7322934991834975
0.10312701,0.7321336735657321
0.1030697,0.7319738477388846
0.1030697,0.7318140212239354
0.10320342,0.731654194801527
0.10322253,0.7314943688363293
0.10318432,0.731334542353279
0.10314611,0.731174715960314
0.10322253,0.7310148892578151
0.10314611,0.730855062795502
0.10327984,0.7306952367153198
0.10320342,0.7305354111057276
0.10326074,0.7303755850770827
0.10326074,0.7302157585963686
0.10318432,0.7300559323888768
0.10327984,0.7298961063891534
0.10329895,0.7297362797029971
0.10345177,0.7295764529263434
0.10341357,0.7294166267958787
0.10329895,0.7292568010770992
0.10337536,0.7290969752140325
0.10339446,0.7289371494978082
0.10337536,0.7287773238342405
0.10339446,0.7286174984776083
0.10347088,0.7284576726992831
0.10341357,0.7282978460123847
0.10343267,0.7281380200926512
0.10348998,0.7279781932121906
0.10347088,0.7278183670946959
0.10339446,0.7276585409626269
0.10350908,0.7274987150814826
0.10343267,0.7273388892559579
0.10352819,0.7271790626019666
0.1036237,0.7270192357125992
0.10348998,0.726859409693281
0.10352819,0.7266995841761184
0.10354729,0.7265397590200123
0.10345177,0.7263799330874732
0.1036237,0.7262201070242971
0.10354729,0.7260602807641412
0.10352819,0.7259004544418692
0.10356639,0.725740628168021
0.10377653,0.725580802227163
0.10368101,0.7254209767188471
0.10366191,0.7252611509866612
0.10370012,0.7251013252022741
0.10373832,0.724941499198012
0.10371922,0.724781673057949
0.10366191,0.7246218469364578
0.10377653,0.7244620208687844
0.10364281,0.7243021952992519
0.10381474,0.7241423694507172
0.10377653,0.7239825440187532
0.10373832,0.7238227183326155
0.10368101,0.7236628924417294
0.10379563,0.723503067329574
0.10391026,0.7233432421667991
0.10379563,0.7231834164213324
0.10381474,0.7230235907900179
0.10373832,0.7228637655064445
0.10391026,0.7227039397738929
0.10402488,0.7225441134468259
0.10391026,0.7223842874607788
0.10400578,0.7222244622536034
0.10385295,0.7220646376359108
0.10398667,0.7219048131672992
0.10387205,0.7217449883158491
0.10396757,0.7215851626633588
0.10402488,0.7214253370558281
0.10408219,0.7212655117836633
0.10396757,0.7211056858502068
0.10406309,0.7209458600275698
0.10406309,0.7207860342789879
0.10404398,0.7206262088950584
0.10408219,0.7204663837205149
0.10408219,0.72030655848894
0.10400578,0.7201467337924281
0.10421591,0.7199869086521025
0.1041586,0.7198270834377809
0.1041395,0.7196672581515139
0.10408219,0.7195074326628007
0.10408219,0.7193476074195263
0.10429233,0.7191877817345368
0.1041395,0.7190279557412333
0.1041395,0.7188681297440942
0.10417771,0.7187083037177098
0.1041395,0.7185484786251378
0.10431143,0.7183886536481807
0.10419681,0.7182288287217004
0.10423502,0.7180690043416436
0.10433053,0.7179091800387785
0.1041586,0.7177493559248138
0.10419681,0.7175895320648091
0.10436874,0.7174297078608414
0.10438785,0.7172698835131761
0.10442606,0.7171100587373962
0.10433053,0.7169502340836724
0.10436874,0.7167904090018259
0.10450247,0.7166305839303767
0.10457888,0.7164707585164477
0.10450247,0.7163109330352261
0.10452157,0.7161511079269303
0.10442606,0.715991283594652
0.10455978,0.7158314594022716
0.10444516,0.7156716349500246
0.10455978,0.7155118103284265
0.10448337,0.715351986082756
0.10448337,0.7151921618549986
0.10459799,0.7150323373384899
0.10448337,0.7148725125491953
0.10459799,0.7147126874758678
0.10463619,0.7145528633167275
0.10471261,0.7143930391365366
0.10463619,0.7142332148708119
0.1046744,0.7140733906197096
0.1046744,0.7139135666853788
0.10461709,0.7137537428644365
0.10457888,0.7135939185233153
0.1046553,0.713434094012001
0.10473171,0.7132742686658236
0.10476992,0.7131144434586073
0.10463619,0.7129546194288072
0.10486543,0.7127947955349295
0.10478902,0.7126349716471945
0.10484633,0.712475147894254
0.10490364,0.7123153241807869
0.10490364,0.7121555009096391
0.10486543,0.7119956774879467
0.10490364,0.7118358539193311
0.10501827,0.7116760301776731
0.10492274,0.7115162070789331
0.10494184,0.7113563833231692
0.10484633,0.7111965590795505
0.10496096,0.7110367348618489
0.10498006,0.7108769110123557
0.10494184,0.7107170869489223
0.10496096,0.7105572632537386
0.10511378,0.7103974395812369
0.10503737,0.710237616222345
0.10492274,0.7100777927419999
0.10503737,0.7099179690285038
0.1052284,0.7097581450103962
0.10517109,0.7095983215863323
0.1051902,0.7094384983386399
0.1052093,0.7092786747159675
0.1052093,0.7091188515156146
0.10507558,0.708959028393339
0.10517109,0.7087992052658608
0.10515199,0.7086393824377457
0.10517109,0.7084795595706463
0.10541943,0.7083197363204912
0.1052093,0.7081599129105979
0.10524751,0.7080000891514306
0.10530481,0.7078402656363734
0.10534302,0.7076804422042523
0.10515199,0.7075206185410435
0.1052284,0.7073607950028744
0.10532392,0.7072009708979853
0.10530481,0.7070411473234268
0.10540033,0.7068813232227925
0.10540033,0.7067214999539465
0.10541943,0.7065616767409681
0.10538123,0.7064018537035068
0.10545764,0.7062420304088524
0.10553406,0.7060822070753852
0.10545764,0.7059223832665299
0.10553406,0.7057625602106188
0.10562958,0.7056027372552982
0.10553406,0.7054429139052169
0.10551495,0.7052830907365184
0.10559137,0.7051232674860091
0.10559137,0.7049634442414203
0.10559137,0.7048036208952051
0.10561047,0.7046437977017925
0.10564868,0.7044839751543963
0.10561047,0.7043241526808662
0.10562958,0.7041643303099226
0.1057442,0.7040045078006906
0.1057633,0.7038446856899275
0.10566778,0.7036848629712891
0.10570599,0.7035250404773445
0.10582061,0.703365218273045
0.10585882,0.703205395952173
0.10568689,0.7030455733526992
0.10568689,0.7028857512804321
0.10582061,0.7027259295244359
0.10589702,0.7025661073569588
0.1057824,0.7024062848818448
0.10585882,0.7022464626189128
0.10589702,0.7020866406154288
0.10595433,0.7019268180304331
0.10591613,0.701766995559104
0.10604985,0.7016071733457072
0.10612627,0.7014473509076059
0.10599254,0.7012875287173731
0.10606895,0.7011277060845943
0.10599254,0.7009678840955976
0.10606895,0.7008080621382725
0.10616448,0.7006482398020316
0.10606895,0.700488417502547
0.10614537,0.7003285955960947
0.10604985,0.7001687732902631
0.10622179,0.7000089510099685
0.10610717,0.6998491291882165
0.10614537,0.6996893067051947
0.10616448,0.6995294843564298
0.10620268,0.6993696621803875
0.10622179,0.6992098396083675
0.10612627,0.699050016785276
0.1063173,0.6988901939990761
0.10635551,0.6987303717561633
0.1063173,0.6985705496966724
0.10635551,0.6984107274917885
0.10641282,0.6982509051924322
0.10641282,0.6980910827432303
0.10637461,0.6979312603551603
0.10650834,0.6977714382048553
0.10656565,0.6976116154863002
0.10660385,0.6974517927951642
0.10645103,0.6972919705871664
0.10645103,0.697132148208233
0.10658475,0.6969723258179845
0.10658475,0.6968125035410381
0.10656565,0.6966526810964977
0.10654654,0.6964928589167999
0.10662296,0.6963330367792604
0.10666116,0.6961732143960058
0.10673758,0.6960133922054864
0.106814,0.6958535697145228
0.10677579,0.6956937472975103
0.10673758,0.6955339252750425
0.10677579,0.6953741034203771
0.1068331,0.6952142811296392
0.10698593,0.6950544593007363
0.10689041,0.6948946369654009
0.10687131,0.6947348150149376
0.10698593,0.6945749933573694
0.10708144,0.6944151714860338
0.10710055,0.6942553493870068
0.10710055,0.6940955271009195
0.10696682,0.693935704729812
0.10710055,0.6937758823666432
0.10708144,0.6936160599328993
0.10700503,0.6934562378197104
0.10715786,0.6932964155610627
0.10721517,0.6931365936115984
0.10719606,0.692976771576607
0.10717696,0.6928169498168989
0.10721517,0.6926571284794178
0.10732979,0.6924973065762658
0.1073489,0.6923374850782334
0.10742531,0.6921776636599719
0.10748262,0.6920178424797009
0.10746352,0.6918580207764271
0.10748262,0.6916981989834379
0.10750172,0.6915383772208366
0.10752083,0.6913785555877336
0.10759724,0.6912187338604852
0.10752083,0.691058912512447
0.10761634,0.6908990912110168
0.10759724,0.6907392696041109
0.10769276,0.6905794479872137
0.10767365,0.6904196263156742
0.10763545,0.6902598047209458
0.10767365,0.6900999830716358
0.10775007,0.6899401618213894
0.10776917,0.6897803407502219
0.10778827,0.6896205197417722
0.10784559,0.689460698356299
0.10780738,0.6893008764280926
0.10796021,0.6891410543445771
0.10786469,0.6889812325807798
0.107922,0.6888214108190287
0.10799842,0.6886615887904747
0.10797931,0.6885017674642788
0.10805573,0.688341945575229
0.10820855,0.6881821238636865
0.10817035,0.6880223017220489
0.10828497,0.6878624799873702
0.10820855,0.6877026584056251
0.10824676,0.6875428364120086
0.10838048,0.6873830141802388
0.10832317,0.6872231920853916
0.1084569,0.6870633699115047
0.10836138,0.6869035477170687
0.1084569,0.6867437258272938
0.10849511,0.6865839039759871
0.10849511,0.6864240822922275
0.10859063,0.6862642606369321
0.1084378,0.6861044388443928
0.10866704,0.6859446171087556
0.10876255,0.6857847953352091
0.10862883,0.6856249736611835
0.10872435,0.6854651516686752
0.10887717,0.685305329890079
0.10880076,0.6851455081476359
0.10893448,0.6849856868980562
0.10885807,0.6848258649851183
0.10895359,0.6846660429459563
0.10897269,0.684506221587556
0.1089918,0.6843464004992923
0.10910642,0.6841865792130162
0.10918283,0.6840267576606449
0.10910642,0.6838669365977361
0.10918283,0.6837071152170647
0.10920194,0.683547294040842
0.10916373,0.6833874729100898
0.10935476,0.6832276522042311
0.10925925,0.683067831268132
0.10931656,0.6829080104713398
0.10958401,0.6827481894933329
0.10946938,0.682588368003326
0.10952669,0.6824285463843199
0.10964132,0.6822687249318784
0.10948849,0.682108903512429
0.10967953,0.6819490813221356
0.10966042,0.6817892593976173
0.10973684,0.6816294377694648
0.10981325,0.6814696163137272
0.10987056,0.6813097947155757
0.11006159,0.6811499731996533
0.11004249,0.6809901516044912
0.11002339,0.6808303303749694
0.10987056,0.6806705095484799
0.11006159,0.6805106883993028
0.11015712,0.6803508671566951
0.1101189,0.6801910456613501
0.1101189,0.6800312244300905
0.11038636,0.679871403330932
0.11030994,0.6797115813959979
0.11040546,0.6795517597936421
0.11050098,0.6793919385204744
0.11057739,0.6792321171117419
0.11044367,0.6790722954624793
0.1106538,0.6789124740086616
0.11053918,0.6787526524669086
0.11076843,0.6785928311715357
0.11082574,0.6784330103382978
0.11086395,0.6782731896475432
0.11092126,0.6781133686971039
0.11099767,0.6779535472913863
0.11109319,0.6777937261675683
0.11109319,0.6776339049283541
0.11113139,0.6774740839824009
0.1111696,0.6773142630733705
0.11122691,0.6771544425130078
0.11132243,0.6769946213464875
0.11143705,0.6768347996547401
0.11155167,0.6766749784309234
0.11160898,0.6765151567795964
0.11158988,0.6763553358919365
0.1117045,0.6761955147658476
0.11166629,0.6760356938652609
0.11176181,0.6758758726504067
0.11185732,0.675716051212103
0.11181912,0.6755562298691452
0.11212478,0.6753964085425708
0.11191464,0.6752365874033306
0.11210568,0.6750767662852769
0.11208657,0.6749169455726993
0.11229671,0.6747571244826946
0.11239222,0.6745973036086401
0.11241133,0.6744374831187084
0.11237312,0.67427766210902
0.11243043,0.6741178405080447
0.11262147,0.6739580192385278
0.11254506,0.6737981982381677
0.1128125,0.6736383767353971
0.1128125,0.6734785551914133
0.11288892,0.673318733661135
0.11294623,0.6731589120908498
0.11302265,0.6729990909180339
0.11319458,0.6728392701653932
0.11321368,0.6726794490116902
0.1133092,0.6725196277159078
0.11329009,0.6723598066480692
0.1133474,0.6721999855507259
0.11357664,0.6720401642800541
0.11359575,0.6718803432989864
0.11367217,0.6717205227332389
0.11371037,0.671560702198353
0.11378679,0.6714008814428467
0.1138632,0.671241060456451
0.11409244,0.6710812393836418
0.11407334,0.6709214181940304
0.11418796,0.6707615969315425
0.11432169,0.6706017764003909
0.11434079,0.6704419554563087
0.1144172,0.6702821352352861
0.11443631,0.670122314732372
0.11462734,0.6699624942709406
0.11458913,0.6698026733732726
0.11485659,0.6696428524368807
0.114933,0.6694830322688606
0.11504762,0.6693232118566769
0.11508583,0.6691633915311234
0.11518134,0.6690035709997751
0.11525775,0.6688437505982724
0.11535328,0.6686839297912084
0.11542969,0.6685241092083308
0.11556341,0.6683642889686254
0.11569714,0.6682044686875546
0.11577355,0.6680446481834131
0.11581176,0.6678848278916566
0.11588818,0.6677250076111961
0.11606011,0.6675651864544999
0.11623204,0.6674053656847183
0.11627024,0.6672455455525739
0.11636576,0.6670857251283192
0.11651859,0.6669259047175653
0.11646128,0.6667660842372922
0.11676694,0.6666062642011771
0.11686245,0.6664464438570592
0.11691976,0.6662866237184996
0.11699618,0.666126803538443
0.11705349,0.6659669834202616
0.11716811,0.6658071633465181
0.11730184,0.6656473436017349
0.11722542,0.6654875234630134
0.11758839,0.665327702819447
0.11755018,0.6651678820542875
0.11766481,0.6650080617415369
0.11781763,0.6648482413533924
0.11804687,0.6646884208500848
0.11810418,0.6645286005914334
0.1181806,0.6643687801748243
0.11821881,0.6642089600375738
0.11856267,0.6640491401231317
0.11854357,0.6638893197554986
0.11867729,0.663729499288008
0.11884923,0.6635696796688892
0.11881102,0.6634098600317593
0.11911667,0.6632500403955469
0.11921219,0.6630902203796581
0.1193077,0.6629304007605804
0.11940323,0.6627705813711953
0.11946054,0.662610761492122
0.11968978,0.6624509409451373
0.11976619,0.6622911202166176
0.11986171,0.6621312994024426
0.11993813,0.6619714789827371
0.12014826,0.6618116586668767
0.12028199,0.6616518386045845
0.1203584,0.6614920182576767
0.12045392,0.6613321983382573
0.12054944,0.6611723781362366
0.12074047,0.6610125581048358
0.1208742,0.660852738153475
0.12093151,0.6606929182332335
0.12098882,0.6605330982095661
0.12121806,0.6603732781127235
0.12133268,0.6602134585221026
0.12150461,0.6600536389593245
0.12156192,0.6598938193373637
0.12171476,0.6597339988705229
0.12190579,0.6595741786466618
0.12188669,0.6594143584204311
0.12221144,0.6592545380148054
0.12219234,0.6590947179930553
0.12223055,0.6589348981557815
0.12247889,0.6587750783607884
0.1225171,0.6586152585661074
0.12270813,0.6584554379891373
0.12291828,0.6582956167956546
0.12293738,0.658135795992561
0.123052,0.6579759753262717
0.12322393,0.6578161540569399
0.12331945,0.6576563322909539
0.12339587,0.6574965113021313
0.1235869,0.65733669054993
0.1235678,0.6571768697502172
0.12377793,0.657017049532615
0.12385435,0.6568572290390305
0.12404539,0.6566974082992103
0.12408359,0.6565375876295276
0.12429373,0.6563777670752148
0.12440835,0.6562179457238313
0.12454208,0.6560581241897973
0.1246758,0.6558983032431939
0.1246376,0.6557384823651963
0.12480953,0.6555786617767823
0.12484773,0.6554188408777332
0.12507698,0.6552590203185934
0.1252107,0.6550991997474632
0.12511519,0.6549393790567318
0.12536353,0.6547795590856775
0.12553546,0.6546197384704779
0.12561187,0.654459918074267
0.1257074,0.6543000974713644
0.12563097,0.6541402769512655
0.12591754,0.6539804559429571
0.12608947,0.6538206348470751
0.12610857,0.653660814210199
0.12620409,0.6535009931414811
0.12637602,0.653341171923267
0.12645243,0.6531813508207405
0.12662436,0.6530215296594457
0.12670077,0.6528617083987556
0.12666257,0.652701886986441
0.12677719,0.6525420657285321
0.12704465,0.6523822440257677
0.12721658,0.6522224219186586
0.12721658,0.6520626000718543
0.12721658,0.6519027782597305
0.12729299,0.6517429565015085
0.12752223,0.6515831337380737
0.12754133,0.6514233109939451
0.12773237,0.6512634879804476
0.12773237,0.6511036650730797
0.12765595,0.6509438424640022
0.1279425,0.6507840203658466
0.12798072,0.6506241988225877
0.12813355,0.6504643769781786
0.12819086,0.6503045551917916
0.12822907,0.6501447336500474
0.12832458,0.6499849113364234
0.12836279,0.6498250890357489
0.12857293,0.6496652666335573
0.12874486,0.6495054441169928
0.12878306,0.6493456217912394
0.12882127,0.6491857989425451
0.12884037,0.6490259765571675
0.12884037,0.6488661545367966
0.1290314,0.648706333049055
0.12914604,0.6485465117418598
0.12912694,0.6483866896782905
0.12933707,0.6482268673707275
0.12935618,0.6480670453613891
0.12935618,0.6479072236403582
0.12941349,0.6477474015070097
0.12960452,0.6475875789439726
0.12962362,0.6474277562456016
0.12977645,0.647267933861092
0.12977645,0.647108111643641
0.12985286,0.6469482890430731
0.13004389,0.6467884663391984
0.12998658,0.6466286444572164
0.13013941,0.6464688219765128
0.13012031,0.646308999656005
0.13027315,0.6461491773918209
0.13033046,0.6459893554490284
0.13031135,0.6458295338739058
0.13027315,0.6456697117656527
0.13052149,0.645509889140826
0.13063611,0.6453500660297621
0.1305788,0.6451902426996103
0.13082714,0.6450304194962221
0.13082714,0.6448705963669983
0.13082714,0.6447107730778117
0.13076983,0.6445509502676326
0.13086535,0.6443911276998096
0.13101818,0.6442313053226361
0.1311519,0.6440714834338043
0.13092266,0.6439116609563973
0.13128562,0.6437518388666794
0.13132383,0.6435920171466026
0.13124742,0.6434321951125117
0.13143846,0.6432723729003046
0.1316295,0.6431125501337888
0.13151488,0.6429527274335174
0.13157219,0.6427929045013129
0.13161039,0.6426330812777455
0.13178232,0.6424732578029761
0.1316486,0.6423134347167695
0.13176322,0.6421536112608952
0.13172501,0.6419937878774344
0.13191605,0.6418339646867737
0.13193515,0.6416741420713463
0.13210708,0.6415143205435381
0.13201156,0.6413544983354906
0.13210708,0.6411946755378781
0.13218349,0.6410348526236906
0.13227901,0.6408750292872509
0.13233632,0.6407152057672697
0.13231722,0.6405553826421982
0.13241273,0.6403955596363176
0.13247004,0.64023573634808
0.13252735,0.6400759131628236
0.13250825,0.6399160900243301
0.13245094,0.6397562668888047
0.13266109,0.6395964433924786
0.13268019,0.6394366199682319
0.13266109,0.6392767967373425
0.1327375,0.63911697339545
0.13281392,0.6389571496935463
0.13300495,0.6387973262206089
0.13277571,0.6386375030431791
0.13289033,0.6384776792974588
0.13285212,0.6383178554422074
0.13302405,0.6381580313580721
0.13315777,0.6379982077432623
0.13302405,0.6378383845556017
0.13308136,0.6376785607095965
0.13319598,0.637518736984559
0.13319598,0.6373589139763597
0.13336791,0.6371990902086526
0.13334881,0.6370392666488576
0.13334881,0.6368794428621857
0.1332915,0.6367196186459152
0.13338701,0.6365597947860014
0.13352074,0.6363999702716862
0.13340612,0.6362401457041776
0.13344432,0.6360803212948891
0.13348253,0.635920497188738
0.13363536,0.6357606731472181
0.13371177,0.6356008490994568
0.13365446,0.6354410243445295
0.13369267,0.6352811997134231
0.13386461,0.6351213755059759
0.13374999,0.6349615512766871
0.13386461,0.6348017276314681
0.1338264,0.6346419037355261
0.13401744,0.6344820796330151
0.13396013,0.634322255777816
0.13403654,0.634162431905035
0.13396013,0.6340026075410804
0.13409385,0.6338427830065797
0.13403654,0.6336829584056913
0.13409385,0.6335231339941414
0.13415116,0.6333633096675313
0.13430399,0.6332034852387908
0.1343804,0.6330436612613991
0.13424668,0.6328838377116502
0.13417026,0.6327240137847046
0.1343613,0.632564189722532
0.13430399,0.632404364658826
0.13447592,0.6322445395789448
0.13434219,0.6320847150112519
0.1343804,0.6319248910016083
0.13453323,0.6317650662847902
0.13447592,0.6316052416144993
0.13447592,0.6314454173839434
0.13441861,0.6312855926004796
0.13459054,0.6311257679841386
0.13468605,0.630965943613671
0.13457143,0.6308061193205647
0.13468605,0.6306462951341106
0.13474336,0.6304864703839604
0.13476247,0.630326645188767
0.13478157,0.6301668200129128
0.13476247,0.6300069948268442
0.13483888,0.6298471694412136
0.13480067,0.6296873442752212
0.13495351,0.6295275193481004
0.13483888,0.6293676946706425
0.13501082,0.6292078694392857
0.13501082,0.6290480440290711
0.13502993,0.6288882190348906
0.13497262,0.628728394665361
0.13502993,0.6285685702432529
0.13508724,0.628408745741628
0.13518275,0.6282489211869615
0.13506813,0.628089096247724
0.13520186,0.6279292710810325
0.13502993,0.6277694465212783
0.13514455,0.6276096219078411
0.13510634,0.6274497976502378
0.13527827,0.627289973051794
0.13529737,0.6271301483489718
0.13524006,0.6269703233041106
0.13533558,0.6268104983124456
0.13524006,0.626650674174765
0.13539289,0.626490849733507
0.13527827,0.6263310252470067
0.1354311,0.6261712001414814
0.13539289,0.6260113753695774
0.13537379,0.6258515508099969
0.13548841,0.6256917260330984
0.13558392,0.6255319011773898
0.13537379,0.6253720759092546
0.13539289,0.625212250831782
0.13550751,0.6250524255038684
0.1354311,0.6248926002570121
0.13560303,0.6247327751327086
0.13569854,0.6245729497734974
0.13560303,0.624413124910509
0.13567944,0.6242533002095343
0.13550751,0.6240934753565536
0.13567944,0.623933650288768
0.13579406,0.6237738250243492
0.13579406,0.6236139994743962
0.13564123,0.623454174326495
0.13579406,0.6232943488047904
0.13564123,0.6231345230094739
0.13566034,0.622974697654745
0.13567944,0.6228148722624505
0.13577496,0.6226550467517561
0.13567944,0.6224952220521447
0.13587047,0.6223353977467546
0.13592778,0.6221755736697206
0.13585137,0.6220157494538803
0.13592778,0.621855924671086
0.13594688,0.6216960993051721
0.13600419,0.6215362739928455
0.13604242,0.6213764486048512
0.13602331,0.6212166228693026
0.13602331,0.6210567965952354
0.13604242,0.6208969707597823
0.13606152,0.6207371454760805
0.13625255,0.6205773205103376
0.13606152,0.620417495351329
0.13604242,0.6202576702527841
0.13600419,0.6200978449512193
0.13608062,0.6199380196093266
0.13625255,0.619778194503464
0.13613793,0.6196183686964046
0.13621435,0.6194585430273833
0.13627166,0.6192987174543862
0.13621435,0.6191388917379952
0.13613793,0.6189790660995631
0.13630986,0.6188192403091484
0.13632897,0.6186594143028977
0.13621435,0.6184995891498729
0.13636717,0.6183397643482309
0.13638628,0.6181799396704634
0.13634807,0.6180201145465718
0.13632897,0.6178602885008958
0.13629076,0.6177004628845022
0.13629076,0.6175406373309933
0.13648179,0.6173808120449256
0.13636717,0.6172209862443884
0.13625255,0.6170611603370868
0.13646269,0.6169013344826544
0.13638628,0.616741507813799
0.13657731,0.6165816820301186
0.13638628,0.6164218570217272
0.13652,0.6162620316302513
0.13642448,0.6161022059618749
0.1365009,0.6159423802201506
0.1365009,0.6157825546312156
0.13657731,0.6156227288781749
0.1365582,0.6154629035315348
0.1365582,0.6153030773714949
0.1365582,0.6151432516506385
0.13659641,0.6149834260951323
0.13657731,0.6148236002694193
0.1365582,0.6146637739328795
0.13667282,0.6145039479598987
0.13665372,0.6143441217930466
0.13667282,0.614184295803594
0.13669193,0.6140244696303204
0.13671103,0.6138646435443189
0.13665372,0.6137048181891772
0.13661551,0.6135449929532699
0.13680655,0.6133851671921944
0.13684475,0.6132253418445454
0.13678744,0.6130655163148355
0.13678744,0.612905690286889
0.13690206,0.6127458639063049
0.13684475,0.6125860377855602
0.13686386,0.612426211870474
0.13674924,0.6122663862250318
0.13684475,0.6121065606270478
0.13688296,0.6119467345077485
0.13673013,0.6117869080170069
0.13684475,0.6116270818187944
0.13694027,0.611467256312425
0.13673013,0.6113074305405041
0.13682565,0.6111476041336712
0.13692117,0.6109877778156171
0.13694027,0.6108279510155928
0.13692117,0.6106681241574211
0.13716951,0.6105082971998415
0.13697848,0.6103484703419262
0.13697848,0.6101886437384175
0.13692117,0.6100288170750192
0.13695937,0.6098689900517622
0.13697848,0.6097091634963968
0.13701668,0.6095493372074575
0.13705489,0.6093895107157034
0.13699758,0.6092296836765602
0.1370931,0.609069856711307
0.1371122,0.608910030125855
0.13703579,0.6087502040733722
0.13697848,0.6085903777499229
0.13705489,0.6084305515404075
0.1371122,0.6082707250191741
0.1371313,0.6081108981859946
0.1371122,0.6079510715261897
0.13705489,0.6077912446049777
0.1371313,0.6076314179248877
0.13715041,0.6074715910271706
0.13728414,0.607311764006696
0.13726504,0.6071519366841623
0.13718863,0.6069921102002087
0.13728414,0.6068322834876342
0.13720773,0.6066724568521531
0.13728414,0.6065126300442867
0.13734145,0.6063528037799413
0.13720773,0.6061929775443847
0.13720773,0.6060331512042492
0.13720773,0.6058733252120428
0.13739876,0.6057134989887906
0.13730325,0.6055536731561857
0.13730325,0.6053938464102102
0.13722683,0.6052340194774367
0.13745607,0.6050741926092071
0.13743697,0.6049143659914656
0.13730325,0.60475453941415
0.13732235,0.6045947128702136
0.13743697,0.6044348866886557
0.13728414,0.6042750606803318
0.13739876,0.6041152348779285
0.13743697,0.6039554089512638
0.13749428,0.6037955824580461
0.13747518,0.603635755505554
0.13736056,0.6034759291018734
0.13745607,0.6033161024226094
0.13745607,0.6031562756132627
0.13741787,0.6029964490657761
0.13741787,0.6028366227731857
0.13747518,0.6026767968011162
0.13751338,0.602516970133434
0.13757069,0.6023571433487159
0.13737966,0.6021973167530905
0.13743697,0.6020374898387019
0.13749428,0.6018776639262264
0.13751338,0.6017178377243918
0.13743697,0.6015580113624303
0.13757069,0.6013981853602476
0.13751338,0.6012383590521035
0.1375898,0.6010785325223543
0.13757069,0.6009187057680583
0.13755159,0.6007588792028972
0.137628,0.6005990530090164
0.13751338,0.6004392272128735
0.1375898,0.6002794016453964
0.13764711,0.600119576458382
0.13766621,0.5999597506284401
0.13764711,0.5997999247988612
0.13755159,0.5996400988471012
0.137628,0.5994802729219886
0.13764711,0.5993204474502061
0.13768531,0.5991606221143906
0.13757069,0.5990007964923867
0.13766621,0.5988409710221927
0.13764711,0.598681145667966
0.13770442,0.5985213201675779
0.13770442,0.598361494194184
0.13781904,0.5982016683989544
0.13779993,0.5980418427354874
0.13783814,0.5978820166504523
0.13764711,0.5977221907215139
0.13779993,0.5975623643019354
0.13772352,0.5974025379157933
0.1376089,0.5972427113338519
0.13776173,0.5970828843511614
0.13776173,0.596923057854714
0.13789545,0.5967632309249896
0.13779993,0.5966034042222993
0.13789545,0.5964435772771955
0.13770442,0.596283750026262
0.13779993,0.5961239230644741
0.13778083,0.5959640960063282
0.13785724,0.5958042692714342
0.13795276,0.5956444428907045
0.13791455,0.5954846165045572
0.13779993,0.5953247899355265
0.13793366,0.5951649631453225
0.13789545,0.5950051365035146
0.13783814,0.5948453096888306
0.13787635,0.5946854829340527
0.13793366,0.5945256564180204
0.13795276,0.594365830605777
0.13793366,0.5942060039878365
0.13793366,0.5940461773287086
0.13801007,0.593886350272561
0.13793366,0.5937265230162746
0.13802917,0.5935666952009069
0.13797186,0.5934068679789232
0.13791455,0.593247040929165
0.13801007,0.593087213782403
0.13799097,0.5929273870272693
0.13797186,0.5927675603307982
0.13789545,0.5926077337019975
0.13812469,0.5924479071502502
0.13804828,0.5922880801168329
0.13801007,0.5921282534129169
0.1381629,0.5919684272061653
0.13804828,0.5918086007806155
0.13806738,0.5916487744091293
0.13795276,0.591488947778568
0.13804828,0.5913291214844971
0.13802917,0.5911692954821595
0.13802917,0.5910094685421357
0.13804828,0.590849641258196
0.13812469,0.590689814699203
0.13806738,0.5905299883722492
0.13812469,0.5903701614791133
0.138182,0.5902103349765324
0.13806738,0.5900505084390633
0.13814379,0.5898906818073295
0.13810559,0.5897308544878268
0.138182,0.5895710269505465
0.13806738,0.5894112000934871
0.13806738,0.5892513735445635
0.13827752,0.5890915476856833
0.13814379,0.5889317214946537
0.13810559,0.5887718953104403
0.13822021,0.5886120692289174
0.13814379,0.5884522429477869
0.1381629,0.5882924174875526
0.13827752,0.5881325917463353
0.13822021,0.587972765954532
0.13814379,0.5878129401329772
0.138182,0.5876531140010062
0.13814379,0.5874932876050553
0.13825841,0.5873334607333175
0.138182,0.5871736343480992
0.13829662,0.5870138073996618
0.13827752,0.5868539805351435
0.13823931,0.5866941538579638
0.13814379,0.586534328099926
0.13827752,0.5863745015244402
0.13829662,0.5862146744000614
0.13829662,0.5860548470693332
0.13823931,0.5858950204072433
0.13823931,0.585735193749523
0.13831572,0.5855753668980987
0.13827752,0.5854155397567169
0.13837305,0.5852557131185245
0.13825841,0.5850958867319359
0.13831572,0.5849360602471756
0.13827752,0.5847762343795986
0.13827752,0.5846164083403217
0.13831572,0.5844565820344361
0.13837305,0.5842967556268289
0.13827752,0.5841369293090335
0.13844946,0.5839771026579986
0.13831572,0.5838172761540623
0.13837305,0.5836574497554882
0.13829662,0.5834976230704904
0.13825841,0.5833377966865139
0.13843036,0.5831779702619209
0.13833484,0.5830181439192568
0.13835394,0.5828583176498258
0.13833484,0.5826984912215807
0.13846856,0.5825386644771418
0.13848767,0.5823788373985149
0.13860229,0.5822190110680239
0.13825841,0.5820591843805543
0.13844946,0.5818993574279652
0.13837305,0.5817395306730176
0.13841125,0.5815797042352095
0.13843036,0.5814198774510916
0.13850677,0.5812600506308716
0.13854498,0.5811002234382973
0.13848767,0.5809403968185676
0.13844946,0.5807805703012505
0.13835394,0.5806207440074366
0.13846856,0.5804609173239965
0.13846856,0.5803010907792384
0.13852587,0.5801412644831011
0.13856408,0.579981438130187
0.13846856,0.5798216117924709
0.13843036,0.5796617848596709
0.13843036,0.5795019576711852
0.13852587,0.5793421307657838
0.13856408,0.579182303506794
0.13852587,0.5790224763030718
0.13854498,0.5788626492932134
0.13848767,0.5787028225935353
0.13856408,0.5785429951273601
0.13848767,0.5783831678816643
0.13852587,0.5782233408665306
0.13852587,0.5780635139816889
0.13860229,0.5779036871766329
0.13852587,0.5777438601738563
0.13852587,0.5775840328407035
0.13848767,0.5774242057477446
0.13854498,0.5772643786593677
0.13846856,0.5771045516313363
0.13844946,0.5769447251436193
0.13858318,0.5767848977292461
0.13854498,0.5766250703980729
0.13850677,0.5764652431424945
0.13858318,0.5763054156936467
0.13854498,0.5761455881740594
0.13846856,0.5759857600130596
0.1386787,0.5758259325655966
0.1386596,0.5756661053681722
0.13858318,0.5755062788499179
0.13858318,0.5753464520285874
0.13873601,0.5751866249366575
0.13875511,0.5750267980380089
0.1386978,0.5748669715731634
0.13862139,0.5747071450470626
0.13864049,0.5745473184511285
0.13854498,0.5743874916194679
0.13864049,0.5742276648033301
0.1386787,0.5740678379423958
0.13858318,0.5739080107254555
0.13864049,0.573748183143282
0.1386978,0.5735883559208557
0.13883153,0.5734285290266787
0.13856408,0.5732687016148503
0.1386787,0.5731088750485946
0.1386596,0.5729490485556319
0.13881242,0.572789222249638
0.13873601,0.5726293955302343
0.1386596,0.5724695684893292
0.13858318,0.5723097420896643
0.13871691,0.572149915613035
0.13877422,0.5719900889307877
0.13860229,0.5718302623595732
0.13852587,0.5716704353504058
0.1386978,0.5715106081802876
0.13875511,0.571350781082704
0.13879332,0.5711909535165909
0.13873601,0.5710311257735915
0.13864049,0.5708712982054701
0.13883153,0.5707114710095482
0.13864049,0.5705516444942362
0.13883153,0.5703918177929586
0.1386978,0.5702319901763637
0.13871691,0.5700721634892295
0.13871691,0.5699123364036998
0.13883153,0.5697525088377969
0.13886973,0.5695926813489463
0.13875511,0.5694328535936092
0.13877422,0.5692730261248017
0.13881242,0.5691131985207163
0.13898435,0.5689533713879044
0.13883153,0.5687935444601411
0.1386978,0.5686337174369402
0.13877422,0.5684738902418083
0.13877422,0.568314062973117
0.13875511,0.5681542360587578
0.13877422,0.567994408980771
0.13875511,0.5678345817183934
0.13886973,0.5676747541020088
0.13875511,0.5675149267429443
0.13885063,0.5673550996344258
0.13881242,0.567195272013155
0.13881242,0.567035444956056
0.13894615,0.5668756180631986
0.13881242,0.5667157912363889
0.13888884,0.5665559642666977
0.13890794,0.56639613687637
0.13881242,0.56623630945547
0.13886973,0.5660764824700989
0.13890794,0.5659166550933761
0.13888884,0.5657568274750816
0.13888884,0.5655969997932031
0.13888884,0.5654371731136919
0.13890794,0.5652773461177654
0.13894615,0.5651175192974559
0.13900346,0.564957692333009
0.13894615,0.564797864936508
0.13886973,0.5646380371858869
0.13894615,0.5644782098148117
0.13906077,0.5643183825647504
0.13886973,0.5641585552721158
0.13898435,0.56399872764582
0.13890794,0.5638389002289615
0.13888884,0.5636790735947645
0.13888884,0.5635192463864291
0.13902256,0.5633594189094074
0.13894615,0.5631995915904862
0.13898435,0.5630397645783767
0.13892704,0.5628799374189427
0.13888884,0.5627201100238596
0.13898435,0.5625602825859132
0.13902256,0.5624004546648861
0.13904166,0.562240626568552
0.13904166,0.5620807991332006
0.13906077,0.5619209716871546
0.13902256,0.5617611449591856
0.13911808,0.5616013179053921
0.13883153,0.5614414907898919
0.13909897,0.5612816636977027
0.13892704,0.5611218365843104
0.13896525,0.5609620088111885
0.13900346,0.5608021810091816
0.13904166,0.5606423531634555
0.13904166,0.5604825257507229
0.13902256,0.5603226979039625
0.13896525,0.5601628702673747
0.13909897,0.5600030428266136
0.13900346,0.559843215423577
0.13904166,0.5596833877993483
0.13907987,0.5595235595669817
0.13892704,0.5593637312500744
0.13906077,0.5592039030790126
0.13902256,0.5590440753999265
0.13909897,0.5588842474342227
0.13906077,0.5587244197866912
0.13904166,0.5585645923069014
0.13900346,0.5584047648035709
0.13913718,0.5582449375824722
0.13911808,0.5580851099918674
0.13919449,0.5579252825206208
0.13911808,0.5577654555713861
0.13909897,0.557605628115279
0.13909897,0.5574458004592147
0.13929,0.5572859727278174
0.13909897,0.5571261452231453
0.1392327,0.5569663177455454
0.1392327,0.5568064901173462
0.13906077,0.5566466624103212
0.13909897,0.5564868346995611
0.13932821,0.5563270068296484
0.13907987,0.5561671789729091
0.13904166,0.5560073516484098
0.13921359,0.5558475236876272
0.13915628,0.5556876961849146
0.1392327,0.5555278689557743
0.13911808,0.5553680415075033
0.13930911,0.5552082141726256
0.13902256,0.55504838660713
0.13906077,0.554888558927068
0.13915628,0.5547287313277429
0.1392518,0.554568903292169
0.13921359,0.5544090755925757
0.13911808,0.5542492477406088
0.13913718,0.554089420000247
0.1392709,0.5539295923122223
0.13921359,0.5537697651598684
0.1392518,0.5536099375957156
0.1392327,0.553450110278612
0.1392709,0.5532902829854255
0.13930911,0.5531304556642741
0.1392327,0.5529706283847747
0.13921359,0.5528108010175805
0.13911808,0.5526509733362246
0.1392327,0.5524911458526892
0.1392327,0.5523313183027414
0.13929,0.5521714909419312
0.13936642,0.5520116633683027
0.13936642,0.5518518359009665
0.13938552,0.5516920076340576
0.1392518,0.5515321798057139
0.13932821,0.5513723524782999
0.1392709,0.5512125250862052
0.13929,0.5510526970844166
0.13934731,0.5508928692570456
0.13934731,0.5507330418789278
0.13936642,0.5505732146018759
0.13930911,0.5504133875654341
0.13936642,0.5502535599934057
0.1392518,0.5500937320958751
0.1392327,0.5499339049243184
0.1392327,0.5497740775972222
0.13929,0.5496142502589545
0.13934731,0.5494544223553649
0.13930911,0.5492945945452538
0.13942373,0.5491347670916695
0.13936642,0.5489749388474281
0.1392518,0.548815110990389
0.13929,0.5486552842159775
0.1392327,0.5484954577807216
0.13921359,0.5483356307223854
0.1392709,0.548175803434211
0.13936642,0.5480159760407236
0.13932821,0.5478561486817175
0.13934731,0.5476963210416839
0.13938552,0.5475364937616796
0.13929,0.5473766664708436
0.13929,0.5472168394661392
0.13942373,0.5470570128442411
0.13929,0.5468971860542129
0.13930911,0.5467373583522696
0.13953836,0.5465775306393768
0.13940462,0.5464177031293627
0.13934731,0.5462578758214216
0.13951926,0.546098048328368
0.13934731,0.5459382210148808
0.13930911,0.5457783939023902
0.13942373,0.5456185666952696
0.13946193,0.5454587393721432
0.13938552,0.5452989119570716
0.13932821,0.5451390845267566
0.13950016,0.5449792577446363
0.13936642,0.5448194306767552
0.13946193,0.5446596037673536
0.13948105,0.544499776503845
0.13932821,0.5443399493453195
0.13946193,0.544180122062774
0.13951926,0.5440202947972607
0.13950016,0.5438604674846695
0.13936642,0.5437006402199799
0.13946193,0.5435408123772012
0.13948105,0.5433809841203999
0.13955747,0.5432211562319451
0.13944283,0.5430613285908524
0.13938552,0.5429015009589583
0.13959567,0.542741673316237
0.13953836,0.5425818456106062
0.13967209,0.5424220176240544
0.13951926,0.5422621897765694
0.13946193,0.5421023615770926
0.13955747,0.5419425334267693
0.13950016,0.5417827056524902
0.13946193,0.5416228781116686
0.13948105,0.5414630503101103
0.13953836,0.5413032226822241
0.13953836,0.5411433951518011
0.13946193,0.5409835674318195
0.13940462,0.5408237400467055
0.13965298,0.5406639122241643
0.13955747,0.540504084714262
0.13950016,0.5403442568078949
0.13957657,0.5401844292077764
0.13950016,0.540024601694287
0.13946193,0.5398647741179589
0.13953836,0.539704946838481
0.13955747,0.5395451192078783
0.13955747,0.5393852917931908
0.13955747,0.5392254637455337
0.1397294,0.5390656357084175
0.13953836,0.5389058077997801
0.13961478,0.5387459802012189
0.13951926,0.5385861522294204
0.13961478,0.5384263240919687
0.13980581,0.5382664961189056
0.13957657,0.5381066678984149
0.13967209,0.5379468406821059
0.13969119,0.5377870131311397
0.13978671,0.5376271860231974
0.13963388,0.5374673588718895
0.13969119,0.5373075313010327
0.13959567,0.5371477033059798
0.1397485,0.5369878754389246
0.13959567,0.5368280477116675
0.13967209,0.5366682199401855
0.13967209,0.5365083925100683
0.13969119,0.536348564902908
0.13969119,0.5361887371055348
0.13965298,0.536028909751145
0.13961478,0.5358690823278355
0.13961478,0.5357092545003762
0.13971029,0.5355494264077821
0.1397294,0.5353895984937057
0.13967209,0.5352297705656629
0.13969119,0.5350699422860937
0.13965298,0.5349101139881081
0.13967209,0.5347502865757842
0.13978671,0.5345904592235895
0.13982491,0.5344306323297687
0.1397294,0.5342708054440295
0.1397485,0.5341109786094463
0.13982491,0.5339511517674767
0.13984402,0.5337913249673792
0.13986312,0.5336314977424244
0.13978671,0.5334716703452211
0.13988222,0.5333118438043655
0.1397485,0.533152016880066
0.13988222,0.5329921901849164
0.13984402,0.5328323632769042
0.13990133,0.5326725363804349
0.13990133,0.5325127094514758
0.13982491,0.5323528818792325
0.13993953,0.5321930542065771
0.13992043,0.5320332266316777
0.13980581,0.5318733990158219
0.13980581,0.5317135715004526
0.13995863,0.5315537444265653
0.13984402,0.5313939170508929
0.13980581,0.5312340898882653
0.14007325,0.5310742629191576
0.13993953,0.530914435675128
0.14001594,0.5307546081608453
0.13990133,0.5305947807169314
0.1397676,0.5304349532361982
0.13999684,0.5302751262591224
0.13988222,0.5301152990789745
0.13986312,0.529955472449204
0.13995863,0.5297956456170959
0.13995863,0.529635818758802
0.13993953,0.529475991760333
0.13978671,0.529316164738032
0.13992043,0.5291563375415654
0.13995863,0.5289965106779014
0.13993953,0.5288366831129229
0.13990133,0.5286768559585096
0.14003505,0.5285170290941901
0.13986312,0.5283572024275202
0.13997774,0.5281973754210373
0.13999684,0.5280375476992196
0.13993953,0.5278777203071914
0.13992043,0.5277178924854906
0.14005415,0.5275580645373878
0.13992043,0.5273982364587849
0.13999684,0.527238408391903
0.14005415,0.5270785807414249
0.14007325,0.5269187529112209
0.14003505,0.5267589250126073
0.14003505,0.5265990974831118
0.14003505,0.5264392698797027
0.14005415,0.5262794424765724
0.14014967,0.5261196148810169
0.13993953,0.5259597868942598
0.14003505,0.525799958809212
0.14007325,0.5256401304949275
0.13993953,0.5254803025136615
0.14020698,0.5253204747014073
0.14013056,0.525160646984512
0.14014967,0.5250008192943052
0.14020698,0.524840991100408
0.14016877,0.5246811636153966
0.14003505,0.5245213357052347
0.14022608,0.5243615080179468
0.14009236,0.524201680317927
0.14013056,0.5240418529026172
0.14022608,0.5238820250472651
0.1403407,0.5237221978196454
0.14016877,0.523562370971359
0.14020698,0.523402544087914
0.14024518,0.5232427170543836
0.14026429,0.5230828902299655
0.14011146,0.522923063085922
0.14007325,0.5227632359609261
0.14009236,0.5226034091903017
0.14020698,0.5224435820087775
0.14041711,0.5222837548559763
0.14011146,0.5221239287731329
0.14026429,0.521964102033846
0.14011146,0.5218042760845978
0.14018787,0.5216444499248193
0.1403216,0.5214846236859654
0.14026429,0.5213247975872681
0.14003505,0.5211649714914514
0.14022608,0.5210051446814624
0.14024518,0.5208453185552525
0.1403216,0.5206854919552193
0.14026429,0.5205256652988944
0.14030249,0.5203658388112018
0.14026429,0.5202060122642286
0.14030249,0.5200461855063009
0.14024518,0.5198863587711814
0.1403216,0.5197265319780208
0.14045532,0.519566705003824
0.14030249,0.5194068779806604
0.1403216,0.5192470508409691
0.14024518,0.5190872242618846
0.1403407,0.5189273978339647
0.14022608,0.5187675707514581
0.1403216,0.5186077442044332
0.1403407,0.5184479177219191
0.14024518,0.518288091150243
0.14037891,0.518128264580171
0.14045532,0.5179684379878635
0.14043622,0.5178086113836465
0.14047442,0.5176487844074589
0.1403216,0.5174889577568332
0.14047442,0.5173291312062654
0.14037891,0.5171693045515033
0.14043622,0.5170094775128027
0.14041711,0.5168496508877608
0.14045532,0.5166898238774512
0.1403598,0.5165299968401357
0.14053173,0.5163701698289779
0.14039801,0.5162103421874776
0.14047442,0.516050514508227
0.1403216,0.5158906871978232
0.14043622,0.5157308597966779
0.14039801,0.5155710322792498
0.14045532,0.515411204965553
0.14051263,0.5152513777026846
0.14056994,0.5150915504474097
0.14053173,0.5149317237465393
0.1403598,0.5147718969366397
0.14062726,0.5146120698634539
0.14047442,0.5144522433548825
0.14051263,0.5142924157232314
0.14064637,0.514132588432984
0.14055084,0.5139727614566344
0.14047442,0.5138129340856462
0.14049353,0.5136531069631071
0.14058904,0.5134932798471668
0.14056994,0.5133334527559394
0.14060815,0.5131736260137914
0.14066547,0.5130137992983836
0.14068457,0.512853972533453
0.14058904,0.5126941464209017
0.14056994,0.512534319689741
0.14076099,0.512374492840096
0.14062726,0.5122146661600336
0.14062726,0.5120548392930118
0.14058904,0.5118950122325268
0.14056994,0.511735184718912
0.14058904,0.5115753572934758
0.1408183,0.5114155301996167
0.14070368,0.5112557030752564
0.14058904,0.5110958756644927
0.14070368,0.5109360489048733
0.14078009,0.5107762219052219
0.14060815,0.5106163944270375
0.14078009,0.510456567213796
0.14072278,0.5102967405204879
0.14064637,0.5101369136892282
0.14091381,0.5099770867676491
0.14072278,0.5098172599443181
0.14089471,0.5096574331706203
0.14087561,0.5094976064277701
0.14093292,0.5093377796341889
0.14078009,0.5091779525402574
0.14095202,0.5090181253194156
0.14076099,0.5088582981196105
0.14089471,0.5086984705109012
0.14089471,0.5085386430925369
0.14079919,0.5083788158846542
0.14091381,0.508218989253836
0.14089471,0.5080591628445933
0.14074188,0.5078993360829275
0.14099023,0.5077395091488102
0.14116216,0.5075796823120007
0.14095202,0.5074198556543303
0.1408374,0.5072600291036077
0.14093292,0.5071002026854623
0.14093292,0.5069403761016166
0.14089471,0.50678054956447
0.14095202,0.506620722805894
0.14089471,0.5064608955510712
0.14102843,0.506301067937368
0.14102843,0.5061412406851329
0.14102843,0.5059814135497367
0.14112395,0.5058215867648579
0.14093292,0.5056617601338192
0.14102843,0.5055019334707131
0.14100933,0.5053421064231611
0.14112395,0.5051822794803628
0.14099023,0.5050224523283118
0.14104754,0.5048626258086254
0.14110485,0.5047027992422248
0.14120036,0.5045429726682963
0.14120036,0.5043831454258649
0.14123857,0.5042233185349899
0.14127678,0.5040634912802378
0.14104754,0.5039036639887038
0.14123857,0.5037438369414724
0.14118126,0.5035840107571842
0.14118126,0.5034241838989891
0.14116216,0.5032643568953067
0.14112395,0.5031045295783191
0.14110485,0.5029447023276095
0.14112395,0.5027848745206133
0.14129588,0.5026250472213174
0.14118126,0.5024652195235829
0.14121947,0.502305391319146
0.14123857,0.5021455635209459
0.14135319,0.5019857364214085
0.1414105,0.5018259097594879
0.14129588,0.5016660831634596
0.1413914,0.5015062570196038
0.1414105,0.5013464305212436
0.14129588,0.5011866034760767
0.14123857,0.5010267763607996
0.14148691,0.5008669494416468
0.14135319,0.5007071227894909
0.14154422,0.5005472964752493
0.14144871,0.5003874704227004
0.14137229,0.5002276441093173
0.14146781,0.5000678174659292
0.14146781,0.49990799081747045
0.1414296,0.49974816365267016
0.14158243,0.49958833687064
0.14148691,0.4994285099695947
0.14152512,0.4992686833079279
0.14167795,0.4991088562294814
0.14148691,0.4989490293956394
0.14148691,0.4987892024031542
0.14150602,0.4986293753207359
0.14129588,0.49846954802101745
0.14150602,0.4983097209278821
0.14165884,0.4981498938643262
0.1414105,0.4979900670915352
0.14154422,0.4978302400868443
0.14158243,0.4976704126919226
0.14160153,0.49751058540483273
0.14169705,0.4973507581286065
0.14160153,0.4971909310312635
0.14167795,0.4970311037656247
0.14177346,0.4968712772265467
0.14160153,0.49671145116037463
0.14167795,0.4965516248811083
0.14175436,0.49639179878407014
0.14179258,0.49623197209658654
0.14181168,0.4960721457570338
0.14167795,0.4959123198495707
0.14181168,0.4957524936772613
0.14179258,0.4955926663127559
0.14200272,0.49543283948702593
0.14175436,0.495273013046758
0.1418881,0.4951131862300519
0.14196451,0.49495335944793273
0.14177346,0.4947935325632812
0.14186899,0.49463370553543823
0.14186899,0.4944738785161273
0.1419263,0.49431405202195816
0.14196451,0.494154225627423
0.14186899,0.493994399245022
0.14183079,0.49383457269650327
0.14198361,0.49367474599497907
0.1419263,0.493514919603688
0.14204092,0.4933550930158376
0.14196451,0.4931952664137028
0.14206003,0.49303543955795825
0.14211734,0.49287561271553293
0.14213644,0.49271578612230876
0.14200272,0.49255595945947944
0.14200272,0.4923961320863216
0.14204092,0.4922363049779205
0.14206003,0.4920764791045994
0.14211734,0.49191665214753105
0.14209823,0.49175682566309464
0.14213644,0.49159699872814955
0.14219375,0.49143717252496694
0.14211734,0.49127734606844575
0.14221285,0.49111751959312727
0.14221285,0.4909576930619479
0.14217465,0.4907978661909929
0.14219375,0.4906380397216585
0.14234658,0.49047821290256416
0.14232747,0.49031838607086314
0.14234658,0.49015855929937835
0.14232747,0.48999873284574325
0.14223196,0.48983890557824483
0.14223196,0.48967907874618866
0.1424612,0.4895192518432719
0.14238478,0.48935942499652585
0.14238478,0.4891995978769908
0.1424994,0.48903977116240943
0.14232747,0.4888799441009573
0.14225106,0.4887201171334276
0.14240389,0.4885602900584989
0.1424803,0.4884004634337609
0.14253761,0.4882406363975761
0.1424803,0.4880808093225986
0.1424803,0.48792098210540596
0.14253761,0.48776115550563265
0.1424803,0.4876013284699204
0.14257582,0.4874415015248715
0.14263313,0.4872816744312118
0.14263313,0.4871218478154651
0.14255671,0.4869620210333908
0.14267133,0.4868021944739499
0.14265223,0.4866423676260968
0.14265223,0.4864825407341373
0.14265223,0.48632271407507904
0.14267133,0.4861628872926999
0.14272864,0.48600306054762343
0.14272864,0.4858432334889905
0.14282416,0.48568340714716657
0.14270954,0.48552358064844847
0.14288147,0.48536375428017414
0.14274774,0.4852039276156719
0.14270954,0.4850441017575683
0.14280505,0.4848842755590265
0.14291967,0.48472444949253835
0.14291967,0.48456462329654393
0.14282416,0.4844047975458867
0.14282416,0.48424497192371885
0.14276685,0.48408514649397094
0.14272864,0.4839253208605221
0.14280505,0.48376549544572117
0.14291967,0.4836056704374102
0.1429579,0.48344584527939916
0.14288147,0.4832860199597014
0.14311072,0.4831261941970383
0.14301521,0.48296636860626424
0.1429961,0.4828065431530454
0.14305341,0.482646717797698
0.14303431,0.482486892010684
0.14307252,0.482327066303288
0.14311072,0.4821672399902755
0.14311072,0.48200741369707883
0.14322534,0.4818475874748237
0.14316803,0.48168776127763496
0.14318714,0.48152793534352983
0.14322534,0.4813681093666408
0.14320624,0.48120828350353934
0.14318714,0.48104845780597283
0.14324445,0.4808886322749038
0.14328265,0.48072880681255387
0.14330176,0.48056898175629426
0.14330176,0.4804091565709713
0.14324445,0.480249330802214
0.14330176,0.4800895048688573
0.14330176,0.47992967871733894
0.14353099,0.4797698535097489
0.14335907,0.4796100277789666
0.14337817,0.47945020175235836
0.14347368,0.4792903757696599
0.14333996,0.4791305504072181
0.14351189,0.47897072495050197
0.14347368,0.47881089941487964
0.1435501,0.4786510742816643
0.14353099,0.478491249571341
0.1435883,0.47833142461010736
0.14364561,0.47817159934892056
0.14351189,0.478011774077889
0.14372203,0.47785194866435754
0.14366472,0.47769212278051393
0.14351189,0.4775322969440749
0.14389396,0.47737247161456503
0.14370292,0.4772126467850139
0.14372203,0.47705282223042283
0.14360741,0.4768929975874798
0.14372203,0.4767331729722068
0.14377934,0.47657334798081397
0.14383665,0.47641352310172624
0.14385575,0.47625369776971876
0.14383665,0.4760938721615098
0.14402768,0.4759340466321082
0.14395127,0.4757742210141175
0.14385575,0.4756143956371942
0.14391306,0.4754545709603809
0.14395127,0.475294745758006
0.14397037,0.4751349200198641
0.14398947,0.47497509504385765
0.14404678,0.4748152703959297
0.14393216,0.4746554460522726
0.14412321,0.4744956212656784
0.14397037,0.4743357966507194
0.14418052,0.47417597141170564
0.14414231,0.47401614596285346
0.14414231,0.47385632023732543
0.14421873,0.47369649415099274
0.14410411,0.47353666862694554
0.14427604,0.4733768426921939
0.14425693,0.4732170179245838
0.14431424,0.4730571928445955
0.14435245,0.47289736790504594
0.14431424,0.4727375431774663
0.14431424,0.4725777177935268
0.14444797,0.47241789269733736
0.14444797,0.4722580670924409
0.14444797,0.4720982413414361
0.14439066,0.4719384153668985
0.14442886,0.4717785897188188
0.144639,0.47161876377795503
0.14456259,0.4714589380377642
0.14450528,0.47129911188087
0.14448617,0.47113928581445014
0.14454348,0.4709794597729142
0.144639,0.4708196342943343
0.14460079,0.4706598080986448
0.14467721,0.47049998146862165
0.14460079,0.4703401549331218
0.14475362,0.4701803289498448
0.14471541,0.47002050253241273
0.14483003,0.4698606756297172
0.14483003,0.4697008491851288
0.14481093,0.4695410228574602
0.14483003,0.46938119712458737
0.14494465,0.4692213714067996
0.14494465,0.4690615450110187
0.14498286,0.46890171921796014
0.14492555,0.46874189260557664
0.14496376,0.4685820660628395
0.14498286,0.4684222396680004
0.14500196,0.46826241277904274
0.14502107,0.468102585840427
0.14502107,0.4679427589567689
0.14509748,0.467782932580733
0.14511658,0.46762310672052093
0.14511658,0.46746328033928186
0.145193,0.4673034546045874
0.14509748,0.46714362923052577
0.14534584,0.4669838035981195
0.14534584,0.4668239775618038
0.14528853,0.4666641510271797
0.14532673,0.4665043248176562
0.14534584,0.4663444984195887
0.14546046,0.4661846719161591
0.14547956,0.46602484555573015
0.14540315,0.4658650191769694
0.14536494,0.46570519272524424
0.14551777,0.46554536695794474
0.14553687,0.46538554103423174
0.14542225,0.4652257151371778
0.14553687,0.46506588935592014
0.14557508,0.46490606401443024
0.14561328,0.4647462380557826
0.1457279,0.46458641196710143
0.14557508,0.464426585410025
0.1457088,0.46426675896985065
0.14576611,0.4641069326321513
0.14576611,0.4639471063270898
0.14582342,0.46378727982517165
0.14565149,0.4636274539376558
0.14584252,0.46346762792850615
0.14591894,0.46330780181641257
0.14603356,0.4631479750593841
0.14597625,0.4629881486712874
0.14589983,0.4628283218404767
0.14603356,0.4626684947620741
0.14599535,0.4625086680327562
0.14609087,0.46234884142490024
0.14607176,0.46218901439632454
0.14622459,0.46202918787719754
0.14633921,0.46186936212610863
0.1462819,0.4617095365549223
0.14618638,0.4615497110053249
0.14639653,0.46138988529593217
0.14639653,0.4612300598051373
0.1463201,0.4610702338561516
0.14637741,0.46091040725408544
0.14641564,0.4607505809936062
0.14656846,0.4605907540299212
0.14645384,0.4604309275515723
0.14645384,0.46027110114682834
0.14658757,0.46011127504077787
0.14664488,0.45995144925688825
0.14656846,0.4597916234037752
0.14666398,0.4596317979797537
0.14664488,0.4594719716288671
0.14674039,0.45931214481696253
0.14683591,0.45915231797192757
0.1467977,0.45899249133913206
0.14685501,0.4588326649799958
0.14689322,0.4586728385913478
0.14685501,0.4585130120562882
0.14706515,0.4583531855237828
0.14702694,0.4581933601712933
0.14706515,0.45803353473551106
0.14708425,0.45787370947679873
0.14710335,0.4577138837181307
0.14721797,0.45755405769648605
0.14727528,0.45739423135167573
0.14725618,0.45723440467582
0.14716066,0.45707457799943874
0.14729439,0.456914751363712
0.14727528,0.45675492509814963
0.1473899,0.456595098923202
0.14742811,0.45643527231489445
0.14746632,0.45627544590330704
0.14760005,0.4561156196441336
0.14750452,0.4559557932829342
0.14763826,0.45579596645754433
0.14752363,0.4556361400641344
0.14760005,0.45547631412877093
0.1478866,0.45531648769555594
0.14771467,0.45515666082803385
0.1478484,0.4549968340394496
0.14790571,0.45483700739811556
0.1478675,0.45467718093473275
0.14790571,0.4545173544541263
0.14800122,0.454357528409105
0.14809674,0.45419770227831396
0.14807764,0.4540378759752956
0.14821136,0.45387804979023294
0.14813495,0.45371822265284006
0.14813495,0.4535583960036168
0.14824957,0.4533985695168871
0.14830688,0.4532387424606595
0.14828777,0.45307891528845007
0.14828777,0.45291908831529637
0.1484215,0.45275926140805867
0.14840239,0.45259943498939326
0.1484215,0.45243960810695066
0.14853612,0.4522797814803463
0.14840239,0.4521199547189329
0.14859343,0.45196012774200556
0.14870806,0.4518003007677031
0.14878447,0.45164047381427536
0.14887999,0.4514806469998238
0.14878447,0.4513208201500131
0.14887999,0.4511609935375005
0.14887999,0.4510011666946509
0.14897551,0.4508413393091512
0.14889909,0.45068151238720194
0.14910923,0.4505216858017339
0.14907102,0.4503618590432928
0.14922385,0.45020203212587107
0.14924295,0.450042205549997
0.14918564,0.44988237874268283
0.14922385,0.4497225519974783
0.14928116,0.44956272518429047
0.14931937,0.4494028977374902
0.14945309,0.4492430713436219
0.1495295,0.4490832454480166
0.14964412,0.4489234194038468
0.14947219,0.4487635931831559
0.14958681,0.44860376741370894
0.14966322,0.4484439415568971
0.14983517,0.4482841155592927
0.14989248,0.44812428941016386
0.14993069,0.44796446265463236
0.14987338,0.44780463576236035
0.14991158,0.4476448086165531
0.15004531,0.44748498204226195
0.15006441,0.44732515501192777
0.15008351,0.4471653280661032
0.15017903,0.4470055000647309
0.15023634,0.4468456734445829
0.15017903,0.4466858467301761
0.15031275,0.4465260205635203
0.15031275,0.44636619415926077
0.15040827,0.4462063671199373
0.15052289,0.44604654057419413
0.1505993,0.4458867141669768
0.15050378,0.4457268871729015
0.1505993,0.44556706009548186
0.15065661,0.4454072338468795
0.15075213,0.4452474075711488
0.15079033,0.4450875809319986
0.15090495,0.44492775411031055
0.15080944,0.4447679269299632
0.15103869,0.4446081000189133
0.1510769,0.4444482728684191
0.15100048,0.4442884454426093
0.1510769,0.44412861805539705
0.15128703,0.44396879105182174
0.15121062,0.44380896410172976
0.15130614,0.44364913715537135
0.15145896,0.44348931043331147
0.15145896,0.4433294833971245
0.15151627,0.44316965659054386
0.15143986,0.44300982961934826
0.15172641,0.44285000281108206
0.15153538,0.4426901760887331
0.1516882,0.4425303497132814
0.15180282,0.442370522925132
0.15186013,0.4422106958028982
0.15201296,0.44205086837765684
0.15210848,0.44189104127687456
0.15197475,0.44173121440129254
0.15220401,0.4415713872856328
0.15208937,0.44141156018338323
0.15220401,0.44125173338570817
0.15220401,0.4410919069510789
0.15229952,0.44093208040396425
0.15231863,0.4407722536784509
0.15239504,0.440612427245267
0.15249056,0.44045260048665824
0.15247145,0.440292773148075
0.15260518,0.4401329457722002
0.15260518,0.439973118940426
0.152758,0.43981329208441877
0.15283442,0.43965346523219845
0.15281531,0.4394936390436471
0.15314007,0.43933381270235083
0.15292993,0.4391739865218712
0.15302545,0.43901416004584093
0.15314007,0.43885433382228195
0.15329291,0.43869450710701147
0.15342663,0.4385346806333432
0.15340753,0.43837485446967844
0.15350305,0.43821502820378555
0.15335022,0.4380552016012718
0.15352215,0.4378953749828398
0.15356036,0.4377355487730197
0.15365587,0.4375757224998976
0.15377049,0.4374158966521449
0.15390421,0.4372560711194595
0.15390421,0.43709624555959853
0.15392332,0.4369364192822288
0.15415256,0.4367765932926931
0.15405704,0.4366167664935905
0.15434359,0.4364569392055547
0.15436269,0.4362971122691032
0.15432449,0.43613728590860984
0.15453464,0.4359774595280815
0.15451553,0.4358176322542017
0.15455374,0.4356578054037988
0.15463015,0.4354979789167235
0.15468746,0.43533815244766294
0.15480208,0.43517832590574484
0.15495491,0.4350184992142669
0.15493581,0.4348586725556828
0.1548976,0.4346988455357256
0.15512684,0.43453901852621984
0.15506953,0.43437919147939574
0.15510774,0.4342193645058274
0.15526056,0.4340595381326651
0.15552801,0.43389971125233767
0.1554898,0.43373988468488084
0.15554711,0.4335800580264593
0.15550891,0.43342023149838427
0.15554711,0.43326040473424
0.15571906,0.4331005776738178
0.15589099,0.432940750781852
0.1559865,0.43278092398311124
0.1559674,0.4326210968320904
0.15612023,0.43246127018687935
0.15612023,0.4323014436241702
0.15621574,0.4321416167630165
0.15629216,0.43198178944217647
0.15636857,0.43182196236327547
0.15648319,0.4316621360105972
0.15652139,0.4315023094258909
0.15663601,0.43134248298766054
0.15661691,0.43118265568930103
0.15671243,0.43102282886161036
0.15694168,0.43086300147122536
0.1570372,0.4307031740588346
0.1570181,0.43054334703610225
0.15699899,0.4303835204151011
0.15715182,0.4302236935223639
0.15719002,0.4300638670951828
0.15738106,0.42990404042935504
0.15747657,0.42974421441980115
0.15751478,0.4295843884632508
0.1576485,0.4294245621892388
0.15772492,0.4292647352457818
0.15768671,0.42910490840065163
0.15785864,0.42894508136974424
0.15791596,0.42878525459704137
0.15808789,0.4286254278100487
0.15801148,0.42846560161294256
0.1581452,0.42830577521279145
0.15816431,0.42814594903368286
0.15824072,0.42798612238911743
0.15841265,0.4278262959074738
0.15852727,0.4276664690817933
0.15860368,0.42750664265667493
0.15875651,0.4273468155592778
0.15862279,0.4271869896290562
0.15885203,0.42702716412044944
0.15896665,0.4268673385670359
0.15910038,0.4267075120736985
0.15904307,0.4265476858710819
0.15906218,0.42638785990429723
0.15938693,0.4262280338892409
0.15938693,0.4260682078602519
0.15940604,0.4259083811811255
0.15963528,0.4257485547284721
0.15963528,0.42558872873191134
0.15969259,0.4254289034937021
0.15986452,0.42526907804720454
0.15990272,0.4251092516701825
0.16005555,0.4249494250459066
0.15994093,0.4247895987230582
0.16018929,0.4246297717130598
0.16013196,0.42446994475068406
0.16032301,0.4243101182934675
0.16039942,0.4241502919306736
0.16043763,0.42399046535188145
0.16053315,0.42383063848877794
0.16078149,0.4236708114032254
0.16072418,0.4235109844973431
0.16076238,0.4233511572412911
0.160877,0.42319133023134564
0.16099162,0.4230315033248835
0.16114445,0.4228716771837279
0.16120176,0.42271185080543405
0.16129728,0.4225520242591429
0.16122086,0.4223921979347997
0.16143101,0.4222323713698805
0.16160294,0.42207254515128045
0.16158384,0.42191271881743686
0.16175577,0.4217528924637052
0.16171756,0.4215930656461611
0.16173667,0.42143323881866857
0.16202322,0.4212734119811402
0.16209963,0.4211135853049863
0.16213784,0.4209537579448781
0.16215694,0.42079393066858606
0.16227156,0.4206341038310805
0.16232887,0.4204742766868253
0.16242439,0.4203144504987085
0.16257723,0.42015462401255727
0.16265364,0.419994796914999
0.16271095,0.41983497061918695
0.16282557,0.4196751440647717
0.16288288,0.4195153174557856
0.16307391,0.4193554904903744
0.16305481,0.4191956635245037
0.16311212,0.4190358368346423
0.16313122,0.4188760099871774
0.16324584,0.41871618309873443
0.16334136,0.41855635654255957
0.16349418,0.4183965301771364
0.16349418,0.41823670326727386
0.1635897,0.4180768762451827
0.1636088,0.4179170492281133
0.16383806,0.41775722193887854
0.16381896,0.4175973949276479
0.16387627,0.4174375674512649
0.16391447,0.4172777403757723
0.16402909,0.4171179132656346
0.16402909,0.4169580863999634
0.16422012,0.41679825995045555
0.16435385,0.41663843350979884
0.16435385,0.4164786076463949
0.16450667,0.4163187813314533
0.16456398,0.41615895464272945
0.16450667,0.41599912759463886
0.16458309,0.4158393009858363
0.16477412,0.4156794743786753
0.16483144,0.4155196476977261
0.16481234,0.4153598213876518
0.16511799,0.4151999946753651
0.16511799,0.4150401677488801
0.16511799,0.41488034117975037
0.16519441,0.41472051566935814
0.16530903,0.41456068971630183
0.16544275,0.4144008635285
0.16546185,0.41424103707131893
0.16553827,0.41408121044826024
0.16561468,0.4139213836277985
0.16567199,0.41376155668794223
0.16569109,0.41360172939323897
0.16578661,0.41344190237412026
0.16584392,0.41328207537545836
0.16586302,0.41312224841160583
0.16590123,0.4129624211238739
0.16601586,0.4128025934907892
0.1662069,0.4126427659287105
0.1662069,0.4124829388559322
0.1662069,0.4123231110859163
0.16637883,0.4121632836777347
0.16637883,0.4120034561782863
0.16643614,0.411843628949119
0.16658896,0.41168380160020174
0.16653165,0.41152397456896783
0.16666538,0.411364147300806
0.16670358,0.4112043209577175
0.16670358,0.41104449395547377
0.16677999,0.41088466669533347
0.16685641,0.41072483970171964
0.16691372,0.4105650122331535
0.16710477,0.4104051848287642
0.1672767,0.4102453574411131
0.16721939,0.4100855302226082
0.1673149,0.4099257035527972
0.16741042,0.4097658762887351
0.16744862,0.4096060490070288
0.16746773,0.40944622209629294
0.16742952,0.4092863949877831
0.16758235,0.4091265683620212
0.16765876,0.408966741809233
0.16765876,0.40880691491777127
0.1679071,0.40864708846053494
0.16781159,0.40848726156383985
0.16796441,0.40832743503374475
0.16798352,0.4081676086375923
0.16805993,0.40800778172134317
0.16815545,0.40784795482273967
0.16813634,0.4076881283556738
0.16825098,0.4075283017521844
0.1683656,0.40736847540835375
0.16842291,0.40720864853259064
0.16853753,0.40704882143513677
0.16844201,0.4068889941823125
0.1683656,0.40672916733090664
0.16869035,0.406569339833862
0.16865215,0.40640951270571263
0.16878587,0.4062496851362744
0.16880497,0.40608985788416496
0.16876677,0.40593003062879657
0.16884318,0.4057702033405236
0.16903421,0.40561037630728247
0.16909152,0.4054505490814706
0.16916794,0.40529072137133576
0.16909152,0.40513089398262997
0.16916794,0.4049710664496271
0.16932076,0.4048112389594574
0.16933987,0.4046514116878522
0.16932076,0.4044915841264915
0.1694545,0.4043317567071651
0.16960733,0.4041719293474523
0.16962643,0.40401210269060406
0.16962643,0.40385227568933446
0.16979836,0.40369244822165984
0.16987477,0.4035326208206116
0.16987477,0.403372793632268
0.16987477,0.4032129663373975
0.16991298,0.40305313908144313
0.17014222,0.40289331206884893
0.17029504,0.40273348531528813
0.17008491,0.40257365794039923
0.17029504,0.4024138306441138
0.17037146,0.40225400285022467
0.17048608,0.40209417489272725
0.17046697,0.40193434675575773
0.17061982,0.4017745191545705
0.17060071,0.4016146914758923
0.17067713,0.4014548641060022
0.17069623,0.40129503639167763
0.17077264,0.401135208621225
0.17082995,0.4009753809787356
0.17096367,0.4008155539926725
0.17094457,0.40065572693295787
0.1711356,0.40049589962718624
0.1711165,0.40033607272927774
0.17121202,0.4001762454864871
0.17128843,0.40001641862108633
0.17134574,0.39985659142503016
0.17144126,0.39969676410904204
0.17149857,0.3995369364585161
0.17165139,0.3993771082369794
0.17159408,0.39921728058505396
0.17163229,0.3990574531355133
0.17176603,0.3988976259248213
0.17182334,0.39873779888218924
0.17193796,0.39857797208785073
0.17203347,0.3984181454386856
0.17197616,0.3982583181112776
0.17210989,0.3980984903679655
0.17210989,0.3979386633017154
0.17212899,0.3977788362434183
0.17235823,0.3976190092521628
0.17241554,0.39745918147140785
0.17239644,0.3972993539901818
0.17241554,0.3971395266288666
0.17256837,0.39697969914175785
0.17285493,0.3968198720439167
0.17268299,0.396660044813601
0.17287403,0.39650021763441523
0.1727594,0.3963403900731212
0.17298865,0.3961805624238248
0.17298865,0.396020735293873
0.17319879,0.39586090806543683
0.17312238,0.39570108058890385
0.17340893,0.39554125339317125
0.17342803,0.39538142682466876
0.17340893,0.3952216001704756
0.17354265,0.39506177341309995
0.17350444,0.3949019467065972
0.17356175,0.394742119262271
0.17381009,0.3945822924100381
0.17377189,0.3944224648314368
0.1738483,0.39426263712319837
0.1738483,0.394102809797401
0.1738674,0.3939429830619813
0.17426859,0.39378315519638174
0.17407756,0.39362332698019936
0.17440231,0.39346349914159834
0.1743641,0.3933036711996297
0.17445962,0.3931438440457314
0.17457424,0.3929840167286466
0.17461245,0.3928241897752909
0.17465065,0.3926643630922948
0.17466976,0.392504535680137
0.17487989,0.39234470789315057
0.1749372,0.3921848797299206
0.17503272,0.39202505154753353
0.17505182,0.3918652239022599
0.17510913,0.39170539655694075
0.17505182,0.3915455692587731
0.17531928,0.39138574193035414
0.17551032,0.3912259143269837
0.17535749,0.3910660873502761
0.17562494,0.39090626012941293
0.17568225,0.3907464328289122
0.17564404,0.3905866055757539
0.17591149,0.39042677806696285
0.17575866,0.39026695010065005
0.17593059,0.39010712185070834
0.17615983,0.3899472938906648
0.17617893,0.3897874662843226
0.17638908,0.3896276388704308
0.17633177,0.38946781127901564
0.1764846,0.3893079833497337
0.17659922,0.3891481555414369
0.17663743,0.3889883274199506
0.17665653,0.3888284998692027
0.17690487,0.3886686716079568
0.17690487,0.388508843819067
0.17701949,0.3883490158757449
0.1770768,0.3881891879461951
0.17722963,0.3880293606283103
0.17722963,0.38786953320247325
0.17747799,0.38770970578590647
0.17749709,0.3875498778485259
0.17751619,0.3873900503857567
0.17776453,0.38723022315495764
0.17778364,0.38707039561609213
0.17776453,0.3869105677961108
0.17807019,0.3867507404197851
0.17803198,0.38659091270019064
0.17818481,0.3864310848331524
0.17820391,0.3862712572278863
0.17826122,0.3861114296540724
0.17835674,0.3859516016515589
0.17860509,0.38579177421190874
0.17858598,0.3856319465104215
0.17877702,0.3854721189728603
0.17894895,0.3853122915452807
0.17898716,0.38515246323839586
0.17900626,0.3849926347939117
0.17917819,0.38483280679365456
0.17936923,0.38467297843779796
0.17948385,0.38451315053911117
0.17942654,0.3843533231200039
0.17956026,0.3841934950265038
0.17950295,0.3840336674908656
0.17977041,0.38387384021763654
0.17988503,0.3837140127998711
0.18020979,0.38355418536296765
0.17998055,0.3833943573697334
0.1802671,0.38323452928143076
0.18038172,0.3830747011863643
0.18032441,0.3829148734494996
0.18059185,0.38275504615768857
0.18068737,0.38259521874609986
0.18076378,0.3824353909956039
0.1808975,0.38227556341891744
0.18106945,0.38211573652604885
0.18110766,0.38195590926430745
0.18129869,0.3817960823071656
0.181356,0.3816362554621186
0.18148972,0.3814764279668191
0.18156613,0.3813166005051619
0.18166165,0.38115677327292585
0.18190999,0.3809969458552009
0.18181448,0.3808371180541478
0.18206283,0.38067729087386865
0.18210104,0.380517464372044
0.18204372,0.38035763740947715
0.18236849,0.38019781070143016
0.182464,0.3800379833936324
0.18259773,0.37987815605762093
0.18275055,0.3797183283641815
0.18284607,0.3795585006921471
0.18292248,0.3793986718271739
0.183018,0.37923884340941555
0.18315172,0.3790790157609926
0.18318993,0.37891918801512753
0.18341918,0.37875936116577474
0.18357201,0.3785995345461937
0.18357201,0.3784397078562759
0.18385856,0.37827988098775106
0.18380125,0.3781200539363809
0.18397318,0.3779602265542684
0.18404959,0.37780039823388817
0.18437436,0.37764056997177803
0.18429793,0.3774807416063125
0.18446988,0.377320913473168
0.18468001,0.37716108585262725
0.18466091,0.3770012580736574
0.18479463,0.3768414312739998
0.18498567,0.37668160405038636
0.18502387,0.3765217767389019
0.1851958,0.3763619490267531
0.18536773,0.3762021216348505
0.18542504,0.3760422939657365
0.18542504,0.3758824657082577
0.18571161,0.3757226376433483
0.18590264,0.37556281009060855
0.18584533,0.3754029818295427
0.18617009,0.3752431541085549
0.1862656,0.37508332703408964
0.18638022,0.3749234996989614
0.18639933,0.37476367215525574
0.18664767,0.3746038443999733
0.18668589,0.3744440171516242
0.1867623,0.3742841899366643
0.18685782,0.374124362216652
0.18701065,0.37396453461189244
0.18714437,0.37380470666321625
0.1873354,0.37364487850267597
0.18741181,0.3734850506849683
0.18750733,0.37332522287978487
0.18769836,0.3731653950107393
0.18775567,0.37300556705678195
0.18802314,0.3728457398449063
0.18808044,0.3726859123970414
0.18813775,0.3725260855856042
0.18827148,0.372366258408137
0.18844341,0.3722064308206433
0.18848161,0.37204660379607246
0.18863444,0.3718867759723782
0.18880637,0.37172694834768427
0.18901652,0.3715671212290399
0.18907383,0.3714072940476171
0.18907383,0.3712474671401835
0.18922666,0.3710876401456359
0.18951321,0.37092781294007193
0.18951321,0.37076798543239303
0.18968514,0.3706081583082803
0.18985707,0.3704483303934603
0.18995258,0.37028850268777336
0.1900672,0.37012867519893045
0.19012453,0.36996884777490596
0.19039197,0.36980902074331906
0.19041108,0.3696491936241064
0.1905257,0.3694893668384075
0.19073583,0.36932953966017096
0.19062121,0.3691697127574435
0.19081225,0.3690098858146531
0.19079314,0.3688500591491271
0.19109879,0.3686902321308923
0.19123252,0.36853040531963466
0.19130895,0.36837057777651916
0.19140446,0.368210750753306
0.19153818,0.3680509242435992
0.19176742,0.367891097225529
0.19193935,0.36773127030624
0.19184384,0.3675714432746823
0.19192025,0.3674116166309002
0.19214949,0.3672517891652409
0.19224501,0.36709196163691626
0.19239783,0.3669321342633093
0.19245516,0.3667723068450984
0.19249336,0.3666124787211931
0.19258888,0.3664526501851059
0.19276081,0.3662928228758925
0.19299005,0.36613299508528174
0.19302826,0.36597316743040215
0.19310467,0.36581333899894214
0.19318108,0.3656535116267064
0.1932575,0.3654936839643452
0.19335301,0.365333856497138
0.19348674,0.36517402901895224
0.19363958,0.3650142016286047
0.1937542,0.3648543743111604
0.19381151,0.36469454634962933
0.19381151,0.3645347185050845
0.19407895,0.3643748906561308
0.19415537,0.36421506286608707
0.19425088,0.36405523536160306
0.19430819,0.3638954075830247
0.19453743,0.3637355799017794
0.19457564,0.36357575229055694
0.19459474,0.3634159250550371
0.19472848,0.3632560978906224
0.19493861,0.36309627074246753
0.19490041,0.36293644281280674
0.19503413,0.36277661483818235
0.19512965,0.3626167866225533
0.19528247,0.3624569591015802
0.19528247,0.36229713104304667
0.19547351,0.36213730309358005
0.19556902,0.361977475357182
0.19566454,0.3618176479130814
0.19581737,0.36165781975820305
0.19583647,0.36149799194538956
0.1959511,0.36133816374429767
0.19606572,0.3611783359420667
0.19600841,0.3610185082551105
0.19616124,0.3608586805681725
0.19631407,0.36069885297261584
0.19635227,0.3605390260431833
0.19663882,0.3603791986749409
0.19642869,0.3602193713839047
0.19665793,0.36005954383791305
0.19677255,0.35989971692741973
0.19694448,0.3597398899267229
0.19707821,0.35958006283293187
0.19707821,0.3594202353837537
0.19721194,0.35926040786342234
0.19713552,0.35910058013647944
0.19736476,0.35894075230556244
0.19742207,0.35878092463423866
0.197594,0.35862109729299085
0.19774683,0.35846126971308306
0.19774683,0.35830144244000683
0.19795696,0.35814161563788327
0.19797607,0.35798178884953424
0.19807158,0.35782196170699937
0.19812889,0.35766213433168254
0.19833905,0.35750230680357004
0.19837725,0.3573424796326792
0.19849187,0.3571826519633464
0.19854918,0.3570228244192919
0.1986829,0.3568629964035494
0.19881663,0.3567031685915463
0.19881663,0.35654334109400293
0.19895035,0.35638351395519957
0.19908407,0.35622368651610037
0.19914138,0.356063859161791
0.19929421,0.35590403147382516
0.19937064,0.35574420400428997
0.19950436,0.3555843767530568
0.19956167,0.3554245494193694
0.19969539,0.35526472188222724
0.1997336,0.35510489484388463
0.19982912,0.35494506741911747
0.19992463,0.3547852400980704
0.20000105,0.35462541297976846
0.20015387,0.3544655861386898
0.20051685,0.35430575912377266
0.20047864,0.35414593143030815
0.20040222,0.3539861043377152
0.20057416,0.35382627739542466
0.20068878,0.353666449621196
0.20076519,0.35350662170877034
0.20091802,0.35334679414672576
0.20089892,0.35318696654727577
0.20120457,0.35302713870461727
0.20120457,0.35286731097114343
0.20126188,0.35270748372686367
0.2014147,0.35254765697256973
0.20147201,0.3523878295999471
0.20166306,0.35222800220420664
0.20173948,0.35206817483189934
0.2018732,0.3519083472710936
0.20185409,0.35174851965942083
0.20200692,0.35158869247011754
0.20215975,0.35142886489670977
0.20235078,0.3512690370955535
0.20250361,0.35110920922508954
0.2024654,0.35094938216350097
0.20259912,0.35078955432569414
0.20277107,0.3506297266357397
0.20279017,0.35046989941686923
0.2029812,0.35031007208156567
0.20307672,0.35015024518058846
0.20315313,0.34999041726216806
0.20328686,0.34983058908108716
0.20340148,0.34967076153382776
0.2035161,0.34951093451414156
0.20380265,0.3493511069064204
0.20372623,0.34919127930386973
0.20384085,0.34903145233776545
0.204051,0.3488716252447637
0.20418473,0.348711798006173
0.20431845,0.3485519709808943
0.20441397,0.34839214385060974
0.20443307,0.34823231648346437
0.20450948,0.34807248897150284
0.20481513,0.3479126614024145
0.20485334,0.34775283386319045
0.20506348,0.3475930065320018
0.20506348,0.347433179416732
0.20517811,0.3472733526239215
0.20533094,0.34711352595326395
0.20536914,0.34695369869772946
0.20535004,0.3467938718363399
0.2056748,0.3466340448061669
0.20580852,0.34647421755855967
0.20598045,0.3463143898984421
0.20605686,0.34615456204573025
0.20619059,0.34599473399597536
0.20638163,0.34583490643916476
0.20641984,0.3456750789719721
0.20662998,0.34551525155280244
0.20670639,0.3453554249004012
0.20680191,0.34519559829772245
0.20701204,0.34503577127242036
0.20708846,0.34487594448837094
0.20716487,0.3447161168493644
0.2073177,0.34455628922300335
0.20756605,0.3443964617070947
0.20756605,0.3442366338122866
0.20773798,0.34407680614914893
0.20790991,0.3439169785024986
0.20813915,0.34375715055382683
0.20813915,0.3435973227862441
0.20833018,0.34343749551083563
0.20861675,0.34327766861563297
0.20869316,0.3431178415720107
0.20876957,0.3429580144382876
0.20882688,0.34279818689495556
0.20897971,0.3426383589736341
0.20901792,0.342478530805933
0.20926626,0.34231870295180006
0.20938088,0.3421588749657419
0.20941909,0.34199904706629974
0.20964833,0.3418392191646966
0.20987758,0.34167939191308405
0.20991579,0.3415195650419371
0.21014503,0.34135973777405515
0.21027875,0.3411999106032563
0.21041247,0.34104008351921444
0.21041247,0.34088025590977183
0.21060351,0.3407204284626333
0.21077543,0.34056060174437836
0.21083276,0.3404007740723668
0.211062,0.3402409468581889
0.21113841,0.34008111975116634
0.21144406,0.33992129267693877
0.21152048,0.33976146618211206
0.2116733,0.33960164019591954
0.21186434,0.33944181380233257
0.21195985,0.33928198678524346
0.21211269,0.33912215953278707
0.21211269,0.33896233186217883
0.21236104,0.3388025035441979
0.21259028,0.3386426757572058
0.21262848,0.3384828479113888
0.21283862,0.3383230200053747
0.21297234,0.3381631925440372
0.21312518,0.3380033655169759
0.2132016,0.33784353871390693
0.21350725,0.33768371172673345
0.21335442,0.33752388488853563
0.21366008,0.33736405798886304
0.21385111,0.33720423105198577
0.21406125,0.3370444030508475
0.21404214,0.3368845749379779
0.21446243,0.3367247471748147
0.21434781,0.3365649192358232
0.21455795,0.3364050914263659
0.21471077,0.3362452640685679
0.21476808,0.3360854371200771
0.21505463,0.335925610579522
0.21522656,0.33576578389424155
0.21524566,0.3356059570008047
0.21553223,0.33544613007859864
0.21555133,0.335286302990807
0.21572326,0.3351264756268098
0.21585698,0.33496664791021863
0.21604802,0.334806820461882
0.21606712,0.33464699329295966
0.21620084,0.3344871665822805
0.21631546,0.33432733934152514
0.21644919,0.33416751259693045
0.21644919,0.3340076850536882
0.21664023,0.3338478578747322
0.21683127,0.3336880306443089
0.21706051,0.33352820290637203
0.2170032,0.3333683743773188
0.21719423,0.3332085454667257
0.21730885,0.33304871685093423
0.21753809,0.3328888890011071
0.2176145,0.33272906093171395
0.21772914,0.33256923353942985
0.21776734,0.33240940685401255
0.21772914,0.33224958062646504
0.21814941,0.33208975385119655
0.21816851,0.3319299268885347
0.21828313,0.3317701002241228
0.21843596,0.3316102730911713
0.21834044,0.331450444980154
0.21855058,0.33129061671789634
0.21860789,0.33113078891951464
0.2187034,0.33097096152005784
0.21874161,0.3308111335779268
0.21895176,0.3306513060901967
0.21897087,0.3304914788725672
0.21912369,0.33033165234029893
0.21923831,0.33017182613397666
0.21931472,0.33001199929175223
0.21950576,0.3298521725097738
0.21950576,0.3296923451037728
0.21954396,0.32953251771047565
0.21965858,0.32937268987497126
0.21958217,0.3292128626518742
0.2197541,0.3290530354319575
0.2197732,0.3288932086381468
0.21983051,0.32873338199883206
0.22000244,0.3285735557611845
0.22015528,0.3284137296022396
0.22013618,0.32825390340094956
0.22028901,0.3280940774542422
0.22036542,0.32793425095078926
0.22019349,0.32777442429369985
0.2202699,0.32761459757208444
0.22036542,0.3274547708049594
0.22049914,0.32729494339991605
0.22049914,0.3271351162890238
0.22070928,0.3269752896022268
0.22061376,0.3268154625404673
0.22070928,0.32665563557669514
0.22063287,0.32649580848236365
0.22074749,0.32633598069403197
0.2208048,0.3261761525804528
0.22088121,0.3260163246028936
0.22091942,0.32585649708754655
0.22090031,0.32569666960338667
0.22093852,0.325536842017002
0.22111045,0.3253770142892763
0.22103404,0.3252171868197189
0.2213015,0.325057359981702
0.22118688,0.32489753325871157
0.22128239,0.3247377063942715
0.22128239,0.324577879250218
0.22128239,0.3244180519485382
0.22147343,0.32425822503921775
0.22137791,0.3240983983581381
0.22135881,0.3239385707224295
0.22154984,0.3237787436078196
0.22153074,0.32361891603858517
0.22164536,0.3234590886645548
0.22160715,0.3232992614353169
0.22166446,0.3231394343464854
0.22175997,0.3229796079633593
0.22170267,0.3228197811523924
0.22174087,0.3226599542439561
0.22183639,0.3225001274113593
0.22187459,0.3223403000735443
0.22175997,0.32218047184370946
0.2219319,0.322020643255839
0.22202742,0.32186081452856735
0.22197011,0.3217009866565317
0.22202742,0.32154115861856936
0.2219319,0.32138133080550946
0.22210383,0.3212215027900942
0.22212294,0.3210616750093982
0.22214204,0.32090184769099517
0.22218025,0.3207420200623528
0.22214204,0.3205821924727044
0.22235219,0.3204223646896415
0.22223756,0.32026253704695146
0.22231397,0.3201027092986618
0.22231397,0.31994288154559625
0.22225666,0.3197830532916296
0.22231397,0.3196232252056621
0.22235219,0.3194633970278406
0.2223713,0.3193035692699196
0.2223904,0.3191437415415876
0.2223713,0.318983913965718
0.22250502,0.3188240861517059
0.22235219,0.3186642583747421
0.22260053,0.3185044302579957
0.22246681,0.31834460239563583
0.22261964,0.3181847745751642
0.22258143,0.318024946521083
0.22261964,0.31786511873579787
0.22275336,0.31770529171684697
0.22275336,0.31754546487476687
0.22277246,0.31738563829867145
0.22271515,0.31722581162711755
0.22277246,0.3170659845654824
0.22286798,0.3169061572972533
0.22284888,0.31674633061740587
0.22282977,0.3165865037499459
0.22290619,0.31642667683280123
0.22294439,0.3162668497015716
0.22309722,0.3161070224214084
0.2230017,0.3159471951700798
0.2229826,0.3157873677410899
0.2230017,0.3156275408115713
0.22302081,0.3154677139350462
0.2229635,0.3153078867253866
0.22307812,0.31514805934484785
0.22294439,0.3149882314650479
0.22315453,0.31482840356383784
0.22319274,0.3146685761828174
0.22323094,0.3145087486685242
0.22323094,0.314348921067203
0.22317363,0.3141890940107021
0.22328825,0.3140292664020641
0.22332646,0.31386943884771673
0.22330736,0.31370961147748516
0.22346018,0.3135497836958351
0.22332646,0.3133899559796806
0.22338377,0.31323012810659207
0.22344108,0.31307029992790225
0.22351751,0.3129104719352258
0.22351751,0.3127506442984357
0.2234984,0.31259081641905323
0.22351751,0.312430988671145
0.2234984,0.31227116133175764
0.22344108,0.3121113342369744
0.22359392,0.3119515073506262
0.22359392,0.3117916803707101
0.22367033,0.31163185392249937
0.22378495,0.3114720270942868
0.22370854,0.31131219971537477
0.22372764,0.31115237219530145
0.22376585,0.31099254506328955
0.22378495,0.3108327181559106
0.22376585,0.3106728906584053
0.22372764,0.3105130629742339
0.22391868,0.31035323615021426
0.22393778,0.3101934091098683
0.22393778,0.31003358173384604
0.22389957,0.30987375487475977
0.22401419,0.3097139277985092
0.22397599,0.30955410046448184
0.22391868,0.30939427283200543
0.22412881,0.30923444435655006
0.2240333,0.30907461596292557
0.22410971,0.3089147878337363
0.22414792,0.30875495965587146
0.22416702,0.3085951321054762
0.22409061,0.30843530422805937
0.22420523,0.3082754763100726
0.22414792,0.3081156489275935
0.22418612,0.3079558216583174
0.22424343,0.307795993885655
0.22414792,0.3076361660427677
0.22424343,0.30747633803495167
0.22416702,0.3073165101094523
0.22435805,0.3071566817028164
0.22441536,0.3069968537446175
0.22449178,0.3068370265303825
0.22449178,0.3066771997171286
0.22447267,0.30651737302192045
0.22447267,0.3063575458899106
0.22447267,0.3061977187095081
0.22452998,0.306037891387761
0.22460639,0.3058780646174204
0.22454908,0.3057182370008045
0.22460639,0.3055584091374059
0.22464462,0.30539858157048727
0.22470193,0.30523875408333745
0.22474013,0.305078926102162
0.22472103,0.3049190981074982
0.22472103,0.3047592705530536
0.22487386,0.30459944303084635
0.22481655,0.304439615535553
0.22483565,0.3042797877270196
0.22485475,0.30411995977458595
0.22479744,0.30396013186165777
0.22493117,0.303800303939678
0.22485475,0.30364047569707325
0.22491206,0.3034806478419564
0.22517951,0.3033208206912172
0.22502668,0.30316099299970034
0.22506489,0.30300116547546885
0.22502668,0.3028413381761585
0.2251222,0.3026815110728439
0.22521771,0.30252168419956155
0.22527502,0.30236185722760134
0.2251413,0.3022020298726104
0.22527502,0.3020422029656667
0.22521771,0.3018823755251028
0.22523682,0.3017225475866182
0.22535144,0.30156271995997674
0.22535144,0.3014028918817712
0.22523682,0.3012430647457217
0.22537054,0.30108323730058884
0.22542785,0.3009234098690114
0.22540875,0.3007635822415084
0.22546606,0.30060375511301757
0.22550426,0.30044392750690974
0.22565709,0.30028409979014326
0.22563799,0.30012427204506964
0.22550426,0.2999644440556518
0.22558068,0.299804616069776
0.22567619,0.29964478822379864
0.22565709,0.29948496083541154
0.22567619,0.2993251326567836
0.22575261,0.29916530460033514
0.22588634,0.2990054768479294
0.22592455,0.298845649274187
0.22575261,0.29868582167816693
0.22582904,0.298525994413684
0.22579083,0.2983661669068686
0.2257335,0.29820633886141473
0.22607738,0.29804651072151606
0.22609648,0.29788668235333315
0.22605827,0.29772685458876336
0.22611558,0.2975670267531484
0.22615379,0.2974071988756143
0.2262111,0.29724737122685857
0.22611558,0.29708754370893176
0.22615379,0.29692771669396145
0.22617289,0.2967678899679477
0.2262302,0.2966080634323247
0.22634482,0.2964482372842394
0.22638303,0.2962884099423456
0.22638303,0.29612858303929823
0.22644034,0.29596875545999546
0.22657406,0.2958089274127086
0.22645944,0.2956490992530444
0.22657406,0.29548927143910053
0.22657406,0.29532944387486115
0.22670779,0.2951696162535492
0.22665048,0.2950097884442449
0.22665048,0.29484996074921926
0.22674599,0.29469013324807475
0.2267651,0.29453030612549547
0.22668868,0.2943704788435853
0.22684151,0.2942106508443717
0.22686061,0.2940508238354434
0.22689882,0.2938909969875061
0.22705166,0.29373117042332747
0.22707076,0.2935713433358996
0.22707076,0.2934115160420595
0.22720449,0.29325168874165886
0.22710897,0.2930918611659837
0.22707076,0.2929320337824457
0.22712807,0.29277220649671165
0.22739552,0.2926123791849745
0.22724269,0.2924525516002284
0.22733821,0.29229272392045713
0.22731911,0.2921328957307404
0.22735731,0.29197306786386595
0.22737642,0.29181324010705484
0.22745283,0.2916534126999053
0.22758655,0.291493584583599
0.22766297,0.2913337567036215
0.22760566,0.29117392853962243
0.227854,0.2910141010624689
0.22773938,0.2908542733245903
0.22768207,0.290694445481723
0.22781579,0.29053461744974474
0.22794951,0.2903747900173878
0.22798772,0.290214962951346
0.22791131,0.2900551355188992
0.22800682,0.28989530818164155
0.22804503,0.2897354813500164
0.22812146,0.28957565415659153
0.22815967,0.28941582717380987
0.22831249,0.28925600060153484
0.22829339,0.2890961742113097
0.22825518,0.2889363476843387
0.2283698,0.28877652135834586
0.22846532,0.2886166943510347
0.22852263,0.28845686719673524
0.22854173,0.28829704034760284
0.22846532,0.28813721288621075
0.22873276,0.28797738557018004
0.22871366,0.28781755819727856
0.22869456,0.28765773103233744
0.22877097,0.28749790403139236
0.2289238,0.2873380767841813
0.2289429,0.2871782495694641
0.22898111,0.28701842240345965
0.22901931,0.2868585950864854
0.22924857,0.2866987680761216
0.22922945,0.2865389411865846
0.22917214,0.2863791143593465
0.22926767,0.2862192874752115
0.2294205,0.28605946124472076
0.22938229,0.2858996349839283
0.22955422,0.28573980856380643
0.22957332,0.28557998162227294
0.22957332,0.28542015480306193
0.22982167,0.2852603280159235
0.22972615,0.2851005019742358
0.22987898,0.284940674380064
0.22993629,0.2847808472377394
0.22995539,0.28462102044408777
0.23018463,0.28446119418636406
0.23016553,0.284301368042155
0.23026104,0.28414154210196396
0.23028015,0.28398171581300036
0.23037566,0.2838218895903822
0.23043299,0.28366206349980577
0.2305285,0.28350223759609866
0.23054761,0.28334241108629676
0.23066223,0.28318258440285
0.23075774,0.28302275795138565
0.23091057,0.28286293248106414
0.23092967,0.28270310703546453
0.23094878,0.28254328174177723
0.2310634,0.2823834572483506
0.2311016,0.28222363211278256
0.23133084,0.28206380672347214
0.23140725,0.2819039822096837
0.23152187,0.2817441566303265
0.23161741,0.28158433125404725
0.2315983,0.28142450556275245
0.23190396,0.2812646799740948
0.23186575,0.2811048546291374
0.23198037,0.28094502892086126
0.23207588,0.28078520337180346
0.23207588,0.28062537787808683
0.2321905,0.28046555200675916
0.23236243,0.2803057259514724
0.23259167,0.2801458995281049
0.23274451,0.27998607301574907
0.23270631,0.27982624587473276
0.23284003,0.27966641900421524
0.23287824,0.2795065906013073
0.23297375,0.2793467618550404
0.23320299,0.2791869334211802
0.23333672,0.27902710522081614
0.23345134,0.27886727770148334
0.23360416,0.2787074505155471
0.23373789,0.2785476230415452
0.23377609,0.27838779597503027
0.23390983,0.27822796818355805
0.23410086,0.2780681399994217
0.234311,0.2779083124639901
0.23444472,0.2777484837462038
0.23454024,0.2775886544196298
0.23467396,0.277428824566125
0.2349223,0.2772689943460106
0.23503694,0.27710916395865925
0.23511335,0.2769493337600742
0.23532349,0.2767895034671036
0.23545721,0.27662967287293794
0.23555273,0.2764698416282929
0.23591569,0.27631001014273965
0.23603031,0.2761501794348609
0.23624046,0.2759903491952625
0.23641239,0.2758305188608274
0.23671804,0.2756706875156071
0.23669894,0.275510856636411
0.23696639,0.2753510256965885
0.23721473,0.27519119446491735
0.23738667,0.27503136240136594
0.2375204,0.27487152990497804
0.23784515,0.2747116974173183
0.23794067,0.2745518647165109
0.23834184,0.27439203227087017
0.23839915,0.27423219946729105
0.23866661,0.2740723669259394
0.23908688,0.2739125349924055
0.2391824,0.27375270382836747
0.23937343,0.2735928728661835
0.23956446,0.27343304265943924
0.23981282,0.27327321219391093
0.24009937,0.2731133817756422
0.24036682,0.2729535510000276
0.24069157,0.2727937208047685
0.24088262,0.2726338903454385
0.24118827,0.27247405998061053
0.24137931,0.27231423008208383
0.24170406,0.2721544000580505
0.24193332,0.2719945701309208
0.24223897,0.27183474066350405
0.24256372,0.2716749119107873
0.24294579,0.2715150821842827
0.24307953,0.27135525106819697
0.24336608,0.27119541966750876
0.24370994,0.27103558835552755
0.24401559,0.27087575671340536
0.24426395,0.2707159258248322
0.24464601,0.2705560948836274
0.24487525,0.27039626437630143
0.2451618,0.2702364341878861
0.24544837,0.27007660386738025
0.24577312,0.2699167736824601
0.24590684,0.2697569426596772
0.24636532,0.2695971113956685
0.24647994,0.2694372801693042
0.2467092,0.2692774486583814
0.24716768,0.26911761678012436
0.24720588,0.26895778494013284
0.24766438,0.2687979530532473
0.24789362,0.2686381212518502
0.24797003,0.268478289411476
0.2483903,0.26831845785529024
0.24848582,0.26815862622065395
0.24894431,0.26799879421421446
0.24903983,0.2678389617903729
0.2494792,0.26767913001843974
0.24968934,0.2675192982875057
0.24986127,0.26735946655488696
0.25007144,0.2671996349761472
0.25030068,0.2670398031739693
0.25031978,0.26687997243335215
0.25068274,0.2667201414133567
0.25083557,0.266560310526272
0.25108391,0.266400479736572
0.25127494,0.2662406489482678
0.25154239,0.26608081887304086
0.25165701,0.26592098902179045
0.25184804,0.2657611585659457
0.25198177,0.2656013288170856
0.25215369,0.2654414983420498
0.25244027,0.2652816679836602
0.252574,0.2651218373697383
0.25268862,0.2649620054707345
0.25287965,0.2648021733096311
0.25308979,0.26464234097180733
0.25320441,0.2644825091622875
0.25343364,0.2643226777086837
0.25358647,0.26416284615650565
0.25362468,0.2640030147075666
0.25383481,0.26384318277715607
0.25398764,0.2636833512342617
0.25423598,0.2635235192004782
0.25421688,0.2633636877450295
0.25444612,0.2632038564571209
0.25457987,0.26304402504593677
0.25465629,0.26288419357162407
0.25484732,0.26272436223950085
0.25498104,0.26256453049542944
0.25517207,0.2624046981138979
0.25526759,0.2622448651906773
0.25536311,0.2620850317008832
0.25551593,0.2619251986938513
0.25572607,0.2617653658203811
0.25576428,0.2616055331248647
0.25595531,0.2614456998092851
0.25612724,0.2612858667015121
0.25612724,0.26112603318319166
0.25631827,0.26096619940435956
0.25643289,0.2608063654532312
0.25660482,0.26064653085627143
0.25666213,0.2604866961278815
0.25694871,0.260326861386481
0.25700602,0.26016702674464237
0.25719705,0.2600071926616697
0.25725436,0.2598473584986996
0.25736898,0.25968752433898146
0.2575027,0.25952769046704754
0.25763643,0.259367856514537
0.25769374,0.2592080223731198
0.25794208,0.25904818845526373
0.25798029,0.2588883544134719
0.25828594,0.25872852069305163
0.25841966,0.25856868649516734
0.25855339,0.2584088530995744
0.25855339,0.25824901962625385
0.25882083,0.2580891864632823
0.25895455,0.25792935333904465
0.25905007,0.2577695201772509
0.25918382,0.2576096871491988
0.25933665,0.25744985375945556
0.25952768,0.25729002036326054
0.25973782,0.2571301877278725
0.25983334,0.25697035536774115
0.25992885,0.25681052326534304
0.2602345,0.25665069120129463
0.2601963,0.25649085912612685
0.26044464,0.2563310268270751
0.26059747,0.2561711940720815
0.26071209,0.25601136171573435
0.26082671,0.2558515295301908
0.26109415,0.2556916966226311
0.26130429,0.25553186414981605
0.2613807,0.25537203176038153
0.26162907,0.2552122000769441
0.26166728,0.25505236781312923
0.261801,0.2548925346982506
0.26204935,0.2547327014067726
0.26216397,0.25457286818520897
0.26245052,0.25441303492931316
0.26243141,0.25425320122236195
0.26264155,0.2540933676817932
0.26279438,0.25393353446084527
0.262909,0.2537737013521501
0.26300451,0.253613868248587
0.26346299,0.253454034485839
0.26355851,0.25329420071207204
0.26361582,0.25313436669076744
0.26382598,0.2529745326260758
0.26395971,0.2528146989108568
0.26418895,0.2526548655571417
0.26428446,0.2524950324397549
0.2645328,0.25233519866556064
0.26460922,0.25217536481130587
0.26485756,0.252015531326354
0.26499128,0.25185569847306744
0.26502949,0.2516958659413997
0.26523963,0.2515360333779107
0.26548797,0.251376200551913
0.2656408,0.2512163674264589
0.26581272,0.2510565341071934
0.26600376,0.2508967013986191
0.26613751,0.25073686835356496
0.26634765,0.2505770353926621
0.26655778,0.2504172022240256
0.2666724,0.2502573692568805
0.26674882,0.2500975359960663
0.26692075,0.2499377018612022
0.26730281,0.2497778680465821
0.26743653,0.24961803479341874
0.26749384,0.2494582016537997
0.2678377,0.249298368539474
0.26787591,0.2491385351329114
0.26810515,0.24897870192902347
0.26835349,0.24881886920499321
0.26842993,0.248659036760425
0.26864007,0.24849920408761747
0.2688311,0.248339372242142
0.26902214,0.24817954017312854
0.26913676,0.24801970804683876
0.26928958,0.24785987537176518
0.26959524,0.24770004247764044
0.26970986,0.24754021006573595
0.26991999,0.24738037755521144
0.27007282,0.24722054469738905
0.27028295,0.2470607111819114
0.27035937,0.2469008783260192
0.2705504,0.24674104625434748
0.27079877,0.24658121481826406
0.27091339,0.24642138327398896
0.27125725,0.24626155156915375
0.27125725,0.24610171957125737
0.27146739,0.245941888400009
0.27171573,0.24578205723474886
0.27198318,0.24562222572128264
0.27194497,0.2454623933946593
0.27221242,0.24530256101679493
0.27240345,0.24514272861373945
0.27246076,0.24498289559511396
0.27278551,0.24482306262672307
0.27291924,0.24466322952146088
0.27314851,0.244503396918616
0.27330133,0.2443435643369738
0.27351147,0.24418373210460112
0.27358788,0.24402389974118155
0.27379802,0.24386406733385196
0.27414188,0.24370423591588883
0.2742756,0.2435444045988619
0.27442843,0.2433845732994029
0.27456215,0.24322474208953365
0.27481049,0.24306491092224372
0.2748678,0.24290507960030316
0.27513525,0.24274524824998056
0.27532631,0.24258541639408743
0.27551734,0.24242558495586852
0.27565107,0.24226575361729366
0.27589941,0.24210592121061517
0.27610955,0.2419460891028265
0.27624327,0.24178625690792935
0.2764343,0.2416264249794605
0.27672085,0.24146659280370716
0.27670175,0.24130676074622545
0.27687368,0.2411469290408091
0.27710292,0.24098709790146353
0.27738947,0.2408272672751925
0.27759963,0.24066743638306812
0.27767605,0.2405076048267244
0.27788618,0.24034777308123614
0.27811542,0.2401879416512887
0.27823004,0.24002810963713928
0.27836376,0.2398682779824746
0.27853569,0.23970844611191996
0.27872673,0.23954861507185113
0.27895597,0.23938878507871436
0.27918521,0.23922895559111604
0.27928072,0.23906912637694128
0.27950996,0.2389092979663568
0.2797392,0.23874947009120148
0.27989206,0.23858964283452025
0.28006399,0.23842981634620042
0.28023592,0.23826998999445753
0.28042695,0.23811016355882106
0.2806944,0.23795033771840474
0.28084722,0.23779051193655973
0.28111467,0.2376306862069464
0.28119108,0.23747086024331845
0.2813248,0.23731103426408892
0.28157315,0.23715120825532401
0.28164956,0.23699138252618768
0.28184059,0.23683155738612532
0.28224179,0.2366717327876418
0.28224179,0.2365119078874129
0.28249013,0.23635208256240042
0.28262386,0.2361922575343603
0.28283399,0.2360324330688312
0.28296772,0.23587260870986837
0.28312054,0.23571278398651557
0.28338799,0.23555295929838505
0.28355992,0.23539313413423027
0.28390378,0.23523330901306536
0.28407571,0.23507348419444368
0.28413302,0.234913659524296
0.28441957,0.23475383452452098
0.28461063,0.23459401041850816
0.28466794,0.23443418644334157
0.28491628,0.23427436354904688
0.28505,0.23411454003396973
0.28524104,0.23395471701309797
0.28556579,0.23379489369077847
0.285604,0.23363507062929445
0.28569952,0.23347524736526362
0.28604338,0.23331542433176922
0.28632993,0.23315560087151574
0.28640634,0.2329957776260328
0.28661647,0.23283595434362647
0.28678843,0.23267613124394537
0.28699857,0.23251630747337296
0.28722781,0.23235648351303606
0.28745705,0.232196659595754
0.28759077,0.2320368359843902
0.28770539,0.23187701197160285
0.28797284,0.2317171879765146
0.28812566,0.23155736401916802
0.28827849,0.23139753996344078
0.28850773,0.23123771627266845
0.28866056,0.23107789302144496
0.2889089,0.23091806943447515
0.28898531,0.2307582453201524
0.28921458,0.23059842112927817
0.28957754,0.2304385969611562
0.28971127,0.23027877267420324
0.28980678,0.23011894865313742
0.2899214,0.22995912450484346
0.29024616,0.22979930049578126
0.29036078,0.2296394769828849
0.29060912,0.2294796543384098
0.29059002,0.22931983092963423
0.29099119,0.22916000700427042
0.29112491,0.22900018347056927
0.29135415,0.22884035992657822
0.29139239,0.2286805360976302
0.29177445,0.2285207123289068
0.29198459,0.22836088886799502
0.29215652,0.22820106527060013
0.29225203,0.22804124163837963
0.29236665,0.22788141800643028
0.29267231,0.22772159464685726
0.29282513,0.22756177150233758
0.29301617,0.22740194783627016
0.2932263,0.22724212450379738
0.29336002,0.22708230117185385
0.29366568,0.22692247790028722
0.29395226,0.22676265453152186
0.29402867,0.22660283110532337
0.2942197,0.22644300753952953
0.29437253,0.22628318370060452
0.29460177,0.22612336011072975
0.2947737,0.22596353603312566
0.29498383,0.22580371214271075
0.29517487,0.2256438883276093
0.2953468,0.22548406468888477
0.29549962,0.22532424115255578
0.29578617,0.22516441783549535
0.295939,0.2250045943703521
0.29599634,0.22484477089207186
0.2963593,0.22468494771867947
0.29656944,0.2245251242323094
0.29662675,0.22436530106555214
0.29679868,0.2242054781064581
0.2969515,0.22404565450951444
0.29710433,0.22388583070135434
0.29729536,0.2237260071254338
0.29758191,0.22356618393077718
0.29767743,0.22340636084809481
0.29786846,0.2232465380124601
0.2981168,0.22308671452210338
0.29836518,0.2229268907010264
0.29844159,0.2227670669786381
0.29868993,0.2226072434407879
0.29893827,0.22244741935838644
0.29920572,0.22228759539246026
0.29924393,0.22212777150335702
0.29945406,0.22196794792903304
0.2996642,0.22180812447284445
0.29995075,0.22164830092464424
0.30002716,0.2214884770635881
0.30008447,0.22132865321525055
0.30050474,0.22116882986213976
0.3006385,0.22100900635277473
0.30086774,0.2208491826056874
0.30096325,0.2206893585234079
0.30111608,0.2205295347605326
0.30147904,0.22036971144478976
0.30159366,0.22020988895202348
0.30176559,0.22005006654459972
0.30197573,0.21989024390541947
0.30220497,0.2197304203199016
0.30228138,0.21957059683542954
0.30251062,0.219410773617287
0.30283538,0.219250949775547
0.30296913,0.2190911258768475
0.30312195,0.21893130194722707
0.30323657,0.2187714784863138
0.30344671,0.21861165493974802
0.30369505,0.2184518315823878
0.30388609,0.21829200859181458
0.30405802,0.2181321857858973
0.30422994,0.21797236240674178
0.30444008,0.21781253843219608
0.30463111,0.21765271449604148
0.30487946,0.21749289093919758
0.30507049,0.21733306736719812
0.30520424,0.21717324401892207
0.30539528,0.2170134207396456
0.3055481,0.21685359732238396
0.30583465,0.21669377378112026
0.30596837,0.2165339502922907
0.30619761,0.2163741267701666
0.30636954,0.21621430364267613
0.30657968,0.2160544801242597
0.30690444,0.21589465696540916
0.30701905,0.215734833699073
0.3072865,0.21557501041862398
0.30747753,0.21541518755117506
0.30743933,0.2152553644203326
0.30778322,0.2150955415664552
0.30795515,0.21493571831296876
0.30812708,0.214775895341651
0.30843273,0.21461607229128885
0.30850914,0.21445624912606287
0.30875748,0.21429642639214289
0.30879569,0.21413660372549997
0.30908224,0.2139767811734721
0.30925417,0.21381695869574846
0.30955982,0.2136571361337407
0.30969355,0.2134973135652234
0.30992281,0.2133374910535278
0.31017116,0.21317766849828704
0.31049591,0.21301784604634283
0.3104004,0.21285802409807295
0.31087798,0.2126982018942475
0.31103081,0.2125383800378566
0.31108811,0.21237855867104324
0.31135556,0.21221873718699108
0.31150839,0.21205891507938493
0.31181404,0.2118990928873893
0.31189045,0.21173927097249565
0.31217703,0.21157944938200238
0.31232986,0.21141962764702452
0.31250179,0.21125980586833687
0.31267372,0.2110999842609994
0.31303668,0.21094016277495076
0.31324682,0.2107803411134727
0.31345695,0.21062051990729083
0.31368619,0.21046069900304656
0.31381992,0.21030087817049584
0.31395364,0.21014105725726365
0.31424019,0.20998123617937237
0.31435481,0.20982141508363802
0.31452677,0.20966159387006447
0.31488973,0.20950177236229892
0.31502345,0.20934195068554187
0.31513807,0.20918212938369488
0.31553924,0.20902230817867676
0.31559655,0.20886248712884303
0.31578758,0.20870266680578153
0.3158831,0.2085428460767019
0.31624606,0.20838302526796562
0.3164753,0.20822320414362008
0.31655172,0.20806338276500141
0.31678098,0.20790356178805286
0.31699112,0.20774373980197441
0.31729677,0.20758391826501982
0.31758332,0.20742409649903465
0.31767884,0.2072642745536746
0.31781256,0.20710445258380714
0.31811821,0.2069446308587245
0.31829014,0.20678480881645053
0.31842387,0.20662498644678196
0.31865311,0.206465163583522
0.31882504,0.20630534075827006
0.3190161,0.20614551846291043
0.31916893,0.20598569608700823
0.31945547,0.20582587399087565
0.31966561,0.20566605154080567
0.31987575,0.2055062293571664
0.32010499,0.2053464069842883
0.3202005,0.2051865848011304
0.32058257,0.20502676271149858
0.32065898,0.20486694027989183
0.32100284,0.2047071185279284
0.32111746,0.2045472968650169
0.32132763,0.20438747511337338
0.32151866,0.20422765292017894
0.32178611,0.2040678306142287
0.32184342,0.20390800826285013
0.32212996,0.20374818616562626
0.322321,0.2035883642658051
0.32264575,0.20342854187102366
0.32276037,0.20326871983804998
0.32312334,0.20310889786611527
0.32323796,0.2029490759699407
0.32354361,0.20278925418784452
0.32373467,0.20262943301894604
0.32394481,0.20246961160242485
0.32419315,0.2023097904615282
0.32434598,0.20214996916657518
0.32455611,0.20199014725222655
0.32486176,0.20183032563094208
0.32495728,0.20167050374979165
0.325091,0.2015106816876147
0.32541576,0.2013508599913289
0.3256641,0.20119103794320456
0.32575962,0.2010312158995989
0.32600799,0.20087139461935877
0.32625633,0.20071157332347161
0.32652378,0.2005517518563478
0.32677212,0.2003919304266404
0.32696316,0.2002321088371093
0.32715419,0.20007228769655466
0.32728791,0.1999124662517109
0.32755536,0.19975264464850553
0.32774639,0.19959282293362757
0.32793742,0.19943300109552908
0.32816666,0.19927317901972755
0.32835773,0.19911335679092243
0.32852966,0.19895353496372675
0.32887352,0.19879371270298066
0.32914096,0.19863389004146698
0.32929379,0.198474067393086
0.32959944,0.19831424521645508
0.32973316,0.19815442332123318
0.3299624,0.19799460181884312
0.33007702,0.19783477999963064
0.33026806,0.19767495740761984
0.33057374,0.1975151353244687
0.33084118,0.19735531289382202
0.33101311,0.19719549091419458
0.33135697,0.1970356686654184
0.33156711,0.1968758469985002
0.33168173,0.19671602537891514
0.33204469,0.19655620377770391
0.3321211,0.1963963817844946
0.33240765,0.19623655976308552
0.33257958,0.1960767372249289
0.33296168,0.19591691438300105
0.3330763,0.19575709215470818
0.33338195,0.19559726945690165
0.33351567,0.1954374471615561
0.33363029,0.19527762500819446
0.33391684,0.1951178025384396
0.33405057,0.19495798004721232
0.33431801,0.19479815777774084
0.33460456,0.1946383357828148
0.33479559,0.19447851342230668
0.33506304,0.19431869124778767
0.33534962,0.19415886919976705
0.33569348,0.19399904688215552
0.33571258,0.1938392251827553
0.33601823,0.19367940379773146
0.33617106,0.1935195811006423
0.3364003,0.1933597585523495
0.33659133,0.1931999361741032
0.33682057,0.19304011405865767
0.33703071,0.19288029143113933
0.33724084,0.19272046903368745
0.33750832,0.19256064678886964
0.33781397,0.19240082476320544
0.33790949,0.1922410030687641
0.33836797,0.19208118088223655
0.33838707,0.19192135878184363
0.33863541,0.19176153654752576
0.33876914,0.1916017143895041
0.33905569,0.19144189231332276
0.33941865,0.19128207029065658
0.33953327,0.1911222483227519
0.33981985,0.1909624263611335
0.34001088,0.1908026043743024
0.34020191,0.19064278189577524
0.34046936,0.19048295979237162
0.34085143,0.19032313776456736
0.34106156,0.19016331582169654
0.34123349,0.19000349352649523
0.34148183,0.18984367085481627
0.34169197,0.18968384807240368
0.34192121,0.18952402583971525
0.34211227,0.18936420378558838
0.34239882,0.18920438128239234
0.34262806,0.18904455856010727
0.3428382,0.18888473603858894
0.34306744,0.1887249132537019
0.34314385,0.18856509038752828
0.34352592,0.1884052677057492
0.34365964,0.18824544547855832
0.34404171,0.1880856228237683
0.34413722,0.1879258000345252
0.34438559,0.18776597657092925
0.34471035,0.18760615334730646
0.34486318,0.18744633092830837
0.34516883,0.18728650796545232
0.34530255,0.1871266848017784
0.34566551,0.18696686131149584
0.34591386,0.1868070380770154
0.3461813,0.18664721530258752
0.34633413,0.1864873929782429
0.34650606,0.1863275707725967
0.34665892,0.18616774807148442
0.34706008,0.18600792549248077
0.34736574,0.1858481030516683
0.34759498,0.1856882810098817
0.34780511,0.18552845881970903
0.34803435,0.18536863671838855
0.34822538,0.18520881446998883
0.34849283,0.18504899261696614
0.34872207,0.1848891696379132
0.34885579,0.18472934659594373
0.34916148,0.18456952348218747
0.34942892,0.18440970048066024
0.34969637,0.18424987755833955
0.35004023,0.18409005452876254
0.35019305,0.18393023151043222
0.3504414,0.18377040890774993
0.35072795,0.18361058595302
0.3510336,0.1834507634965051
0.3510718,0.18329094054567846
0.35149211,0.183131118066943
0.35162583,0.1829712955537832
0.35179776,0.18281147278053733
0.35219893,0.18265164985274432
0.35242817,0.18249182662630972
0.35265741,0.18233200368580169
0.35292485,0.1821721808544893
0.35315409,0.18201235832757187
0.35345975,0.18185253554493688
0.35368901,0.18169271335155332
0.35389915,0.18153289130114922
0.35410929,0.18137306864823266
0.35445315,0.18121324611798637
0.35460597,0.1810534235273936
0.35489252,0.1808936009685463
0.35510266,0.18073377822594852
0.35542741,0.18057395558992173
0.35563755,0.18041413309138324
0.35592413,0.18025431049353763
0.3563253,0.18009448820165855
0.35640171,0.17993466590311777
0.35661185,0.1797748437315155
0.35695571,0.17961502136370627
0.35718495,0.17945519910024252
0.35743329,0.17929537707561366
0.35777715,0.17913555450086363
0.35796818,0.17897573182985194
0.35819745,0.17881590967063213
0.35840759,0.17865608798072138
0.35857952,0.1784962656662348
0.35878965,0.1783364434397523
0.35932454,0.17817662177165772
0.35924813,0.17801679989013727
0.3596684,0.1778569782306196
0.36003137,0.17769715598656474
0.36039433,0.17753733399577068
0.36056629,0.17737751204302957
0.3606618,0.17721768961844128
0.36100566,0.17705786696552242
0.36129221,0.1768980441633532
0.36157876,0.17673822193245364
0.36188442,0.17657839966948397
0.36201814,0.1764185776512961
0.36217096,0.1762587554420407
0.36264855,0.1760989334293672
0.36282051,0.17593911129495587
0.36314526,0.1757792892018217
0.36333629,0.17561946747930246
0.36356553,0.17545964521200638
0.36375657,0.1752998228697321
0.3639285,0.17514000091492765
0.36438698,0.17498017920122363
0.36478814,0.17482035744326155
0.36492187,0.174660535282386
0.36518934,0.1745007131186174
0.36541858,0.17434089138126635
0.36570513,0.17418106921564072
0.36599168,0.1740212473413573
0.36625913,0.17386142552902725
0.36645016,0.1737016038203687
0.36675581,0.17354178136459728
0.36708057,0.17338195880704096
0.36729071,0.1732221364008819
0.36750087,0.17306231398796748
0.36782563,0.17290249132764665
0.36815038,0.17274266850284803
0.36837962,0.17258284569961582
0.36872348,0.17242302374651447
0.368819,0.17226320186085173
0.36922017,0.1721033795195338
0.36950672,0.17194355710908635
0.36965957,0.17178373481847958
0.36992702,0.17162391280668518
0.37015626,0.1714640909742816
0.37059563,0.1713042689131463
0.37076756,0.17114444671457235
0.37114963,0.17098462422610208
0.37126425,0.17082480191410054
0.37160811,0.17066497988563786
0.37189466,0.1705051580463905
0.37210482,0.17034533558870846
0.37242958,0.1701855131907912
0.37262061,0.17002569094555578
0.37292627,0.1698658685196507
0.37307909,0.1697060463013157
0.37338474,0.16954622391859447
0.3737286,0.16938640219692835
0.37407246,0.1692265801614785
0.37430173,0.16906675790899786
0.37460738,0.16890693550127076
0.37485573,0.16874711316033114
0.3752569,0.1685872903754484
0.37540972,0.1684274677615885
0.37577268,0.16826764506476583
0.37609744,0.1681078223348348
0.37609744,0.16794799975723457
0.3764222,0.16778817733250015
0.37676609,0.1676283544034328
0.37705263,0.16746853118830138
0.37732008,0.16730870839176015
0.37766394,0.16714888573973147
0.37781677,0.16698906325116145
0.37823704,0.1668292411954619
0.37852359,0.16666941861733864
0.37890568,0.16650959578040694
0.37896299,0.16634977331729922
0.37924954,0.16618995110150905
0.3795743,0.1660301288712358
0.37997547,0.1658703066648428
0.3801474,0.16571048453575818
0.38049126,0.1655506624012487
0.3807205,0.16539084081827563
0.38096884,0.16523101891397815
0.38146555,0.165071197136134
0.38158017,0.16491137529914357
0.3817139,0.16475155287310106
0.38211507,0.1645917303971484
0.38243982,0.16443190813795394
0.38272637,0.1642720859199792
0.38307023,0.16411226378658778
0.38324216,0.16395244122158945
0.38354784,0.16379261876447773
0.38383439,0.16363279603958145
0.38417825,0.16347297383243556
0.38436928,0.16331315126091875
0.38467494,0.1631533290116525
0.3850188,0.16299350704543214
0.38511431,0.16283368481136545
0.38549638,0.16267386273350398
0.38591668,0.16251404089952987
0.38608861,0.1623542187841966
0.38641337,0.16219439632994267
0.3865853,0.16203457324619228
0.38685274,0.16187475073241217
0.38712019,0.16171492866728848
0.38757867,0.16155510617567098
0.38773149,0.16139528356866192
0.38813269,0.1612354614157126
0.38843834,0.16107563935425553
0.38870579,0.16091581751516568
0.38889682,0.1607559961902459
0.38924068,0.1605961743956496
0.38960364,0.16043635189471253
0.3899284,0.16027652952528815
0.39015764,0.16011670720972745
0.39040601,0.15995688523049204
0.39069256,0.15979706272099203
0.39096001,0.15963724013521213
0.39136118,0.15947741787411707
0.39162862,0.1593175961845077
0.39185786,0.15915777390437177
0.39212531,0.15899795166137642
0.39235455,0.15883812924269666
0.39275575,0.15867830700983893
0.3930805,0.15851848437803667
0.39342436,0.15835866174000748
0.39355808,0.15819883850838912
0.39397836,0.15803901546381996
0.39418849,0.1578791926947008
0.39443684,0.1577193698217725
0.39474249,0.1575595470316618
0.39502907,0.15739972462804727
0.39539203,0.15723990167588445
0.39573589,0.15708007894001386
0.39592692,0.15692025583903146
0.39615616,0.15676043346899818
0.39651912,0.15660061102692968
0.39686298,0.1564407891198132
0.39718774,0.15628096689110094
0.39739791,0.15612114504661528
0.39770356,0.15596132254040226
0.397971,0.15580150034522053
0.39825755,0.1556416783142466
0.39848679,0.15548185627622857
0.39900258,0.15532203458282512
0.39907899,0.15516221285207302
0.39946106,0.15500239067780658
0.39965212,0.154842568400869
0.40018702,0.1546827453563903
0.40032074,0.1545229222425095
0.40064549,0.15436309933417963
0.40081742,0.15420327688608593
0.40116128,0.1540434538511687
0.40140963,0.15388363109046624
0.40179169,0.15372380820840728
0.40207827,0.15356398542629876
0.40238392,0.15340416247668803
0.40276599,0.1532443396587848
0.40289971,0.15308451681366342
0.40333909,0.15292469421414498
0.4034155,0.1527648713385983
0.40395039,0.15260504806191774
0.40419877,0.1524452253642928
0.4044089,0.15228540269577048
0.40471455,0.15212558013252162
0.4050011,0.15196575751057
0.40526855,0.15180593471648443
0.4055742,0.15164611239611547
0.40593717,0.15148629007842238
0.40620461,0.15132646781963546
0.4065676,0.15116664551730344
0.40673953,0.15100682311796132
0.40702608,0.1508470001403702
0.40735084,0.1506871773981009
0.4076947,0.15052735441787488
0.40794304,0.15036753186616736
0.40842062,0.15020770895216512
0.40859255,0.15004788578278497
0.40899375,0.14988806236475719
0.40918478,0.14972823925133757
0.40952864,0.14956841629573323
0.40979609,0.1494085929476088
0.41006353,0.1492487693789399
0.41038829,0.14908894588947777
0.41073215,0.14892912285691612
0.41082767,0.14876929962421345
0.41122887,0.1486094766714802
0.41159183,0.1484496529644003
0.41178286,0.14828982960209128
0.41208851,0.1481300064751847
0.41241327,0.14797018342955204
0.41289085,0.1478103603789124
0.41304368,0.1476505371982146
0.41327292,0.14749071409655734
0.41375053,0.147330891533855
0.41399887,0.14717106893046467
0.41424721,0.14701124615877162
0.41453376,0.14685142334522677
0.41485852,0.14669160059697392
0.41508776,0.14653177813620422
0.4153361,0.1463719556168139
0.41583282,0.146212132041713
0.41608116,0.14605230872529015
0.41638681,0.14589248582369638
0.41655874,0.14573266280249686
0.41676888,0.1455728401577401
0.41720825,0.1454130173986811
0.41760942,0.14525319471471193
0.41781956,0.14509337213019355
0.41802973,0.14493354920558443
0.41835448,0.14477372652320772
0.41854551,0.14461390338650912
0.41896579,0.14445407993247303
0.41921413,0.14429425644220195
0.41944337,0.14413443314391222
0.41995916,0.14397461003833936
0.42015019,0.14381478651493096
0.42051318,0.1436549630853953
0.42081884,0.14349513997529226
0.42097166,0.1433353168912527
0.42131552,0.1431754942664704
0.42156386,0.14301567146951044
0.42190772,0.14285584881694832
0.42219427,0.14269602561704303
0.42263368,0.14253620304840947
0.42269099,0.14237638031368505
0.42288202,0.14221655777589828
0.42345512,0.14205673458922485
0.42374167,0.1418969115375042
0.42399001,0.14173708844207003
0.42420015,0.14157726556636385
0.42454401,0.1414174423536568
0.42475414,0.14125761923818084
0.42513624,0.14109779563171737
0.42546099,0.14093797257824953
0.42565203,0.1407781492227896
0.4260914,0.1406183258951328
0.42637795,0.14045850252492711
0.42670271,0.1402986785185455
0.42697015,0.14013885461668277
0.42723763,0.13997903107755177
0.42740956,0.13981920735822037
0.42773432,0.13965938420689206
0.42805907,0.1394995609913538
0.42819279,0.13933973735142277
0.42844114,0.13917991372660793
0.42889962,0.13902009001929563
0.42910975,0.13886026601498175
0.42943451,0.13870044196328296
0.42974019,0.13854061781959834
0.43002674,0.1383807944100824
0.43033239,0.13822097128320182
0.43054253,0.13806114764364782
0.43090549,0.13790132405903252
0.43115383,0.13774150065734633
0.43149769,0.13758167719708875
0.43174604,0.13742185382911562
0.43189889,0.13726203103681803
0.43226185,0.13710220833302655
0.43264392,0.13694238553318805
0.43287316,0.13678256253199347
0.43325523,0.1366227397322866
0.43352267,0.13646291688716794
0.43380922,0.13630309404089636
0.43388563,0.13614327115656058
0.43432504,0.13598344797852494
0.43476442,0.13582362486950178
0.43493634,0.13566380175468182
0.4352802,0.13550397928241834
0.43552855,0.13534415668977
0.43571958,0.1351843336313163
0.43602523,0.13502451061098328
0.43634999,0.13486468762084688
0.43663657,0.1347048644734947
0.43690401,0.1345450408901489
0.43707594,0.13438521758549052
0.43747711,0.13422539428615207
0.43764904,0.1340655714744242
0.43810752,0.13390574857118676
0.43824124,0.13374592600436713
0.43852779,0.1335861032699466
0.43879527,0.13342627993739334
0.43915823,0.13326645693527128
0.4395594,0.1331066345220977
0.43978864,0.1329468117019903
0.43999878,0.13278698891761911
0.44038084,0.13262716608452665
0.44064829,0.13246734345562186
0.44097307,0.13230752053057565
0.44116411,0.13214769759712064
0.44150797,0.13198787436341433
0.44164169,0.13182805102222198
0.44208106,0.1316682280610816
0.44234851,0.1315084048756934
0.44255865,0.13134858209750594
0.44307443,0.13118875988498427
0.44320816,0.13102893736560933
0.44355205,0.13086911448340816
0.44353294,0.13070929135978046
0.44391501,0.1305494681244455
0.44425887,0.13038964438003015
0.44448811,0.1302298208966393
0.44481286,0.13006999719360643
0.44519493,0.12991017356947845
0.44538596,0.12975035031729512
0.44574896,0.12959052703459684
0.44597819,0.1294307040941308
0.44634116,0.12927088138205556
0.44664681,0.1291110584054317
0.44678053,0.12895123527932437
0.4471817,0.12879141210311107
0.44739184,0.1286315890742769
0.44762108,0.12847176605859445
0.44796497,0.1283119429795452
0.44823241,0.12815211979035884
0.44853806,0.12799229681713067
0.44861448,0.12783247379124854
0.44911116,0.1276726502414362
0.44935951,0.127512826229593
0.44972247,0.12735300262103333
0.44995171,0.12719317897233415
0.4502956,0.12703335517117742
0.45046753,0.12687353165270882
0.45071587,0.12671370849932484
0.45111704,0.12655388505783355
0.45128897,0.1263940617293812
0.45165193,0.12623423794935584
0.45191938,0.12607441471195466
0.45224413,0.12591459154655155
0.45258802,0.12575476799346283
0.45293188,0.12559494436702062
0.45319933,0.1254351212907041
0.45329484,0.1252752977772287
0.45373422,0.12511547469939877
0.45400167,0.124955651721673
0.45425001,0.1247958288256958
0.45455566,0.1246360060900827
0.4547658,0.12447618284381923
0.45503327,0.12431635953484843
0.45533893,0.12415653610345175
0.45572099,0.12399671254657448
0.45591202,0.12383688865985433
0.45621768,0.12367706562709449
0.45650423,0.12351724274820657
0.45669526,0.12335742006266465
0.45705822,0.12319759741138561
0.45726839,0.12303777488232288
0.45751673,0.12287795222551792
0.4579179,0.12271812943735971
0.45824265,0.12255830636699622
0.45843369,0.12239848357851375
0.45870113,0.12223866106058186
0.4590641,0.12207883815595577
0.45915961,0.12191901509902266
0.45961812,0.12175919212990628
0.45980915,0.121599368847658
0.46022943,0.12143954561086923
0.46038225,0.12127972247798365
0.46068791,0.12111989927978356
0.46097445,0.12096007653640337
0.46128011,0.12080025388227306
0.46162397,0.12064043036413881
0.46198696,0.12048060658143152
0.46208248,0.12032078333476053
0.46231171,0.12016096020764097
0.46269378,0.12000113716280114
0.46296123,0.11984131415249079
0.46315226,0.11968149098083658
0.46349612,0.11952166800882176
0.46382087,0.1193618447623257
0.46405014,0.11920202159050537
0.46441311,0.11904219820817973
0.46466145,0.11888237502155347
0.4649671,0.1187225522740301
0.46521544,0.11856272908843686
0.46544468,0.11840290600523604
0.46567392,0.118243083462828
0.46597958,0.1180832605530541
0.46634257,0.11792343759150123
0.46657181,0.11776361475473555
0.46676284,0.1176037917224489
0.46704939,0.11744396848659949
0.46729773,0.11728414560222301
0.4676607,0.11712432305008519
0.46798545,0.11696450077825861
0.46811917,0.11680467886295144
0.46844393,0.11664485612304483
0.4686923,0.11648503315453498
0.46894065,0.11632521041774023
0.46943733,0.11616538758921544
0.46962836,0.11600556418878719
0.46991491,0.11584574050268687
0.47002953,0.1156859175482453
0.4703925,0.11552609390430181
0.47071725,0.11536627030229368
0.47096562,0.1152064469818763
0.47127128,0.11504662387709898
0.47161514,0.11488680023544644
0.47184438,0.11472697639386197
0.47209272,0.11456715251440405
0.47241747,0.11440732940376455
0.47268492,0.11424750606385531
0.47291416,0.11408768261600385
0.47329625,0.11392785946162805
0.47341087,0.11376803670697627
0.47383115,0.11360821427321563
0.47392666,0.1134483909611118
0.47428963,0.1132885676008749
0.47457618,0.11312874466238403
0.47486272,0.11296892100946271
0.47513017,0.11280909753705275
0.4753021,0.11264927449803412
0.47574151,0.11248945164914627
0.47606626,0.11232962849825115
0.47619998,0.11216980540419495
0.47650564,0.11200998189581997
0.47671577,0.11185015861136612
0.47705963,0.11169033578187557
0.47730798,0.11153051274846933
0.47763273,0.11137068955212209
0.47797662,0.11121086621668758
0.47832048,0.11105104333699663
0.47837779,0.11089122020662617
0.47883627,0.11073139712036727
0.47918013,0.1105715741583488
0.47927564,0.11041175172075654
0.47971502,0.11025192896879432
0.47992516,0.11009210581599348
0.48019263,0.10993228249211151
0.48047918,0.1097724591277919
0.48065111,0.10961263647023689
0.481186,0.10945281351568686
0.48141524,0.10929299028735477
0.48152986,0.10913316711036515
0.48198834,0.10897334399683568
0.48223668,0.10881352033167545
0.48250416,0.10865369719810618
0.48279071,0.10849387425363279
0.48292443,0.10833405051447488
0.4833256,0.1081742271069842
0.48363125,0.10801440355466571
0.48386049,0.1078545804168984
0.48429987,0.10769475714121106
0.48451,0.10753493352794376
0.48472017,0.10737511029057395
0.48506403,0.10721528760513008
0.48536968,0.10705546437915697
0.48561803,0.10689564127723543
0.48577085,0.10673581766815528
0.48609561,0.10657599480004774
0.48634395,0.10641617193555154
0.48678333,0.10625634884524061
0.48708901,0.10609652592966141
0.48731825,0.1059367031535521
0.4876048,0.10577688008659263
0.48785314,0.10561705671489945
0.48823521,0.105457233756939
0.48850265,0.1052974108161532
0.48873189,0.1051375877979644
0.48909485,0.10497776535423697
0.48949605,0.10481794197862201
0.48968709,0.1046581187352095
0.49012646,0.10449829620660676
0.49031749,0.1043384734185492
0.49054673,0.10417865020899578
0.4909288,0.10401882734027174
0.49121535,0.10385900442859693
0.4915019,0.10369918159685433
0.49169296,0.1035393585520049
0.49199861,0.10337953527681544
0.4924762,0.10321971200898386
0.49262902,0.10305988929390195
0.49303019,0.10290006620838878
0.49329764,0.10274024336055505
0.49358419,0.10258042103432262
0.49394718,0.1024205981541321
0.49411911,0.10226077595744436
0.49453938,0.10210095360662173
0.49469221,0.10194113056135751
0.49515069,0.10178130804029377
0.49539903,0.10162148525530967
0.49576199,0.10146166200796579
0.49610585,0.10130183923997932
0.49646884,0.10114201641390619
0.49671718,0.10098219389924837
0.49696553,0.10082237145801709
0.4973858,0.10066254876386477
0.49780607,0.10050272545616828
0.49780607,0.10034290251949626
0.49826455,0.10018307997143885
0.49862754,0.10002325709236831
0.49885678,0.09986343468383337
0.49921975,0.09970361225190458
0.49937257,0.09954378961490112
0.49988836,0.09938396667576235
0.50009853,0.09922414385437554
0.50049967,0.09906432119116916
0.50088179,0.09890449882498097
0.50116831,0.09874467683651933
0.50151217,0.09858485488747819
0.50177962,0.09842503237781876
0.50223809,0.0982652099658814
0.50244826,0.09810538732461442
0.50294495,0.09794556414297477
0.50326973,0.09778574142363161
0.50359446,0.09762591840581634
0.50374728,0.09746609560205917
0.50414848,0.097306272266721
0.50453055,0.09714644946717567
0.50470245,0.0969866265924812
0.50498903,0.09682680446255339
0.50539017,0.09666698217284111
0.50575316,0.09650715947040893
0.50619256,0.09634733624662442
0.50646001,0.09618751338837951
0.50674653,0.0960276903049167
0.50710952,0.09586786741425724
0.50747246,0.09570804449066285
0.50779724,0.09554822203847736
0.50802648,0.0953883992439467
0.50833213,0.09522857606740247
0.50877154,0.09506875295637485
0.5091154,0.0949089300290352
0.50955474,0.09474910672921157
0.5098986,0.09458928328147856
0.51014698,0.09442946064040829
0.51041442,0.09426963788576412
0.51093024,0.09410981522497221
0.51121676,0.09394999259346812
0.51142693,0.09379017042748124
0.5118472,0.09363034767763644
0.51217192,0.0934705250263801
0.51261133,0.09331070195138537
0.51293612,0.09315087869349348
0.51312715,0.09299105540429492
0.51352829,0.09283123203649102
0.51406318,0.092671409247042
0.51434976,0.09251158638159963
0.5146172,0.0923517634380905
0.51496106,0.09219194049913623
0.51543868,0.09203211769085935
0.51564878,0.09187229476831388
0.51604998,0.0917124716211716
0.51643205,0.09155264888928648
0.51677591,0.091392826297386
0.51729172,0.09123300372750552
0.51759738,0.09107318159312418
0.51778841,0.09091335925633175
0.5183233,0.09075353650611973
0.51862895,0.09059371329427487
0.51904923,0.09043389020300507
0.51948863,0.09027406730905314
0.51975608,0.09011424402088031
0.52006173,0.08995442044980692
0.52046287,0.08979459672751329
0.52078766,0.08963477306211447
0.52130342,0.08947494960631121
0.52157092,0.08931512598665296
0.52199119,0.08915530240494911
0.52231592,0.08899547861467282
0.5228126,0.0888356556963358
0.52311826,0.0886758330460794
0.52348125,0.08851601064278222
0.52382511,0.08835618824185315
0.52420717,0.08819636549348607
0.52458924,0.08803654256450498
0.52497131,0.08787672016417862
0.52535337,0.08771689730281516
0.52581185,0.08755707398220498
0.52619398,0.08739725037873243
0.52663332,0.08723742753155839
0.52699631,0.08707760430655284
0.52739745,0.08691778081504155
0.52770311,0.0867579579292838
0.52804697,0.0865981350122142
0.52842909,0.08643831229503825
0.52873474,0.08627848964325255
0.52940333,0.08611866707293947
0.52961349,0.08595884426600835
0.53007197,0.08579902178504101
0.53041583,0.08563919920477774
0.53074062,0.0854793762700749
0.53112268,0.08531955347910439
0.53173399,0.08515973107699687
0.5319441,0.08499990910986732
0.53244078,0.08484008671109686
0.53293747,0.08468026452540951
0.53316677,0.08452044181877308
0.53354883,0.08436061878958588
0.53402638,0.08420079619213758
0.53458041,0.08404097314904263
0.5347141,0.08388115085319281
0.53515351,0.08372132766243358
0.53563112,0.0835615048017546
0.53597498,0.08340168161995401
0.53645253,0.08324185892604227
0.53694922,0.08308203652069025
0.53735042,0.08292221395482889
0.53765607,0.08276239120268976
0.53821009,0.08260256841454854
0.53863037,0.08244274558792436
0.53901243,0.08228292281564198
0.53933716,0.08212310006752938
0.53991026,0.08196327717398505
0.54025418,0.08180345439131509
0.54059803,0.08164363184572772
0.54113293,0.08148380935090081
0.54168689,0.08132398649324643
0.54195434,0.08116416371056047
0.54237467,0.08100434088943595
0.54298598,0.080844518049403
0.54332983,0.08068469576212059
0.54373097,0.08052487284988694
0.54418945,0.08036505022433268
0.54453337,0.0802052270877719
0.54504913,0.08004540468574634
0.54541212,0.07988558216089435
0.54602343,0.07972575909781268
0.54640549,0.07956593593159486
0.5468449,0.07940611260092535
0.54734159,0.0792462894203444
0.54772365,0.07908646604949271
0.548163,0.07892664313187636
0.54864061,0.07876682020101813
0.54907995,0.07860699750217588
0.5495767,0.07844717457283576
0.55005425,0.07828735172573069
0.55049366,0.07812752894628243
0.55104762,0.07796770620306116
0.55148703,0.07780788338081836
0.55179268,0.07764806008504405
0.55238491,0.07748823712351087
0.55274785,0.07732841443909831
0.55318725,0.0771685917453457
0.55370301,0.07700876874170165
0.55410421,0.0768489458626312
0.55462003,0.07668912339154688
0.55517399,0.07652930063765637
0.55547965,0.0763694776862091
0.55609101,0.0762096551226137
0.55654949,0.07604983265830083
0.55691242,0.075890009849479
0.55740911,0.07573018662446046
0.55786759,0.07557036390639352
0.55838341,0.07541054106327899
0.5587464,0.07525071831100012
0.5593577,0.07509089616888677
0.55977798,0.07493107429590716
0.56031287,0.07477125194974707
0.56082869,0.0746114293591362
0.56121075,0.07445160632027929
0.56180292,0.07429178305592381
0.56233782,0.07413196002113641
0.56275809,0.07397213692340701
0.56333125,0.07381231399960572
0.56378973,0.07365249130531555
0.56421,0.07349266876601028
0.56476396,0.07333284556667723
0.56526071,0.07317302226956833
0.56573826,0.07301319938549021
0.56623495,0.0728533771941543
0.56667435,0.07269355455396442
0.5671519,0.07253373247308147
0.56782055,0.07237391056477643
0.56825995,0.07221408881057352
0.56885213,0.07205426668102494
0.56932974,0.0718944441860399
0.56999838,0.0717346218793243
0.57041866,0.07157479916022065
0.57093441,0.07141497686376991
0.57148844,0.07125515447637575
0.57202333,0.07109533294917571
0.57246274,0.07093551133299834
0.5730167,0.07077568976469117
0.57343698,0.07061586784595639
0.57395279,0.07045604546685139
0.57446861,0.07029622314694171
0.57504171,0.0701364006288574
0.57567209,0.0699765781975708
0.57616878,0.06981675534326948
0.57668459,0.06965693283772194
0.57718128,0.06949711017608722
0.57767797,0.06933728743652205
0.57828927,0.06917746485377534
0.57878596,0.0690176423674095
0.5792827,0.06885781741523567
0.57987487,0.06869799072593119
0.5804671,0.06853816254058641
0.58098286,0.06837833452257037
0.58149868,0.06821850558490063
0.58214819,0.06805867575868292
0.5825876,0.06789884526560422
0.58308429,0.06773901417694982
0.58375293,0.06757918251084832
0.58405858,0.0674193510412033
0.58482271,0.06725951913705504
0.58539581,0.06709968737033543
0.58600712,0.06693985451406452
0.58658022,0.06678002202093813
0.5870769,0.06662018962683701
0.58759272,0.06646035632845881
0.58814669,0.06630052184733935
0.58877712,0.06614068665741195
0.58936936,0.0659808517274853
0.58994246,0.065821015988588
0.59045821,0.06566118047607285
0.59112686,0.06550134479720089
0.59162354,0.06534150974565149
0.59225398,0.06518167422845092
0.59290349,0.0650218383367603
0.5933429,0.0648620029435404
0.59389687,0.06470216688737969
0.59460372,0.06454233088252796
0.59519595,0.06438249498746251
0.59584546,0.064222658709258
0.59639943,0.06406282232356737
0.5972209,0.06390298665863355
0.5976221,0.06374315141287665
0.5982334,0.06358331570574739
0.59894019,0.06342348058753351
0.59947509,0.06326364616957755
0.60014373,0.0631038110129187
0.60058314,0.06294397610913814
0.60140455,0.06278414140970177
0.60201585,0.06262430614263935
0.60262722,0.06246447112801301
0.60314298,0.06230463649865653
0.60392624,0.0621448011606964
0.60444206,0.06198496553494479
0.60503423,0.061825129357087935
0.60568374,0.061665293500728524
0.60631418,0.0615054578041004
0.60694462,0.06134562136389786
0.60765141,0.06118578401667433
0.60820544,0.06102594630505247
0.60891223,0.06086610828342343
0.60958087,0.060706270119723106
0.6101349,0.060546431548506655
0.6108799,0.06038659289825347
0.61152947,0.06022675409248943
0.61225539,0.060066915597921815
0.61280936,0.059907076559951915
0.6134398,0.05974723743070576
0.61410844,0.05958739842050237
0.61489165,0.05942755936590158
0.61552209,0.05926772013261669
0.6161716,0.05910788085346129
0.61687845,0.05894804164423584
0.61758524,0.058788203777782606
0.61819661,0.05862836624409279
0.6189034,0.05846852876395873
0.61966753,0.05830869189024292
0.62027884,0.0581488545449271
0.62108123,0.057989017096989504
0.62165433,0.05782917974761977
0.6222465,0.057669342049510235
0.62320173,0.05750950420192545
0.62383211,0.05734966681662079
0.62438613,0.057189829418552454
0.62524581,0.05702999165127201
0.62585711,0.05687015386672918
0.62667853,0.05671031598038138
0.62728983,0.05655047793761035
0.62818772,0.056390639872179835
0.62879902,0.056230802491833674
0.62956315,0.05607096571700059
0.63011718,0.055911128994398464
0.63111055,0.05575129244172371
0.63166457,0.0555914562021097
0.63256246,0.05543161985680094
0.63325018,0.055271782910054204
0.6339379,0.05511194611136958
0.63475937,0.054952109255855926
0.63538975,0.05479227278520472
0.63619208,0.05463243631076806
0.63695627,0.054472600012842105
0.63752937,0.05431276341412471
0.63836992,0.054152926983840166
0.63928688,0.053993089797157556
0.63987911,0.05383325204744676
0.6405859,0.053673414367193945
0.6414265,0.05351357650286393
0.6421333,0.05335373816840803
0.64303118,0.0531938989556856
0.64390993,0.05303405970569307
0.64471227,0.05287422087515512
0.64532357,0.05271438231692764
0.64618325,0.05255454413202636
0.64690918,0.05239470600052269
0.64769244,0.052234867610326655
0.64859033,0.052075028933172354
0.64937353,0.05191519040324294
0.6503287,0.05175535227291474
0.65092093,0.05159551428787952
0.65166599,0.051435676017574455
0.65264022,0.05127583785426575
0.65342349,0.05111599999924342
0.654073,0.050956162107159884
0.65520012,0.050796324224062175
0.65594518,0.05063648744976843
0.65659469,0.05047665051178324
0.65766448,0.05031681382323392
0.65846682,0.05015697763017532
0.65913546,0.049997141137302414
0.66007155,0.04983730523412452
0.6609121,0.049677469164961637
0.66173351,0.04951763295353016
0.66263139,0.04935779626912171
0.66351014,0.049197959411430466
0.66436982,0.049038122561742906
0.66524857,0.04887828616558233
0.66614646,0.04871845053288395
0.6669488,0.04855861557205745
0.6679613,0.04839878132234503
0.66880184,0.048238947267583564
0.6695469,0.04807911288922982
0.67055935,0.047919278474307055
0.67159098,0.04775944433333798
0.67229778,0.04759960980216734
0.67315745,0.04743977480196871
0.67415082,0.04727994010399686
0.6750105,0.0471201057125346
0.67581284,0.04696027106886296
0.67669159,0.04680043639822703
0.67772317,0.046640601251877
0.67869747,0.04648076535269605
0.67967176,0.04632092991503858
0.68062693,0.04616109445100095
0.68152481,0.04600125919164935
0.68247998,0.04584142446043752
0.68339694,0.045681590296118485
0.68439031,0.045521755961809914
0.6853264,0.04536192091990343
0.68630069,0.045202085877249096
0.68729407,0.04504225134333493
0.68813461,0.044882416369292966
0.68933815,0.04472258158081051
0.69019783,0.04456274668186969
0.69128668,0.044402911770266756
0.69229919,0.04424307667148646
0.69325435,0.04408324134539103
0.69424778,0.04392340592406978
0.69522202,0.04376357110981368
0.69640642,0.043603736000272175
0.69724703,0.043443901409423225
0.69835502,0.04328406631880095
0.69934839,0.043124230819390125
0.70047551,0.042964395624478034
0.70133519,0.04280456066122626
0.70242405,0.04264472605626885
0.70351297,0.04248489167780817
0.70456368,0.04232505758234638
0.70561433,0.042165223654729724
0.70676059,0.04200538969240057
0.70783037,0.0418455550832685
0.70882374,0.04168571945473699
0.70987445,0.041525883795719816
0.71109706,0.0413660492375489
0.71201402,0.04120621493244658
0.71325576,0.041046380386137164
0.71442109,0.04088654621991801
0.7154718,0.04072671262587739
0.71673262,0.040566879328387984
0.71764958,0.04040704489641892
0.71892953,0.04024720995862534
0.72001845,0.04008737476369305
0.72116464,0.0399275385778423
0.72231084,0.03976770264301349
0.72355258,0.03960786739988037
0.72466058,0.03944803199073127
0.72580677,0.03928819680365214
0.72701031,0.03912836207086824
0.72823292,0.03896852805497754
0.72937918,0.038808694022463154
0.73069727,0.03864886008691078
0.73188174,0.03848902673651312
0.73298973,0.03832919306760743
0.73430789,0.03816935928974529
0.73539674,0.03800952523993273
0.73690593,0.037849691110474516
0.73803306,0.03768985682202307
0.73935121,0.0375300224238993
0.74051654,0.037370187910121797
0.74185377,0.037210353228136726
0.74311459,0.037050518885168575
0.74429899,0.03689068409895406
0.74573177,0.03673085024923347
0.74699259,0.036571016425842456
0.74821526,0.03641118308045247
0.74966711,0.03625134927908844
0.75102347,0.03609151550366617
0.75232249,0.03593168191723302
0.75367886,0.03577184794999774
0.75497788,0.03561201325103076
0.75631517,0.03545217819755244
0.75769061,0.035292342983203766
0.75904697,0.03513250795599626
0.76047969,0.03497267338499171
0.76181698,0.03481283842924585
0.76303959,0.03465300333179454
0.76468247,0.03449316855782635
0.76607704,0.03433333371790036
0.76752889,0.03417349913017716
0.76886618,0.0340136642690566
0.77035624,0.033853829086426805
0.77178901,0.03369399406084955
0.77310717,0.03353415908058787
0.77476919,0.033374324101154804
0.7762019,0.03321448871382318
0.77771109,0.03305465393051852
0.77906746,0.03289481890474695
0.78059572,0.03273498407621408
0.78225774,0.032575149851155415
0.78369051,0.03241531591254986
0.7851997,0.032255481999252156
0.78672796,0.03209564806558011
0.78823715,0.03193581425467511
0.78980362,0.03177598023834081
0.79152298,0.031616146449829415
0.79297483,0.03145631235201991
0.79448402,0.03129647873195997
0.7961269,0.03113664559478918
0.79769343,0.03097681209321906
0.79935539,0.030816978483975892
0.80094099,0.03065714434186815
0.80269855,0.030497309584369914
0.80424589,0.03033747513153773
0.80594611,0.030177640592887564
0.80747443,0.03001780617588536
0.80909818,0.02985797209690053
0.81087482,0.029698137881887007
0.81263238,0.029538303512873936
0.81440902,0.029378468635492924
0.81599456,0.0292186335423834
0.81765658,0.02905879815144745
0.81941414,0.028898962921422845
0.82113343,0.02873912818475535
0.82281452,0.028579293683663156
0.82468671,0.028419458606245947
0.82650155,0.02825962407908325
0.8283546,0.02809978982486792
0.83015031,0.027939955293499172
0.83194602,0.027780120903747325
0.83377999,0.027620285992827072
0.8355757,0.027460450840062423
0.83748609,0.0273006157954424
0.83943462,0.02714078167165036
0.84124947,0.02698094757931392
0.8430261,0.026821112960443972
0.84482181,0.026661278874664296
0.84686589,0.02650144479739247
0.84881449,0.026341611242584446
0.85076302,0.026181777136310078
0.85261607,0.02602194329860231
0.85448819,0.02586211007934001
0.85637945,0.02570227721615051
0.85851908,0.025542443729889685
0.86044854,0.02538261051538138
0.8625499,0.025222777619659374
0.8644985,0.02506294454587278
0.86665714,0.024903111459985004
0.86862481,0.024743277469267223
0.87076443,0.024583443693064914
0.87294221,0.024423611034913088
0.8748908,0.02426377855732849
0.87706858,0.02410394623320089
0.87924641,0.02394411343635621
0.88136691,0.02378428084892357
0.88337278,0.023624448626097177
0.88566518,0.023464616305763818
0.88782388,0.023304783373526955
0.89000171,0.02314495091110332
0.8922177,0.02298511829248595
0.8943764,0.022825285621451898
0.89657331,0.022665452809504827
0.89888483,0.022505619840269928
0.90121543,0.022345786294428543
0.90343148,0.022185952639753453
0.90566659,0.022026119069707303
0.90811181,0.021866285069321006
0.91028965,0.021706451500056092
0.91269666,0.021546617808182462
0.91493177,0.021386784207880746
0.91739619,0.021226950278435137
0.91974592,0.021067117064132536
0.92215294,0.020907283616072986
0.92459822,0.020747449519971498
0.92692882,0.020587615518858942
0.92943138,0.020427781801778604
0.93183845,0.020267947872633058
0.9342646,0.020108114086529145
0.93680537,0.01994828010347161
0.93909776,0.01978844580060245
0.94173408,0.019628611713723883
0.94431305,0.01946877781527569
0.94681561,0.019308943605416382
0.94927996,0.019149108896895025
0.95204997,0.018989273126984303
0.95445704,0.01882943532677654
0.95715064,0.018669596333587658
0.95961499,0.01850975634145224
0.96248049,0.018349915611472544
0.96498305,0.018190073785092926
0.96758115,0.018030231323087207
0.97025561,0.017870388669017995
0.97310209,0.017710545556634417
0.97571927,0.01755070241037156
0.97852749,0.01739085905601205
0.98118287,0.017231015139792014
0.98408657,0.017071171187229242
0.98697126,0.016911326515432954
0.98968393,0.016751481860818897
0.99251127,0.016591636748408037
0.99541497,0.016431792109859927
0.99829966,0.016271946885258716
1.001127,0.016112100825746063
1.0040307,0.01595225365544756
1.0071064,0.01579240635632143
1.009972,0.01563256014312048
1.0129902,0.015472714248162081
1.0160277,0.015312868141216036
1.0188551,0.015153022367619133
1.0220263,0.01499317682365969
1.0251402,0.0148333321102729
1.0281203,0.014673487290600822
1.0313106,0.014513642197293298
1.0345008,0.01435379713888878
1.0376911,0.01419395271081322
1.0408432,0.014034108411069121
1.0440718,0.01387426372676444
1.0472238,0.013714418902427725
1.0505478,0.013554574060284673
1.0537,0.01339472918697668
1.0571003,0.013234884109495812
1.0605007,0.013075039709053833
1.0638248,0.012915195072231322
1.0671679,0.012755350237356697
1.0706638,0.012595504832972898
1.0741025,0.012435659474658722
1.077522,0.01227581459320451
1.0811135,0.01211597020868434
1.0847622,0.011956126093934216
1.0884492,0.011796281840465446
1.0920216,0.011636437577970065
1.0958041,0.011476593769537823
1.0993956,0.011316750214008844
1.1031208,0.01115690673509192
1.106846,0.010997063716626173
1.110724,0.010837220889959637
1.1146784,0.010677377771592438
1.1185182,0.010517534735740955
1.1225109,0.010357691959255738
1.1263697,0.010197850195283766
1.1304771,0.010038008006476895
1.134527,0.009878165791006196
1.1386915,0.009718323701651184
1.1428561,0.009558481488082202
1.1471162,0.0093986389628872
1.1513381,0.009238796157300085
1.1557128,0.009078953661485652
1.1601067,0.00891911105559109
1.1645577,0.008759268763836783
1.1689898,0.008599426038983211
1.1735173,0.008439583114719557
1.1782359,0.00827974063893163
1.1829163,0.008119897693294693
1.1876348,0.0079600539985593
1.1924107,0.0078002096338525406
1.1971292,0.007640365009824694
1.2019625,0.007480519231677101
1.2068529,0.007320673295317711
1.2117625,0.007160827451004817
1.2170542,0.007000980753790626
1.2222122,0.006841134004888816
1.2273128,0.006681287053118527
1.2326809,0.0065214399870386726
1.23803,0.006361593029740148
1.2433981,0.006201745873728418
1.2486897,0.006041898781794758
1.2543634,0.005882052350042207
1.2599034,0.005722205611658117
1.2655581,0.005562358871643384
1.2714038,0.005402511664459394
1.2771922,0.005242664950632911
1.2828851,0.005082818459917516
1.28896,0.004922972284143403
1.2948439,0.00476312568593268
1.300957,0.0046032793633994555
1.3071465,0.004443433205794113
1.3132979,0.004283587430847836
1.3192773,0.0041237421958230614
1.3257725,0.003963896836463172
1.3320384,0.0038040512495802425
1.3386674,0.003644205793158185
1.3449906,0.003484360384133138
1.3516196,0.003324515622366395
1.3580766,0.0031646709624869812
1.3648392,0.0030048267302631563
1.3716592,0.0028449821843462694
1.3781925,0.002685137916016396
1.3850889,0.0025252929242619558
1.3919662,0.002365447757687224
1.3990154,0.0022056021217882354
1.4059309,0.0020457565441458184
1.4129993,0.001885910517671038
1.4201057,0.001726065017455699
1.4274797,0.0015662195314469685
1.4344333,0.0014063745891437856
1.4416736,0.001246530343346258
1.4491813,0.0010866864409686005
1.456326,0.0009268439714545647
1.4637765,0.0007670011705798638
1.4711695,0.0006071585854700587
1.4786581,0.00044731660898827995
1.4863186,0.00028747481632421885
1.4938453,0.00012763263930288065
1.5000159,5.327850138813886e-10
1.4998057,0.0
