Ewe,capacity_norm
1.3732171,0.0
1.2693192,0.00015817651755800687
1.2342451,0.0003163526664381174
1.2083216,0.0004745283791810356
1.1868492,0.0006327039750459506
1.1677265,0.0007908799373535717
1.1506861,0.000949055758663537
1.1352314,0.0011072316262594627
1.1208847,0.0012654074869634991
1.1073211,0.00142358353754347
1.0947893,0.0015817602361764764
1.0826776,0.0017399371369409208
1.0712919,0.001898113848869654
1.0600972,0.0020562906689526542
1.0495902,0.0022144669954871662
1.0392743,0.002372643260374184
1.0293214,0.0025308196771826556
1.0197887,0.0026889958475305484
1.0103325,0.002847171902601144
1.0012774,0.003005348266993931
0.99231786,0.0031635257983169767
0.98351109,0.003321702779414796
0.97499096,0.0034798800514587477
0.96677643,0.003638057356079406
0.95869565,0.0037962352264574906
0.95067215,0.003954413384235546
0.94301164,0.004112591060543745
0.93559945,0.004270768765944502
0.9282828,0.004428946121351473
0.92100435,0.004587123116285324
0.91401243,0.004745300295218443
0.90711606,0.004903477715930439
0.90048712,0.005061655107726268
0.89385825,0.005219832614250044
0.88749677,0.005378010165721366
0.88128811,0.0055361875670991816
0.87513673,0.005694364788272192
0.86917645,0.00585254180653561
0.86336899,0.006010718388929876
0.85744691,0.006168895421811113
0.85219342,0.006327072611269298
0.84672982,0.006485249947810263
0.84141904,0.006643427331424869
0.83620375,0.006801604683213279
0.83112222,0.006959782696002637
0.82623172,0.007117960733588959
0.82132208,0.0072761391637205216
0.8165462,0.007434316617665322
0.81186587,0.007592494154652123
0.80726188,0.007750671715275248
0.80279166,0.007908849386005048
0.79841697,0.00806702758390167
0.79408044,0.008225205626474759
0.78982037,0.008383384173799772
0.78573221,0.008541562660074362
0.78149122,0.008699740997539937
0.77742219,0.008857919023000007
0.77350593,0.009016097273561603
0.76957059,0.00917427569263752
0.76561618,0.009332454315287939
0.76187187,0.009490632656696635
0.7581085,0.009648811041228094
0.75455523,0.009806989563615037
0.75075364,0.00996516756472086
0.74733412,0.010123345126407873
0.74378085,0.010281522650197392
0.74041861,0.010439699876158347
0.73724741,0.01059787774242807
0.73394251,0.010756054815852876
0.73067582,0.010914232637645023
0.72744733,0.01107241086568286
0.72444808,0.011230589163392486
0.72131509,0.011388767158127273
0.71829671,0.011546945256615102
0.71545029,0.011705123267684062
0.71252745,0.011863301397377728
0.70960462,0.012021479795904275
0.70673907,0.012179657643543501
0.70404547,0.012337836000939692
0.70133281,0.012496014698600249
0.6985628,0.01265419293450452
0.69592649,0.012812370579223237
0.693443,0.012970548813989997
0.69074941,0.013128726652605626
0.68822777,0.01328690459880325
0.68559146,0.013445082414234711
0.68331814,0.013603260106295421
0.68073916,0.013761437847388674
0.67837036,0.013919615850821148
0.67600149,0.014077793934321174
0.67363268,0.014235972225421825
0.67126381,0.014394150665283968
0.66912425,0.014552328265162687
0.66679358,0.014710505773498342
0.66448206,0.014868683191938528
0.66232336,0.015026860776238398
0.65999275,0.015185038513062464
0.65785313,0.015343217066698394
0.65565622,0.015501395117295445
0.65340203,0.015659573519733995
0.65128154,0.015817751925229186
0.64914191,0.015975930398890666
0.64698321,0.016134108551826738
0.64484364,0.016292286232684826
0.64274222,0.01645046378652803
0.64077461,0.016608641234071346
0.63869232,0.016766818786419165
0.6365909,0.01692499635175061
0.63462323,0.017083173602697465
0.63257915,0.01724135060974577
0.63057327,0.01739952793135455
0.62851012,0.017557706115504314
0.62663794,0.017715883897380304
0.6246894,0.01787406226963471
0.62270266,0.018032240529792687
0.62073499,0.01819041874709848
0.6188246,0.018348596227724615
0.61687607,0.01850677383902178
0.61509943,0.018664951582448915
0.61324638,0.018823129479770242
0.61135513,0.018981307316019616
0.60954028,0.019139485101531142
0.60761082,0.019297663192983042
0.60568136,0.01945584070336035
0.6039812,0.019614018568541194
0.60201353,0.01977219594353264
0.60029417,0.019930373812789344
0.59846026,0.020088551195803127
0.59672183,0.020246728609038606
0.59492612,0.02040490677635567
0.59320676,0.02056308483515475
0.59137285,0.02072126281739808
0.58963442,0.020879440526125656
0.58789599,0.021037618112827807
0.58615756,0.021195795691086504
0.58445734,0.021353973519618256
0.5826807,0.021512150720239005
0.58105695,0.021670327986359237
0.57935673,0.02182850521082144
0.57769471,0.02198668294111
0.57595628,0.02214486058057449
0.5742752,0.022303038428004626
0.57276601,0.022461216389177786
0.57106578,0.022619394208366908
0.56948018,0.022777571944942406
0.56774175,0.02293575020146596
0.56617528,0.023093928304852324
0.56445593,0.023252106499238583
0.56292766,0.023410284482011143
0.56136119,0.02356846201999457
0.55971825,0.0237266395080738
0.5580945,0.023884816992350278
0.55652797,0.024042994221009955
0.55498058,0.024201171915102758
0.55345231,0.024359349236655406
0.55194312,0.02451752648829895
0.55033845,0.024675704348313555
0.54882926,0.024833881915878993
0.54722458,0.024992059779982135
0.54573447,0.0251502374883299
0.544168,0.025308415299794572
0.54267794,0.025466592935439198
0.54116875,0.025624770388332666
0.53969777,0.025782947756156794
0.53820771,0.025941125980278115
0.53687042,0.026099303915079333
0.53526574,0.026257481850579356
0.53383297,0.026415659499148886
0.53245753,0.026573837119647385
0.53089106,0.0267320150646539
0.52942008,0.026890192531892225
0.52808285,0.02704837019379151
0.52657366,0.027206547387317488
0.52517909,0.02736472468834217
0.52382272,0.027522901825375267
0.52238995,0.027681078742861666
0.5209381,0.027839255379443144
0.51954353,0.027997432185220866
0.51818717,0.028155609365139594
0.51683086,0.028313786608126026
0.51541716,0.028471963972171523
0.514099,0.02863014106018024
0.51272357,0.0287883185963445
0.511329,0.028946496092237515
0.50995356,0.02910467395628766
0.50882643,0.029262851776280182
0.50739372,0.029421029394637987
0.50603735,0.029579207247592932
0.50470006,0.02973738471790438
0.50328642,0.029895561941867186
0.5020256,0.030053739101995262
0.50078386,0.030211916591911317
0.4994275,0.030370094048049533
0.49816668,0.030528271142690792
0.49690583,0.03068644873674858
0.49566409,0.030844625876851453
0.49430776,0.031002803152513594
0.49302781,0.031160980107736245
0.49167147,0.03131915784101849
0.49046794,0.031477334790134245
0.48924533,0.03163551195181199
0.48798448,0.03179368952715125
0.48666635,0.03195186729070431
0.48546281,0.03211004511604123
0.48433572,0.03226822311345535
0.48301756,0.032426401260500906
0.48189044,0.032584579172843665
0.48059142,0.03274275702434325
0.47931147,0.03290093496736291
0.47822258,0.03305911278412231
0.47690442,0.03321729066412753
0.47577733,0.03337546896465043
0.47455469,0.033533646587868726
0.47338939,0.033691824283076995
0.47224316,0.03385000172923486
0.47102055,0.03400817935048571
0.46985522,0.03416635669383274
0.46865171,0.034324534046361974
0.46765831,0.03448271097795165
0.46637839,0.034640888183016666
0.46517485,0.034799065916654756
0.46408597,0.0349572433196165
0.46307346,0.03511542065369441
0.46185085,0.03527359813062579
0.46059,0.03543177574738015
0.45963484,0.035589953851089165
0.4583931,0.03574813143509848
0.45741883,0.035906308886902494
0.4562535,0.036064486189453286
0.45514551,0.03622266344903912
0.45407569,0.036380840519413205
0.45289129,0.03653901715632678
0.45199344,0.03669719369672634
0.450809,0.03685537024169528
0.44964367,0.037013547217959866
0.4486503,0.03717172421074001
0.44758052,0.037329901105903014
0.44643429,0.03748807765116235
0.44544092,0.03764625491475911
0.444352,0.03780443222431193
0.44343504,0.03796260997360772
0.4421933,0.038120787420445106
0.44118083,0.03827896528531163
0.44020653,0.03843714294399154
0.43919405,0.03859531996500298
0.43820068,0.038753497141715526
0.43714997,0.03891167465497375
0.43611839,0.039069852079704745
0.43512499,0.039228029609105174
0.43416983,0.03938620715191552
0.43319553,0.03954438449649405
0.43210664,0.03970256181234394
0.43107504,0.039860739265261576
0.43017718,0.040018916103923906
0.42916471,0.04017709352572242
0.42817131,0.04033527075045316
0.42719704,0.04049344835977039
0.42622274,0.04065162564662971
0.42524847,0.04080980324256746
0.42431238,0.040967981027433334
0.42328081,0.04112615894858899
0.42234474,0.04128433666349854
0.42146596,0.041442514175448336
0.42043439,0.041600691916508024
0.41963202,0.0417588697228587
0.41852403,0.04191704717544267
0.41762617,0.04207522421806948
0.41674739,0.04223340137620143
0.41569671,0.042391578599519884
0.41489434,0.04254975540798691
0.41388187,0.0427079325195669
0.41304132,0.042866109577067366
0.41218165,0.043024287171184124
0.41128379,0.043182464853088326
0.41029039,0.043340642808165436
0.40939254,0.04349882066430862
0.40857109,0.043656998549085696
0.40752038,0.043815176140247984
0.40673715,0.04397335362732695
0.40582016,0.04413153080518683
0.40499872,0.04428970806420169
0.40417728,0.044447885493393485
0.40322208,0.044606062884477445
0.40240064,0.044764241052748156
0.4015601,0.04492241890230802
0.40066221,0.045080596792370566
0.39982167,0.04523877437108558
0.39898109,0.045396951270685035
0.39814055,0.045555128208180994
0.3972427,0.0457133052885624
0.39638302,0.04587148215512375
0.39559978,0.04602965922127275
0.39474013,0.04618783611202863
0.39409059,0.046346013021370834
0.39323094,0.04650419022304123
0.39231399,0.04666236691826103
0.39151162,0.04682054451900172
0.39070928,0.0469787220557975
0.38996425,0.047136900169432554
0.38916188,0.04729507762515271
0.38834044,0.04745325466808416
0.38761452,0.04761143179161528
0.38685036,0.04776960832739235
0.38606712,0.04792778561475683
0.38530299,0.04808596276085325
0.38448152,0.048244140443248
0.38373649,0.048402317984006
0.38291502,0.04856049594128081
0.3822464,0.04871867363401312
0.38155869,0.04887685079750575
0.38087097,0.04903502788980287
0.37995398,0.04919320529534975
0.37934268,0.04935138235694535
0.37859765,0.049509559788360254
0.37800542,0.049667736840941196
0.37710756,0.0498259139122983
0.37643895,0.04998409097756393
0.3757703,0.0501422675480129
0.37494886,0.050300444326314406
0.37424204,0.050458621932341186
0.3735925,0.05061679921396316
0.37288567,0.05077497689488497
0.37210244,0.05093315407768651
0.37151024,0.05109133120095816
0.37070787,0.051249508218119015
0.37002015,0.05140768502147167
0.36921781,0.05156586192969318
0.36860648,0.051724039502349606
0.36789966,0.051882216918390414
0.36719283,0.05204039479244941
0.3666006,0.05219857244136984
0.36591288,0.05235675014330653
0.36526337,0.05251492779134345
0.36448011,0.05267310472088513
0.3638306,0.05283128175507124
0.36321929,0.05298945905292441
0.36247426,0.05314763586603624
0.36195844,0.05330581345350896
0.36134714,0.053463990801671246
0.36064032,0.05362216805705394
0.3599335,0.05378034559985927
0.35922664,0.05393852308412501
0.35865355,0.05409670010839169
0.35787031,0.05425487717434921
0.3574118,0.054413054734811714
0.3568387,0.054571232084652754
0.35617009,0.054729409267820175
0.35546327,0.05488758657441524
0.35490924,0.05504576394469232
0.35425973,0.055203942054700285
0.35378215,0.05536212010719883
0.35303712,0.05552029732038466
0.35238758,0.05567847452690228
0.35183358,0.05583665176836736
0.35129869,0.05599482868031304
0.35068735,0.05615300515165722
0.34999964,0.056311181522354606
0.34946474,0.05646935866099355
0.34891075,0.0566275361351279
0.34835672,0.05678571351938523
0.34780273,0.05694389096353748
0.3470577,0.05710206857017348
0.34658012,0.05726024663523989
0.34587327,0.05741842420337607
0.3454721,0.057576601549676525
0.34484169,0.05773477926125675
0.34444052,0.05789295682837214
0.34371457,0.058051134690389465
0.34308416,0.05820931219245604
0.34266388,0.05836748996214426
0.34209079,0.058525667587385366
0.34146035,0.058683845041683835
0.34100187,0.05884202261352255
0.3405816,0.05900019963232347
0.3400276,0.059158376963873854
0.33947361,0.059316554795702095
0.33897689,0.0594747325305893
0.33836558,0.05963291061494931
0.33779249,0.059791088752638666
0.33742952,0.05994926680919919
0.33679909,0.060107444783286
0.3362833,0.06026562265958226
0.3357484,0.060423800515187816
0.33527082,0.06058197830451482
0.33492696,0.06074015608144366
0.33425832,0.060898333847452156
0.33376163,0.06105651112398661
0.33322674,0.06121468801159617
0.33269185,0.06137286524166541
0.33223334,0.06153104229379546
0.33173665,0.06168921915303406
0.33122087,0.06184739572641288
0.33068597,0.062005572773492404
0.33030391,0.06216374912898584
0.3298454,0.06232192613510318
0.32931051,0.062480103244541
0.32890934,0.06263828034945775
0.32839355,0.06279645777918104
0.32797328,0.06295463519576179
0.32747656,0.06311281287350481
0.3271136,0.06327099101868586
0.32659781,0.06342916891159679
0.32617754,0.06358734690798823
0.32571906,0.0637455248861099
0.32520324,0.06390370259996513
0.32478297,0.06406188004911045
0.32430539,0.06422005746236331
0.32390422,0.06437823539738738
0.32350305,0.06453641318238948
0.32310188,0.06469459120796586
0.32254785,0.06485276906850648
0.32228041,0.06501094646745781
0.32184103,0.06516912409421985
0.32132524,0.06532730149312285
0.32100049,0.06548547874713759
0.32046556,0.06564365597385467
0.32017902,0.06580183282779106
0.31968233,0.06596001032581715
0.31930026,0.06611818758836185
0.31880358,0.06627636440614619
0.31855524,0.06643454197407779
0.31811583,0.06659271929840462
0.31775287,0.06675089676952588
0.31731349,0.06690907400062984
0.31687412,0.06706725148055828
0.31649205,0.06722542817231114
0.31618637,0.06738360527825488
0.31572789,0.06754178213166355
0.31549865,0.06769995936918181
0.31496376,0.0678581364646986
0.314639,0.06801631389765639
0.31431425,0.06817449096865454
0.31389394,0.06833266778764702
0.31355008,0.06849084457633316
0.31318712,0.06864902173342494
0.31278595,0.06880719853634969
0.31236568,0.06896537592669547
0.31204093,0.06912355331255439
0.31173527,0.06928173094463481
0.31142959,0.0694399087068764
0.31112394,0.06959808636208362
0.31076097,0.06975626350036211
0.31047443,0.06991444099103813
0.30999684,0.07007261841130086
0.30988222,0.07023079580162316
0.30938554,0.07038897329004498
0.30911806,0.07054715079453865
0.30871689,0.07070532817026003
0.30852586,0.0708635056019358
0.3082011,0.07102168294834753
0.30781904,0.07117986012296627
0.30751339,0.07133803695605427
0.30726504,0.07149621408596481
0.30695936,0.07165439080016964
0.3066155,0.07181256808262919
0.30636716,0.07197074566682027
0.30594689,0.07212892318217926
0.30571765,0.07228710083922793
0.30552661,0.07244527799726012
0.30525917,0.07260345540833323
0.30480069,0.07276163315347342
0.30460963,0.07291981042049134
0.30434218,0.07307798740354833
0.30399832,0.07323616442374323
0.30384549,0.0733943413407958
0.30352074,0.0735525175720212
0.30325329,0.07371069421002262
0.30313867,0.07386887162306169
0.30277571,0.07402704888774757
0.30237451,0.07418522622643665
0.30218348,0.07434340386376519
0.30191603,0.07450158085668936
0.3017441,0.07465975809213232
0.30153397,0.07481793541628237
0.30130473,0.07497611229849238
0.30092266,0.07513428945243442
0.30063611,0.07529246651239799
0.30034956,0.07545064338818808
0.30021584,0.07560882067293358
0.29998657,0.07576699790696823
0.29968092,0.07592517528717303
0.29952809,0.07608335279012708
0.29929885,0.07624152998368668
0.29903141,0.07639970741334204
0.29885948,0.07655788493781704
0.29855382,0.07671606213497223
0.29826728,0.07687423916136142
0.29819086,0.07703241624567904
0.29786611,0.07719059294459764
0.29763684,0.07734876949137753
0.29735029,0.07750694613927134
0.29715925,0.07766512314484081
0.29702553,0.07782330028202153
0.2968536,0.077981477291512
0.29664347,0.07813965424099696
0.2962614,0.078297830887482
0.29616588,0.07845600752439279
0.29605126,0.07861418449836288
0.2956883,0.07877236172947426
0.29551637,0.07893053870125269
0.29534441,0.07908871601783896
0.29522979,0.07924689323465706
0.29496235,0.07940507104192994
0.29475221,0.07956324825111283
0.29452297,0.07972142530424041
0.29433194,0.07987960265989719
0.29429373,0.08003777985189574
0.29398808,0.0801959568966838
0.29375884,0.08035413426623414
0.29364422,0.08051231107715352
0.29343408,0.08067048833377705
0.29320484,0.08082866558990943
0.29309019,0.08098684261541096
0.29282275,0.0811450202308895
0.29272723,0.08130319764851926
0.29259351,0.08146137477672435
0.29236427,0.08161955207930766
0.29219234,0.0817777288435341
0.29192489,0.0819359060226099
0.29188669,0.08209408375975157
0.29161924,0.08225226159189783
0.29150462,0.08241043916489509
0.29129449,0.08256861642158374
0.29121807,0.0827267935583929
0.29096973,0.08288497126649988
0.29075956,0.08304314818787992
0.29060674,0.08320132558932682
0.2904157,0.08335950303980114
0.29033929,0.0835176807405962
0.29016736,0.08367585821770944
0.28991902,0.08383403481912374
0.28963247,0.08399221122370445
0.28955606,0.0841503883571308
0.28944144,0.08430856489459859
0.2892313,0.08446674197829136
0.28907847,0.08462491895690073
0.28896385,0.08478309596231419
0.28869641,0.08494127242419852
0.28856266,0.08509944900221804
0.28840983,0.08525762558433694
0.2882188,0.08541580221818479
0.28800866,0.0855739786676959
0.28791314,0.08573215544358184
0.28781763,0.08589033210524115
0.2876839,0.08604850802869736
0.28737825,0.08620668466934833
0.28737825,0.08636486155884583
0.28716812,0.08652303797035349
0.28688157,0.08668121430111364
0.28672874,0.08683939082091216
0.2865186,0.08699756762237855
0.28640398,0.0871557447039286
0.28621292,0.0873139217567419
0.28606009,0.08747209887800782
0.2860983,0.08763027595778546
0.28579265,0.08778845294291546
0.28562072,0.08794662935442409
0.285487,0.08810480613328489
0.28518134,0.08826298278056327
0.28512403,0.08842115958367018
0.28489479,0.08857933626654665
0.28472286,0.08873751300044473
0.28462735,0.08889568978196036
0.28449363,0.08905386640725961
0.2843599,0.08921204311488605
0.28409246,0.08937021969257257
0.28397784,0.08952839586679465
0.28378677,0.08968657246112158
0.28371036,0.08984474928476051
0.28348112,0.09000292593505779
0.28329009,0.09016110274630022
0.28330919,0.0903192800683669
0.28304175,0.0904774572349643
0.28292713,0.09063563378718699
0.28265968,0.09079381031911139
0.28256416,0.09095198698153636
0.28243044,0.09111016339839044
0.28229672,0.09126834017581795
0.28208658,0.09142651698096359
0.28193375,0.09158469397214902
0.28180003,0.09174287084522133
0.28168541,0.09190104733974733
0.28147525,0.09205922397359458
0.28132242,0.09221740050758967
0.2812078,0.09237557669706463
0.28094035,0.0925337530814432
0.28080663,0.09269192916234208
0.2806538,0.09285010556363664
0.28048187,0.09300828196194015
0.28040546,0.09316645856001807
0.28013802,0.09332463514070584
0.2800616,0.09348281161440945
0.27996609,0.09364098790693999
0.27967954,0.09379916449190821
0.27969864,0.09395734106387735
0.27927834,0.09411551839445559
0.27925923,0.09427369541950954
0.27908731,0.09443187228322585
0.27885807,0.0945900490080109
0.27874345,0.09474822593100199
0.27853331,0.09490640328864462
0.27839959,0.09506458091883856
0.27834228,0.09522275800009189
0.27807483,0.09538093544211197
0.27794111,0.09553911277461286
0.27773097,0.09569729044247446
0.27763546,0.0958554677750182
0.27738711,0.0960136451140184
0.27721518,0.09617182216009797
0.27704322,0.09632999941352517
0.27696681,0.09648817575867223
0.27677578,0.09664635241612428
0.27666116,0.09680452957022322
0.27650833,0.09696270683661025
0.27637461,0.09712088390656738
0.27612627,0.09727906090836388
0.27597344,0.09743723804813773
0.2757442,0.09759541531492186
0.27561048,0.0977535925734465
0.27541944,0.09791176958608021
0.27536213,0.09806994597614545
0.27507558,0.09822812265335622
0.27501827,0.09838629980703974
0.27488455,0.0985444769847455
0.27465528,0.09870265363979545
0.27448335,0.09886083023750482
0.27436873,0.0990190072990734
0.2741968,0.09917718468431307
0.27402487,0.09933536192441986
0.27377653,0.0994935385733852
0.27354729,0.0996517159211994
0.27348998,0.09980989314042765
0.27329895,0.09996806994430028
0.27327985,0.10012624712291736
0.27305061,0.10028442461817727
0.27287868,0.10044260169642606
0.27272585,0.10060077835893554
0.27257302,0.10075895462520344
0.27232465,0.10091713140714459
0.27221003,0.10107530797919022
0.27209541,0.10123348502345252
0.27192348,0.10139166224112625
0.27169424,0.10154983942974491
0.27152231,0.10170801660169435
0.27135038,0.10186619348588095
0.27125487,0.10202437059147443
0.27104473,0.10218254735725694
0.27100652,0.10234072394817746
0.27075818,0.10249890067049616
0.27052894,0.10265707715819437
0.27039522,0.10281525353058253
0.2702615,0.10297343012854714
0.27008954,0.10313160665382874
0.2698985,0.10328978227317458
0.26974568,0.10344795841601867
0.26955464,0.10360613450865402
0.26945913,0.1037643104802671
0.26924899,0.10392248648645291
0.26915348,0.10408066229431669
0.26901975,0.1042388382517163
0.26886693,0.10439701471711316
0.26858038,0.1045551910553929
0.26844665,0.10471336816415155
0.26827472,0.1048715453125292
0.26817921,0.10502972272166902
0.26806459,0.10518789987158748
0.26781622,0.10534607695657
0.26766339,0.10550425376665953
0.26751056,0.10566243078277428
0.26728132,0.10582060759316676
0.2671285,0.10597878414305081
0.26697567,0.10613696116736346
0.26691836,0.10629513805153289
0.26665092,0.10645331489570636
0.26647899,0.1066114918785672
0.2665363,0.10676966869801562
0.26617333,0.10692784521697586
0.26607782,0.10708602194521315
0.26586768,0.10724419868660486
0.26575306,0.10740237585290516
0.26560023,0.10756055294438252
0.26546648,0.10771873037425395
0.26527545,0.10787690765273632
0.26508442,0.10803508497957276
0.26495069,0.1081932620639147
0.26472145,0.10835143928090396
0.26466414,0.10850961629854391
0.2644158,0.10866779281950152
0.26428208,0.10882596997243082
0.26409104,0.10898414695616736
0.26401463,0.10914232416861322
0.26376629,0.10930050039306562
0.26368988,0.10945867701775368
0.26347974,0.10961685351677766
0.26344153,0.10977502998829425
0.26332691,0.1099332063108852
0.26313585,0.11009138285051812
0.26288751,0.11024955982169095
0.2628684,0.1104077373107994
0.26263916,0.11056591440094828
0.26246724,0.11072409124137568
0.2622762,0.11088226810047709
0.26210427,0.1110404454423504
0.26193234,0.11119862229848054
0.26174131,0.11135679936641125
0.26158848,0.11151497619664184
0.26143566,0.11167315309401384
0.26130193,0.11183133005163498
0.26120642,0.11198950671721944
0.26091984,0.11214768327946842
0.26078612,0.11230585998126183
0.2606715,0.11246403680556885
0.26055688,0.11262221384837034
0.26040405,0.11278039056341664
0.26017481,0.11293856745666239
0.26004109,0.11309674472489319
0.25979275,0.11325492175562633
0.25965902,0.11341309878124921
0.2595253,0.11357127551211821
0.25929606,0.1137294525926663
0.25929606,0.11388762938241236
0.25904772,0.11404580607889966
0.25899041,0.1142039825530826
0.25889489,0.11436215968385331
0.25868475,0.11452033720624406
0.25837907,0.11467851408443133
0.25816894,0.11483669097009777
0.25813073,0.11499486754280883
0.2579588,0.11515304426883896
0.25776777,0.11531122073973928
0.25769135,0.11546939697904299
0.25750032,0.11562757283378489
0.25730929,0.11578574880490021
0.25717556,0.11594392514183528
0.25694633,0.11610210172920116
0.2568126,0.11626027843391921
0.25669798,0.11641845484864145
0.25648785,0.11657663136372204
0.25637323,0.11673480763234086
0.25618216,0.11689298436844776
0.25601023,0.11705116065773927
0.2558383,0.11720933716129055
0.25572369,0.11736751363808859
0.25553265,0.1175256907087982
0.25537983,0.11768386792225956
0.25526521,0.11784204455855095
0.25503597,0.11800022118131283
0.25492135,0.118158397640293
0.25474942,0.11831657413973173
0.25457749,0.11847475027601853
0.25444376,0.11863292656208958
0.25411901,0.11879110243662162
0.2540617,0.11894927846450494
0.25379422,0.11910745427859286
0.25371781,0.11926562988697417
0.2536414,0.11942380589070224
0.25345036,0.11958198167848225
0.25325933,0.11974015784043765
0.25303009,0.11989833363807183
0.25299188,0.12005650941070627
0.25278175,0.12021468493299786
0.25262892,0.1203728601231299
0.2525143,0.12053103547446764
0.25228506,0.12068921128210595
0.25213224,0.12084738699568257
0.25201762,0.12100556234076745
0.25180748,0.1211637369113659
0.25163552,0.12132191064951
0.25159732,0.12148008347464843
0.25129166,0.1216382558214383
0.25119615,0.1217964280608244
0.25096691,0.1219545999799335
0.25079498,0.12211277176808691
0.25069946,0.12227094366383894
0.25045112,0.1224291154924429
0.2503556,0.122587287629806
0.25024098,0.12274545972347563
0.25004995,0.12290363165198558
0.249878,0.12306180393453371
0.2498398,0.12321997657050442
0.24964876,0.12337814910464506
0.24953414,0.12353632115947633
0.24928579,0.12369449359132337
0.24930489,0.12385266619794631
0.24903744,0.12401083900256495
0.24877,0.124169011391344
0.24869359,0.12432718382766113
0.24854076,0.12448535655224335
0.24842614,0.1246435292317783
0.24833062,0.12480170170614877
0.24810137,0.12495987399815826
0.24798675,0.12511804645257749
0.24777661,0.12527621870566125
0.24764289,0.1254343902572453
0.24752827,0.12559256218579298
0.24731813,0.1257507341458091
0.24712709,0.12590890609559346
0.24701247,0.12606707810556805
0.24687874,0.1262252501614916
0.24668771,0.12638342203250855
0.24657309,0.12654159442151144
0.24643937,0.12669976673942082
0.24615282,0.12685793923875677
0.2460191,0.12701611190207607
0.2460191,0.12717428491482502
0.24588536,0.1273324578833107
0.24559881,0.12749063102660405
0.24540778,0.12764880385912794
0.24529316,0.12780697655805126
0.24517854,0.12796514892077318
0.24506392,0.1281233214692302
0.24493019,0.12828149390137852
0.24473915,0.128439666172951
0.24462453,0.1285978388262998
0.24439529,0.12875601141987844
0.24431887,0.12891418410924124
0.24403232,0.12907235692934474
0.24399412,0.12923052970510632
0.24384129,0.1293887018813299
0.24357383,0.1295468740837389
0.24344011,0.1297050466457504
0.24332549,0.12986321894574765
0.24321087,0.13002139114520148
0.24296252,0.130179563542681
0.24275239,0.13033773642395396
0.24271418,0.13049590881353162
0.24256136,0.13065408090695044
0.242313,0.13081225282787473
0.24210286,0.13097042492479322
0.24208376,0.131128596511922
0.24198824,0.13128676825503677
0.24177811,0.131444940463637
0.24160618,0.13160311248765774
0.24135782,0.131761284322663
0.2412432,0.13191945594299048
0.24112858,0.13207762701995154
0.24097575,0.13223579846308106
0.24089934,0.13239396986164284
0.24063189,0.13255214133096507
0.24045996,0.1327103129814867
0.24034534,0.13286848439070592
0.24024983,0.13302665565955113
0.24005878,0.13318482691471084
0.23990595,0.13334299738383248
0.23973402,0.13350116870353917
0.23954299,0.13365934089616976
0.23946658,0.13381751360338012
0.23931375,0.13397568642438584
0.23906539,0.134133859364006
0.23891257,0.13429203205893242
0.23866422,0.13445020493553944
0.23860691,0.13460837805514164
0.23843499,0.13476655078345773
0.23826306,0.13492472315814158
0.23826306,0.13508289530811307
0.23809113,0.13524106744893893
0.23782367,0.13539923976839033
0.23778546,0.13555741218719103
0.23753712,0.13571558453588986
0.23747981,0.13587375668937327
0.23725057,0.13603192959084634
0.23711684,0.1361901023843468
0.23705953,0.13634827509738995
0.23679207,0.1365064481331176
0.23665835,0.13666462112501945
0.23652463,0.1368227933802651
0.23641001,0.13698096594747564
0.23627628,0.13713913851729587
0.23606615,0.13729731029624875
0.23600884,0.13745548260941834
0.2357796,0.1376136541192728
0.23558855,0.1377718257196774
0.23543572,0.1379299971170975
0.235302,0.13808816820052586
0.23520648,0.1382463397412905
0.23499635,0.13840451122086112
0.23482442,0.13856268309682457
0.2347098,0.1387208550210905
0.23446144,0.13887902689605083
0.23434682,0.139037198449426
0.23432772,0.1391953702645186
0.23417489,0.13935354229149882
0.23398386,0.13951171450454258
0.23381193,0.1396698866110502
0.2336209,0.13982805805435308
0.23342986,0.1399862293528005
0.23346807,0.14014439963544564
0.23321971,0.14030257042777156
0.23308599,0.14046074025351352
0.23295227,0.14061890934082702
0.23274213,0.1407770783120988
0.2325893,0.14093524763862206
0.23236006,0.1410934176277562
0.23222634,0.14125158741053734
0.23218812,0.1414097574060228
0.23199709,0.1415679273311998
0.23182516,0.14172609746660783
0.23167233,0.1418842676836844
0.23161502,0.14204243794411095
0.23136668,0.14220060803499857
0.23123296,0.1423587789719634
0.23108013,0.14251694945178686
0.2309846,0.14267512000784527
0.23079357,0.14283329077468346
0.23067895,0.14299146135710902
0.2304306,0.14314963150236043
0.23029688,0.143307801591072
0.23027778,0.14346597178356468
0.23008674,0.14362414183333708
0.22993392,0.14378231087109924
0.22993392,0.14394048005192697
0.22966646,0.14409864932238794
0.22953273,0.1442568185458102
0.22937991,0.14441498776624095
0.22915067,0.14457315666015028
0.22897874,0.1447313253092343
0.22884502,0.14488949427032766
0.22880681,0.1450476631404759
0.22863486,0.14520583102396153
0.22848204,0.14536399878811024
0.2282719,0.1455221668680282
0.22808087,0.14568033480821022
0.22798535,0.14583850267422147
0.22785163,0.14599667064041771
0.2276606,0.1461548387745065
0.22752686,0.14631300707182962
0.22733583,0.14647117544637192
0.227183,0.14662934381861092
0.22710659,0.14678751212340063
0.22687735,0.14694568065735195
0.22682004,0.14710384885462166
0.226629,0.14726201689080992
0.22643796,0.14742018443287844
0.22638065,0.1475783521201015
0.2261323,0.14773651881737787
0.22607499,0.1478946854958717
0.22586486,0.14805285181070052
0.22575024,0.14821101762435482
0.22557831,0.1483691845755703
0.22544459,0.1485273518897804
0.22513892,0.14868551891702356
0.2250625,0.1488436851957993
0.22492878,0.14900185182519848
0.22471865,0.14916001856690686
0.22450851,0.14931818509509862
0.22448941,0.14947635172311324
0.22439389,0.14963451930743799
0.22408822,0.14979268627729536
0.22401181,0.1499508527705031
0.22364885,0.15010901899264598
0.22366795,0.15026718528460348
0.22353423,0.15042535211205005
0.22334319,0.1505835198127979
0.22317126,0.15074168836170407
0.22305664,0.15089985664647568
0.22280829,0.15105802441533422
0.22278918,0.15121619182795398
0.22255994,0.15137435959818482
0.22246443,0.1515325281022312
0.22217788,0.15169069633184606
0.22208236,0.15184886465879757
0.22189133,0.15200703290292408
0.22175759,0.15216520115103443
0.22154745,0.15232336983380634
0.22141373,0.15248153843097
0.22133732,0.15263970721187373
0.22114629,0.1527978758898692
0.22103167,0.15295604477283392
0.22082153,0.15311421367672276
0.22061138,0.15327238210162494
0.22038214,0.15343055000925257
0.22032483,0.1535887166335864
0.2201338,0.1537468836586258
0.22011469,0.1539050509293456
0.21984725,0.15406321877547144
0.21969442,0.15422138635690263
0.2195607,0.15437955379893267
0.21938875,0.15453772092511064
0.21915951,0.15469588814893726
0.2190831,0.15485405579433892
0.21887296,0.15501222329583367
0.21877745,0.15517039102435318
0.21868193,0.15532855849917498
0.21851,0.15548672574464256
0.21828075,0.1556448933205469
0.21820433,0.15580306083732684
0.2180133,0.15596122774940208
0.21787958,0.15611939453772272
0.21772675,0.15627756085883468
0.21759303,0.15643572702711733
0.217402,0.15659389330729867
0.21723005,0.15675205927269587
0.21717274,0.15691022544923022
0.2169244,0.1570683922501062
0.21677157,0.15722655954468956
0.21665695,0.15738472645722484
0.21658054,0.1575428929535656
0.2163322,0.15770106012142973
0.21625578,0.1578592272976067
0.21610296,0.15801739375025695
0.21589281,0.1581755594987682
0.21575908,0.15833372477651694
0.21568267,0.15849188955820642
0.21551074,0.15865005441606134
0.21539612,0.15880821890016564
0.21524329,0.15896638343624744
0.21501406,0.15912454834388867
0.21493764,0.159282713827982
0.2147848,0.15944088005915477
0.21468928,0.1595990451332902
0.21438363,0.15975720938960175
0.21426901,0.1599153740229576
0.21415439,0.16007353939708577
0.21407798,0.16023170521112587
0.21390605,0.1603898715359583
0.21375321,0.1605480378631135
0.21363859,0.16070620497787713
0.21352397,0.16086437241894522
0.21339025,0.1610225399334955
0.21323742,0.16118070680065227
0.21304639,0.16133887334132113
0.21289356,0.1614970397885572
0.21274073,0.16165520494155536
0.21264522,0.16181337061802653
0.21239686,0.16197153687598398
0.21243507,0.16212970373850547
0.21224403,0.16228787099997027
0.21214852,0.16244603860765866
0.21201479,0.1626042067957038
0.21186197,0.16276237507153046
0.21178555,0.16292054276927434
0.21151811,0.16307870999023283
0.21142258,0.1632368763205465
0.21138437,0.16339504218266998
0.21123154,0.16355320791040046
0.21104051,0.16371137349694004
0.21100231,0.16386953886583092
0.21081127,0.16402770390855617
0.21069665,0.16418586935638227
0.21058203,0.16434403541932968
0.21048652,0.16450220112975178
0.21023816,0.16466036640811935
0.21021906,0.16481853188871715
0.21000892,0.16497669767660425
0.21004713,0.1651348634305193
0.2098752,0.16529302931578102
0.20976058,0.16545119519914078
0.20966506,0.16560936070992394
0.20953134,0.16576752628042662
0.20960775,0.16592569208467595
0.2093403,0.1660838581612741
0.2093403,0.16624202399898616
0.20922568,0.16640019047775859
0.20911105,0.166558356659448
0.20901553,0.16671652246434776
0.20886271,0.16687468769086414
0.20870988,0.1670328532589871
0.20865257,0.16719101900458963
0.20855705,0.16734918463535636
0.20844243,0.1675073503596133
0.20836602,0.16766551579940803
0.20838512,0.16782368054374874
0.20827051,0.1679818445760497
0.20806037,0.16814000896031528
0.20806037,0.16829817350712514
0.20806037,0.16845633807387697
0.20785022,0.16861450267819159
0.20790753,0.16877266701183147
0.20779291,0.16893083084336707
0.20771649,0.16908899506248437
0.20769739,0.16924715983025215
0.20765918,0.1694053240537888
0.20746815,0.1695634887459873
0.20746815,0.1697216541484674
0.20731533,0.16987982029768398
0.20720071,0.17003798582232982
0.20725802,0.17019615087679196
0.20723891,0.17035431539304954
0.20708609,0.17051247973211878
0.20708609,0.17067064424463163
0.20689505,0.1708288087421714
0.20691416,0.1709869733013847
0.20681863,0.17114513808864726
0.20687594,0.17130330366788374
0.20683773,0.1714614698278446
0.20685683,0.17161963402991465
0.20672311,0.1717777986414447
0.2066849,0.17193596311951892
0.20655118,0.1720941272277951
0.20647477,0.17225229225915206
0.20643656,0.17241045734389898
0.20643656,0.17256862219374405
0.20632194,0.17272678701315142
0.20632194,0.17288495186071928
0.20626463,0.1730431159937283
0.20622642,0.1732012807581806
0.20615001,0.1733594453839246
0.20615001,0.17351760951071174
0.20613091,0.1736757731477466
0.20601629,0.17383393695197968
0.20593987,0.17399210130630283
0.20601629,0.1741502658795676
0.20605449,0.1743084303416359
0.20588256,0.17446659444646045
0.20590167,0.1746247586150465
0.20584436,0.1747829228372395
0.20576794,0.17494108729452576
0.20571062,0.175099251970474
0.20567241,0.1752574177147302
0.20567241,0.17541558375395008
0.20565331,0.17557375004045142
0.2056151,0.17573191638607738
0.20563421,0.17589008252212598
0.20553869,0.17604824865977695
0.20544317,0.17620641474374255
0.20546228,0.1763645804579866
0.20542407,0.1765227451918684
0.20538586,0.17668091000695832
0.20536676,0.1768390751073886
0.20532855,0.17699724075341347
0.20538586,0.17715540563529306
0.20532855,0.17731357039068668
0.20523304,0.17747173513752085
0.20530945,0.17762989902853527
0.20517573,0.17778806305339973
0.20513752,0.17794622732054122
0.20513752,0.17810439201091186
0.20508021,0.17826255723627993
0.20511842,0.1784207227332354
0.2050038,0.17857888841324274
0.20519483,0.17873705312336444
0.205042,0.1788952173409732
0.2050038,0.17905338144607805
0.20492738,0.17921154524701327
0.20496559,0.17936970884590941
0.20488918,0.1795278727175475
0.20490828,0.1796860363953746
0.20494649,0.1798442004569935
0.20490828,0.18000236413560508
0.20479366,0.18016052741416932
0.20479366,0.18031869022607627
0.20483187,0.18047685330881616
0.20471725,0.1806350167479938
0.20465994,0.1807931808421847
0.20469815,0.18095134555507306
0.20460263,0.18110951093337033
0.20460263,0.18126767759985768
0.20469815,0.18142584535460957
0.2045262,0.18158401401319144
0.20456441,0.18174218370068293
0.2045262,0.18190035362950618
0.20443068,0.1820585242935595
0.20444979,0.18221669547976055
0.20446889,0.18237486702344696
0.2045071,0.1825330392447839
0.20443068,0.1826912117373103
0.20429696,0.18284938406283954
0.20443068,0.18300755691389795
0.20431606,0.18316573032117556
0.20437337,0.18332390378587726
0.20439248,0.1834820776785637
0.20427786,0.18364025120942748
0.20431606,0.1837984249192589
0.20423965,0.18395659849201126
0.20429696,0.18411477230463943
0.20412503,0.18427294620123127
0.20422055,0.18443111985291974
0.20410593,0.18458929359016024
0.20406772,0.18474746748456058
0.20404862,0.18490564131721232
0.20404862,0.18506381493324436
0.20401041,0.1852219885854823
0.20408683,0.18538016285796624
0.20399131,0.18553833708093526
0.20397221,0.1856965107459839
0.20389579,0.18585468483154885
0.20387669,0.18601285905277343
0.20381938,0.18617103345178512
0.20385759,0.18632920797301145
0.20380028,0.18648738274636822
0.20378117,0.1866455573294284
0.20378117,0.18680373210106693
0.20376207,0.18696190682926309
0.20368566,0.18712008179023218
0.20370476,0.1872782565401923
0.20362835,0.1874364313169703
0.20357104,0.18759460665643768
0.20349462,0.18775278199287312
0.20353283,0.18791095742911618
0.20355193,0.18806913262271643
0.20345642,0.18822730841434704
0.20337999,0.18838548443223435
0.20347552,0.18854366004562698
0.20337999,0.1887018355693133
0.20343731,0.1888600113061408
0.20337999,0.18901818759698216
0.20336089,0.18917636375191557
0.20326537,0.18933453991502713
0.20332268,0.1894927159334536
0.20322716,0.18965089180656053
0.20324627,0.18980906749279786
0.20326537,0.1899672429190303
0.20309344,0.19012541826977963
0.20316985,0.19028359397570072
0.20313165,0.1904417694985336
0.20309344,0.19059994558491153
0.20303613,0.1907581215623922
0.20297882,0.1909162975488472
0.2028833,0.19107447316641277
0.20294061,0.1912326487511189
0.20292151,0.1913908246115152
0.20292151,0.19154900049214754
0.2028451,0.1917071759322716
0.20280689,0.19186535185559872
0.20280689,0.19202352770352504
0.20278779,0.19218170346655694
0.20271137,0.1923398797173133
0.20278779,0.1924980555031723
0.20273048,0.1926562314411499
0.20263496,0.1928144078469407
0.20263496,0.19297258383849994
0.20259675,0.19313075960734805
0.20253944,0.1932889362683045
0.20259675,0.1934471127409867
0.20240572,0.19360528882313233
0.20248213,0.1937634652652521
0.20252034,0.19392164111543336
0.20236751,0.19407981709972125
0.20238662,0.19423799248946044
0.20234841,0.19439616789572783
0.20236751,0.19455434351857356
0.20215736,0.19471251965986724
0.20219557,0.19487069599905868
0.20213826,0.1950288719488391
0.20208095,0.19518704809342127
0.20221467,0.19534522476992847
0.20210005,0.19550340156077367
0.20211916,0.1956615777993339
0.20200454,0.1958197540177836
0.20190902,0.1959779306860746
0.2017944,0.19613610740472254
0.20187081,0.1962942836227416
0.20196633,0.19645246042061493
0.20188992,0.1966106369868932
0.2017753,0.19676881365317334
0.20175619,0.19692699018189208
0.20185171,0.19708516610955498
0.20173709,0.19724334218932646
0.20162247,0.19740151844230558
0.20160337,0.1975596951157648
0.20162247,0.1977178714188081
0.20146964,0.1978760477187926
0.20156516,0.19803422408063398
0.20148875,0.19819240053756335
0.20143144,0.19835057705608117
0.20137413,0.19850875331097123
0.20141234,0.19866692925001017
0.20145054,0.19882510507803872
0.20125951,0.19898328147308544
0.20112579,0.1991414580795984
0.2012213,0.1992996348220574
0.20110667,0.19945781184439712
0.20101115,0.1996159882277883
0.20101115,0.19977416425372066
0.20103025,0.1999323401864426
0.20089653,0.2000905166092745
0.20103025,0.20024869300239376
0.20089653,0.20040686930307416
0.20085832,0.2005650456804804
0.20085832,0.20072322244898716
0.20078191,0.2008813991077138
0.20066729,0.2010395760418142
0.20064819,0.20119775299684417
0.20053357,0.2013559292757049
0.20057178,0.20151410527071778
0.20055267,0.2016722818483234
0.20055267,0.20183045879803532
0.20036164,0.20198863528696387
0.20038074,0.20214681178191882
0.20032343,0.20230498843261893
0.20028523,0.20246316517535
0.20032343,0.20262134198903786
0.20017061,0.2027795187507693
0.20020881,0.20293769554077037
0.20007509,0.2030958725697825
0.20009419,0.2032540492919256
0.19999868,0.20341222589114866
0.20003688,0.20357040270255553
0.19994135,0.20372857960796967
0.19986494,0.2038867563640236
0.19988404,0.20404493298038123
0.19978853,0.20420310967167485
0.19982673,0.20436128707828258
0.19959749,0.20451946388785555
0.1996166,0.20467764051033843
0.1996166,0.20483581705357887
0.19959749,0.2049939934715445
0.19944467,0.2051521698696771
0.19940646,0.20531034617373023
0.19938736,0.20546852254152104
0.19933005,0.20562669949931434
0.19925363,0.20578487638886836
0.1990626,0.20594305309457567
0.19921543,0.20610123015209023
0.19911991,0.2062594072004074
0.1990817,0.20641758388258147
0.19900529,0.2065757607326265
0.19894798,0.2067339377115859
0.19883336,0.20689211455162046
0.19883336,0.20705029106701867
0.19875693,0.20720846806218993
0.19866142,0.20736664582310316
0.19866142,0.20752482342066228
0.1985659,0.207683000492297
0.19850859,0.20784117780617148
0.19837487,0.20799935513395032
0.19833666,0.20815753235656237
0.19833666,0.20831570989730036
0.19831756,0.20847388678781154
0.19820294,0.2086320636716707
0.19814563,0.20879024030677754
0.1980119,0.20894841673839928
0.1980119,0.20910659296096273
0.1979737,0.20926476923221604
0.19780177,0.20942294559020863
0.19776356,0.20958112172812599
0.19762982,0.2097392980092367
0.19768715,0.20989747390068933
0.19759162,0.21005565015915234
0.19745789,0.21021382671905783
0.197477,0.21037200380454382
0.19743879,0.2105301806359109
0.19726686,0.21068835727846577
0.19724776,0.21084653383552499
0.19711404,0.21100471073417165
0.19703762,0.21116288768322958
0.19694211,0.21132106467943207
0.19696121,0.21147924187776787
0.19694211,0.21163741919499218
0.19677018,0.21179559620207464
0.19677018,0.21195377332751372
0.19665556,0.21211195051326714
0.19659825,0.21227012759601824
0.19646451,0.2124283041407573
0.19634989,0.21258648062299015
0.19636899,0.21274465746666996
0.19627348,0.21290283438245378
0.19621617,0.21306101120264123
0.19608244,0.21321918817825386
0.19608244,0.21337736535470458
0.19598693,0.21353554235234867
0.19591051,0.21369371893209768
0.19568127,0.2138518956538204
0.19571948,0.21401007208992393
0.19571948,0.21416824876756888
0.19558576,0.21432642606509986
0.19539472,0.2144846031522465
0.19539472,0.21464278047360158
0.19524188,0.2148009575054255
0.19522278,0.21495913403106193
0.19510816,0.2151173106954266
0.19493623,0.21527548773981015
0.19485982,0.21543366465034347
0.19484071,0.21559184157532021
0.1947834,0.21575001869233734
0.19468789,0.2159081961343255
0.19457327,0.21606637402057322
0.19447775,0.21622455156493137
0.19434403,0.21638272928344898
0.19417208,0.21654090676187918
0.19413388,0.21669908400911467
0.19398105,0.21685726066178615
0.19396195,0.2170154372519776
0.19392374,0.2171736135057348
0.19379002,0.21733178986493779
0.19380912,0.21748996622719072
0.19356078,0.21764814311571481
0.19346526,0.21780632036534206
0.19335064,0.21796449762854894
0.19327423,0.21812267501667967
0.19315961,0.2182808521482236
0.19291125,0.2184390292241549
0.19289215,0.21859720629541424
0.19275843,0.2187553833095547
0.1926056,0.21891355990024786
0.1926247,0.2190717367680817
0.19256739,0.21922991407807998
0.19235726,0.21938809136090456
0.19224264,0.21954626884380485
0.19210891,0.21970444533381422
0.19199429,0.21986262209590596
0.19210891,0.22002079864098492
0.19186056,0.22017897526418498
0.19176504,0.22033715173973695
0.19161221,0.2204953278166333
0.19159311,0.22065350445396206
0.19138297,0.22081168089742587
0.19121104,0.22096985744827033
0.19113463,0.221128033888321
0.19105822,0.2212862105318664
0.19105822,0.22144438721945792
0.19077167,0.22160256387028748
0.19065703,0.22176074022805675
0.19050421,0.22191891677635597
0.1904469,0.2220770936711496
0.19029407,0.22223527019248132
0.19010304,0.22239344666735056
0.19006483,0.22255162294213607
0.19008394,0.22270979970047813
0.18983559,0.22286797595722427
0.18964456,0.2230261525704916
0.18956813,0.22318432926126858
0.18945351,0.2233425058924467
0.18924338,0.22350068217108093
0.18916696,0.22365885842133937
0.18905234,0.22381703504448883
0.18891862,0.22397521107965826
0.18886131,0.22413338708970898
0.1887849,0.22429156341824263
0.18861297,0.22444973994729003
0.18844102,0.2246079162968438
0.18824999,0.2247660925347054
0.18819268,0.224924269161245
0.18813537,0.22508244574642325
0.18792523,0.22524062217190347
0.18786792,0.2253987983978207
0.18767689,0.22555697501114677
0.18758138,0.2257151513942523
0.18740945,0.22587332736468568
0.18737124,0.22603150291101554
0.18733303,0.22618967891440167
0.18698916,0.22634785474780958
0.18691275,0.22650603009657272
0.18674082,0.22666420546237917
0.18656889,0.22682238118772174
0.18651158,0.22698055682412183
0.18637785,0.22713873217370087
0.18633965,0.227296907791157
0.18603398,0.22745508331884803
0.18597667,0.22761325911862954
0.18582384,0.22777143509416875
0.18572833,0.2279296113244684
0.18563281,0.22808778756043113
0.18546088,0.2282459634549338
0.18528895,0.2284041397659898
0.18526985,0.22856231625496987
0.18505971,0.22872049254281915
0.18498328,0.22887866836491658
0.18484956,0.22903684428357426
0.18469673,0.2291950202236125
0.18454391,0.2293531960708094
0.1845057,0.2295113720010569
0.18429556,0.2296695483520526
0.18412364,0.22982772451560393
0.18410453,0.22998590057131119
0.18387529,0.23014407661532324
0.18379886,0.2303022526020169
0.18362693,0.2304604287814409
0.18347411,0.2306186042187471
0.18330218,0.2307767801955722
0.18316846,0.23093495610399015
0.18301563,0.23109313157860314
0.18303473,0.2312513073410663
0.1828246,0.23140948344267162
0.18267176,0.23156765949379807
0.18253803,0.23172583553775808
0.18242341,0.23188401120465996
0.1823279,0.23204218656063388
0.18217507,0.23220036187581217
0.18206045,0.23235853721587046
0.18188852,0.23251671278935881
0.18169749,0.23267488877397816
0.18160197,0.23283306467087456
0.18148734,0.23299123982879796
0.1812581,0.2331494155264826
0.18120079,0.23330759107127655
0.18118168,0.2334657664184996
0.18104796,0.2336239417408511
0.18089513,0.23378211755309955
0.18060859,0.23394029324262533
0.18053217,0.23409846899360223
0.18041755,0.23425664503656546
0.18026471,0.23441482111003586
0.18001637,0.2345729969236963
0.18011189,0.23473117278485534
0.18001637,0.2348893480579891
0.17974892,0.2350475241183774
0.1795961,0.235205700085871
0.1795961,0.2353638759118289
0.17938596,0.2355220518600561
0.17921402,0.23568022770219507
0.17917581,0.2358384032952512
0.17900388,0.23599657833904014
0.17885105,0.2361547541655354
0.17871733,0.23631293025816305
0.17864092,0.2364711067778669
0.17837347,0.2366292828952464
0.17829706,0.23678745883569977
0.17816333,0.2369456343914268
0.17810601,0.23710381022137247
0.17799139,0.2372619860892796
0.17780036,0.23742016187487944
0.17770484,0.23757833741268775
0.17755201,0.23773651274618354
0.17743739,0.23789468832692745
0.17732278,0.2380528639763703
0.17726547,0.23821103968350588
0.17711264,0.23836921554949045
0.17699802,0.23852739151234092
0.17688338,0.23868556713283387
0.17673056,0.23884374252677368
0.17663504,0.2390019182153135
0.17646311,0.2391600939314357
0.17632939,0.2393182693714458
0.17621477,0.2394764449472536
0.17611925,0.2396346205693185
0.17596643,0.2397927961914993
0.17577538,0.2399509720973978
0.17579448,0.24010914771688785
0.17564166,0.24026732343237003
0.17548883,0.24042549975655808
0.17539331,0.24058367598453684
0.1752978,0.24074185218350677
0.17514497,0.2409000275469048
0.17497304,0.24105820329101468
0.17489663,0.24121637895195008
0.17480111,0.24137455478339753
0.1747438,0.24153273039658146
0.17451455,0.24169090614447075
0.17455275,0.24184908230205995
0.17438082,0.2420072588197355
0.17430441,0.24216543557667483
0.174228,0.24232361106460665
0.17401786,0.24248178644057902
0.17388414,0.2426399617766263
0.17378862,0.24279813723965077
0.1736358,0.24295631277262553
0.17361669,0.24311448840728744
0.17350206,0.2432726635423218
0.17336833,0.24343083912877855
0.17327282,0.2435890151521982
0.17302448,0.2437471907307084
0.17302448,0.24390536610863953
0.17289075,0.24406354184632767
0.17283344,0.24422171761374956
0.17266151,0.24437989276013572
0.17262331,0.24453806769763697
0.17245138,0.2446962425500391
0.17231764,0.24485441750936257
0.17220302,0.24501259340274334
0.17218392,0.24517076847886793
0.1721075,0.24532894333137484
0.17197378,0.2454871181843726
0.17189737,0.24564529333447624
0.17170633,0.24580346839127698
0.17164902,0.24596164372146082
0.17172544,0.2461198187799817
0.17155351,0.24627799353928864
0.17138158,0.24643616894690148
0.17128606,0.24659434431267555
0.17126696,0.24675251941826154
0.1710186,0.24691069414252767
0.1710186,0.2470688693269997
0.17092308,0.2472270447924334
0.17073205,0.2473852201695674
0.17069384,0.24754339547128182
0.17063653,0.24770157096454054
0.17046461,0.2478597463885014
0.1704073,0.2480179212792766
0.17029268,0.24817609637877816
0.17017806,0.24833427184264492
0.17004432,0.248492447355882
0.16991059,0.24865062289197645
0.16983418,0.24880879838133804
0.16971956,0.2489669736538161
0.16964315,0.24912514877665057
0.16954763,0.24928332350907512
0.16941391,0.2494414981892268
0.1693566,0.2495996727035606
0.16922288,0.24975784725038044
0.16920377,0.24991602199182317
0.16903184,0.25007419709329703
0.16903184,0.25023237263847403
0.16893633,0.250390547793483
0.16882169,0.25054872332055306
0.16876438,0.25070689831185466
0.16863066,0.2508650738198561
0.16851604,0.25102324874780246
0.16838232,0.25118142371402
0.1682868,0.2513395987014904
0.16821039,0.2514977735952797
0.16813397,0.2516559488884283
0.16794294,0.2518141238570637
0.16794294,0.251972299055975
0.16786653,0.25213047424359974
0.16779011,0.2522886491786088
0.16767548,0.2524468239414037
0.16759907,0.25260499922817264
0.16742714,0.2527631746181596
0.16744624,0.2529213496390478
0.16731252,0.2530795247133855
0.1671979,0.2532376997212308
0.16712148,0.25339587491320525
0.16704507,0.25355404973387413
0.16693045,0.2537122243410319
0.16687314,0.25387039930682087
0.16685404,0.2540285745362796
0.1666439,0.2541867495446769
0.1666439,0.254344924151284
0.16647196,0.25450309892290396
0.16637644,0.2546612734169061
0.16639555,0.2548194480483035
0.16626182,0.25497762273470304
0.16616631,0.2551357975623558
0.16603258,0.2552939725204004
0.16589886,0.2554521473742146
0.16589886,0.2556103221688729
0.16576514,0.2557684974533171
0.16561231,0.25592667294525595
0.16563141,0.25608484839325113
0.16549769,0.2562430238261128
0.16545948,0.25640119915082077
0.16532575,0.2565593740096019
0.16523023,0.25671754827384846
0.1650583,0.2568757227700047
0.1650583,0.25703389742001037
0.16498189,0.2571920722963513
0.16490547,0.2573502474566397
0.16471444,0.2575084221815178
0.16469534,0.2576665968319897
0.16463803,0.2578247716305167
0.16440879,0.25798294611803957
0.1644852,0.258141120495599
0.16438968,0.25829929546853553
0.16416043,0.2584574705353553
0.16406491,0.2586156454671832
0.1640076,0.2587738202399262
0.16389298,0.2589319950907207
0.16383567,0.25909017008099455
0.16377836,0.25924834473134256
0.16358733,0.25940651913018403
0.16349182,0.2595646939056369
0.16343451,0.25972286889268126
0.16343451,0.2598810442808959
0.16335809,0.2600392194423741
0.16328168,0.2601973948856881
0.16312884,0.26035557006922716
0.16307153,0.2605137449992926
0.16301422,0.2606719201024061
0.16284229,0.26083009517795613
0.16268946,0.2609882699491233
0.16263215,0.2611464445968396
0.16253664,0.26130461923567616
0.16247933,0.2614627938398804
0.1623074,0.2616209684084888
0.1623265,0.2617791430680939
0.16223098,0.2619373177440567
0.16213547,0.2620954922099337
0.16198263,0.26225366664775834
0.16188711,0.2624118414009406
0.16177249,0.2625700164844565
0.16169608,0.26272819115388163
0.16165787,0.26288636582272956
0.16156235,0.2630445399615491
0.16139042,0.2632027144187303
0.16129491,0.26336088887342296
0.1612567,0.2635190633228749
0.16106567,0.26367723747826743
0.16102746,0.26383541187363
0.16093194,0.2639935865461182
0.1607409,0.2641517612814748
0.16072179,0.26430993611317594
0.16062628,0.26446811109360874
0.16051166,0.26462628626425366
0.16047345,0.26478446112219556
0.16041614,0.264942635895758
0.16028242,0.2651008105732682
0.16011049,0.2652589854296027
0.16005318,0.26541716025882384
0.15995766,0.2655753351243477
0.1596902,0.265733509756755
0.15982394,0.26589168430462023
0.15949917,0.26604985911550194
0.15957558,0.26620803418349437
0.15949917,0.2663662091262228
0.15926993,0.26652438425628144
0.15928903,0.2666825588528142
0.15921262,0.2668407338281267
0.15905979,0.26699890887482375
0.15881145,0.26715708411041394
0.15890697,0.2673152591025963
0.15877324,0.2674734340445915
0.15867773,0.2676316088852946
0.15858221,0.2677897833323979
0.15856311,0.26794795813531874
0.15833385,0.2681061328063987
0.15831475,0.26826430737225176
0.15818103,0.26842248162997684
0.15816192,0.26858065627078986
0.15791358,0.26873883114452407
0.15798999,0.2688970060865404
0.15777986,0.2690551812032732
0.15772255,0.26921335607120755
0.15766524,0.2693715308751558
0.1574169,0.26952970550883665
0.15739778,0.2696878805732558
0.15730226,0.2698460549277352
0.15716854,0.2700042301594769
0.15714943,0.2701624050414524
0.15707302,0.2703205801796593
0.15692019,0.27047875525330073
0.15682468,0.27063693021729995
0.15671006,0.2707951050956644
0.15661454,0.2709532801131416
0.15649992,0.27111145478137644
0.15632799,0.27126962938849203
0.1563471,0.27142780364497915
0.15627068,0.27158597856690686
0.15619425,0.27174415369964416
0.15609874,0.27190232866442426
0.15596502,0.2720605030739668
0.1558886,0.27221867776529424
0.1558504,0.2723768522623013
0.15573578,0.2725350273482215
0.15560205,0.27269320188860247
0.15550654,0.2728513763230077
0.15550654,0.27300955071626065
0.15544923,0.2731677252296924
0.1552773,0.2733258997855838
0.15502894,0.273484074350631
0.15497163,0.27364224871748616
0.15497163,0.2738004232826549
0.15491432,0.27395859746605944
0.1548188,0.2741167712936728
0.15470418,0.2742749455864598
0.15457046,0.2744331200382778
0.15449405,0.2745912947337455
0.15443674,0.2747494693198347
0.15432212,0.27490764348349156
0.15426481,0.27506581799486246
0.15415019,0.2752239919911359
0.15401646,0.2753821662444413
0.15390183,0.2755403404782379
0.15390183,0.27569851452787597
0.153749,0.2758566886890927
0.15363438,0.27601486302713324
0.15359618,0.2761730374887527
0.15350066,0.2763312118050796
0.15336694,0.27648938601453776
0.15325232,0.27664755992961
0.1531377,0.27680573403132397
0.15300398,0.27696390848650665
0.15290846,0.277122083025427
0.15302308,0.2772802580939875
0.15285115,0.27743843323559086
0.15275562,0.27759660801212116
0.1526219,0.2777547829258185
0.15248817,0.2779129581861595
0.15246907,0.2780711328804198
0.15237355,0.2782293073113886
0.15223983,0.2783874817800472
0.15227804,0.2785456564340021
0.15218252,0.2787038314382205
0.15201059,0.27886200627620594
0.15197238,0.2790201810069893
0.15189597,0.279178355762462
0.15187687,0.27933653046402185
0.15176225,0.27949470479455696
0.15153299,0.27965287911231373
0.1515521,0.27981105329775985
0.15160941,0.27996922766422744
0.15122734,0.28012740196308056
0.15124644,0.2802855756886231
0.15107451,0.28044374940950373
0.1510172,0.28060192328077804
0.1510172,0.2807600977208439
0.15092169,0.280918272086811
0.15086438,0.2810764468319276
0.15063514,0.28123462133496674
0.15059693,0.2813927958224958
0.15052052,0.2815509698634008
0.15036768,0.2817091442152263
0.15038678,0.28186731879001564
0.15036768,0.28202549311033154
0.15011933,0.28218366730688593
0.15008113,0.2823418420316513
0.15000471,0.28250001677050973
0.14977548,0.28265819111445273
0.14985189,0.28281636550385075
0.14973727,0.2829745402219859
0.14964175,0.283132715196213
0.14958444,0.28329088978867556
0.14948893,0.2834490639157364
0.14946982,0.2836072383139723
0.14927877,0.2837654123770426
0.14910685,0.2839235864160268
0.14899223,0.28408176037683647
0.14901133,0.28423993485842625
0.14893492,0.28439810936268684
0.14878209,0.28455628366716224
0.14862926,0.2847144584254176
0.14861016,0.28487263270021446
0.14870568,0.2850308070302783
0.14862926,0.2851889814689339
0.14847644,0.2853471558287611
0.1482854,0.28550533009361984
0.1482663,0.2856635047794401
0.14811346,0.28582167960080174
0.14811346,0.28597985444247404
0.14797974,0.2861380291237676
0.14786512,0.2862962038502279
0.1477887,0.2864543782887082
0.14767408,0.28661255257257195
0.14773139,0.2867707270735982
0.14763588,0.28692890198020043
0.14746395,0.2870870767544125
0.14742574,0.28724525124156436
0.14734933,0.2874034261641079
0.1471965,0.2875616009016855
0.1472156,0.28771977551147226
0.14710099,0.2878779498283749
0.14704368,0.2880361243212704
0.14692904,0.28819429899408294
0.14685263,0.2883524733442248
0.14677621,0.28851064788086406
0.14675711,0.2886688221416755
0.14656608,0.28882699651779914
0.14664249,0.28898517056086265
0.14648966,0.2891433446900778
0.14647056,0.28930151878182714
0.14631774,0.2894596930697188
0.14618401,0.2896178674371229
0.14624132,0.28977604186939826
0.14614581,0.2899342160130289
0.14605029,0.2900923901690234
0.14605029,0.2902505649972073
0.14584014,0.29040873970292935
0.14589746,0.2905669146468149
0.14576373,0.2907250893235814
0.14563,0.2908832637983537
0.14553449,0.29104143857330106
0.14553449,0.29119961348247814
0.14540076,0.29135778805261103
0.14543897,0.2915159621083503
0.14532435,0.2916741364789561
0.14526704,0.2918323108794747
0.14522883,0.29199048490207913
0.1450569,0.29214865832303577
0.1450569,0.29230683215779146
0.14499959,0.2924650064263448
0.14499959,0.29262318042119634
0.14488497,0.2927813540476951
0.14471303,0.2929395282144931
0.14467482,0.29309770266861485
0.14465572,0.29325587663716074
0.14459841,0.29341405009423827
0.1445411,0.2935722239736305
0.14440738,0.29373039795851363
0.14436917,0.2938885719963286
0.14427365,0.2940467459481101
0.14427365,0.2942049199850002
0.14413993,0.29436309379942244
0.1439489,0.2945212675274694
0.14404441,0.294679441011927
0.14389159,0.294837614271936
0.14389159,0.29499578762883766
0.14381517,0.29515396112178577
0.14370055,0.29531213433452075
0.14373876,0.29547030751428266
0.14354771,0.29562848073189996
0.14358592,0.2957866540112942
0.1434522,0.2959448272185217
0.14341399,0.29610299995959916
0.14331847,0.2962611734901838
0.14329937,0.29641934714820883
0.14326116,0.2965775206064675
0.14303192,0.2967356941325273
0.14312744,0.2968938677167421
0.14301282,0.29705204168534305
0.14301282,0.297210215832237
0.14293641,0.29736839021790484
0.14280269,0.29752656404818606
0.14270717,0.2976847379459941
0.14253524,0.29784291171328103
0.14255434,0.2980010861200749
0.14245883,0.29815926044650004
0.1423824,0.29831743456817106
0.14234419,0.29847560845018095
0.14234419,0.2986337824427444
0.14221047,0.2987919562085121
0.14213406,0.2989501292041067
0.14213406,0.2991083021149178
0.14207675,0.29926647529626355
0.14184751,0.2994246488205365
0.1417902,0.29958282218206345
0.1418093,0.2997409956369032
0.14169468,0.2998991688326735
0.14161827,0.3000573426994976
0.14159916,0.3002155163240989
0.14152275,0.3003736900233784
0.14154185,0.30053186359673173
0.14136992,0.3006900376564855
0.14119798,0.3008482115835425
0.14121708,0.3010063853525028
0.14121708,0.30116455874669895
0.14112157,0.3013227323879055
0.14100695,0.30148090590735854
0.14087322,0.3016390798041595
0.14083502,0.30179725364045873
0.1407204,0.30195542718004403
0.1407204,0.3021136008073421
0.14066309,0.30227177388688825
0.14049116,0.3024299470164619
0.14033833,0.3025881201951957
0.14035743,0.3027462929780245
0.14024282,0.3029044661059014
0.14018551,0.30306263967676955
0.14008997,0.3032208133545092
0.14005177,0.3033789876820175
0.13997535,0.3035371616594392
0.13989894,0.30369533578867747
0.13974611,0.30385351017749923
0.13976522,0.30401168455117866
0.13970791,0.3041698590043911
0.13959329,0.3043280335602647
0.13944046,0.30448620792061976
0.13942136,0.3046443817714694
0.13932584,0.3048025557365804
0.13919212,0.30496072987076295
0.13917302,0.30511890401873737
0.13902019,0.30527707818287664
0.13900109,0.30543525202300614
0.13900109,0.30559342614441987
0.13884825,0.3057516001177127
0.13879094,0.3059097734324866
0.13873363,0.30606794684850525
0.13861901,0.3062261207214975
0.13848528,0.306384294537949
0.13838977,0.3065424683252129
0.13838977,0.30670064267520075
0.13817963,0.30685881700628675
0.13821784,0.30701699088867396
0.13804591,0.3071751651146441
0.13795039,0.3073333394436708
0.13785487,0.3074915133767479
0.13783576,0.3076496879578482
0.13777845,0.3078078624795568
0.13756831,0.3079660364646875
0.1374919,0.308124210693582
0.1374919,0.30828238512652434
0.13741548,0.3084405597909113
0.13731997,0.3085987338781583
0.13712893,0.30875690799358907
0.13716714,0.30891508220630115
0.13699521,0.30907325637780964
0.13701431,0.3092314305117887
0.13682328,0.3093896050799855
0.13680418,0.30954777934771255
0.13663223,0.3097059540666485
0.13653672,0.30986412888829307
0.1364603,0.3100223035094545
0.13649851,0.3101804776729326
0.13634568,0.3103386518100703
0.13619286,0.3104968261725564
0.13619286,0.310655000605279
0.13600183,0.31081317456547053
0.13594452,0.31097134848096303
0.1358681,0.311129522727766
0.135849,0.31128769697179004
0.13565797,0.31144587081587854
0.13552423,0.31160404485440296
0.13563886,0.3117622190015631
0.13548602,0.3119203931882128
0.13529499,0.3120785676417254
0.13516127,0.31223674189752726
0.13512306,0.31239491641013145
0.13516127,0.3125530911996931
0.13502754,0.3127112657165263
0.1347983,0.31286944031352676
0.1347792,0.3130276144204429
0.1347983,0.31318578831582833
0.13460727,0.3133439628058087
0.13435891,0.31350213745739075
0.13454996,0.3136603118082042
0.13437802,0.31381848582533195
0.13424429,0.31397666005083785
0.13414878,0.3141348340472249
0.13409147,0.3142930087241523
0.13393864,0.31445118333303895
0.13393864,0.3146093579748273
0.13386223,0.31476753279428155
0.1337285,0.3149257079581843
0.13359478,0.3150838827527046
0.13344195,0.31524205741533334
0.13340375,0.3154002327518526
0.13336554,0.31555840725684914
0.13330823,0.3157165818182309
0.13313629,0.31587475596463205
0.13311718,0.3160329305405104
0.13307898,0.31619110537996964
0.13283063,0.31634928054214007
0.13277332,0.31650745540289765
0.13273512,0.3166656306023581
0.1326014,0.3168238058831573
0.13254409,0.31698198119802806
0.13250588,0.3171401566485578
0.13242947,0.3172983321521384
0.13231485,0.3174565076699758
0.13225754,0.317614683266012
0.13214292,0.31777285903607694
0.13200918,0.31793103443768694
0.13197097,0.3180892095852567
0.13181815,0.31824738470251973
0.13176084,0.31840556036232304
0.13170353,0.3185637359370404
0.13168442,0.3187219107971461
0.13147429,0.31888008561607145
0.13128325,0.31903826093068
0.13124505,0.31919643659508273
0.13135967,0.3193546121851617
0.13118774,0.31951278774350483
0.13113043,0.3196709632730073
0.13107312,0.3198291389245264
0.13093939,0.31998731463366253
0.13086297,0.32014549044949275
0.13074835,0.32030366694191714
0.13057642,0.3204618430219538
0.13063373,0.3206200188740114
0.13051911,0.3207781948562927
0.1304809,0.3209363707514016
0.13025166,0.32109454616061756
0.13025166,0.32125272196854227
0.13015614,0.3214108984607299
0.13004152,0.3215690741362108
0.13000332,0.3217272496617789
0.12992691,0.3218854251698529
0.12977406,0.3220436011383442
0.12971675,0.3222017766646778
0.12962124,0.3223599521248915
0.12956393,0.322518127763013
0.12948751,0.32267630352066834
0.12946841,0.32283447922157443
0.12937289,0.3229926544049348
0.12925828,0.3231508298014682
0.12918186,0.32330900552490843
0.12923917,0.32346718084154785
0.12906724,0.32362535631104394
0.12895262,0.3237835321618343
0.12887621,0.32394170820714946
0.12870428,0.32409988411420926
0.12874249,0.3242580598886751
0.12864697,0.32441623545944437
0.12843682,0.3245744110392254
0.12845592,0.32473258658286763
0.12843682,0.3248907626899822
0.1283031,0.3250489387837971
0.12816937,0.3252071143731669
0.12820758,0.3253652898442
0.12805475,0.3255234657572309
0.12805475,0.32568164195389226
0.12803565,0.32583981753987373
0.12788282,0.32599799298424303
0.12769179,0.32615616878738796
0.12771089,0.3263143444063593
0.12765358,0.3264725204293416
0.12763448,0.3266306959655281
0.12742433,0.3267888715933166
0.12740523,0.32694704739669234
0.12730971,0.32710522369946043
0.1272333,0.3272633996730808
0.1272524,0.3274215757713917
0.12730971,0.32757975172891607
0.12706137,0.3277379276345393
0.12700406,0.32789610345818226
0.12700406,0.32805427925683384
0.12681302,0.3282124551985784
0.12685123,0.3283706310247356
0.1266984,0.3285288067699396
0.1266602,0.3286869823196713
0.1266793,0.32884515783604573
0.12658378,0.32900333393304576
0.12660289,0.32916151053377657
0.12645006,0.32931968664807243
0.12645006,0.3294778625288145
0.12623991,0.3296360385548125
0.12629722,0.32979421499838524
0.1261635,0.3299523909353443
0.12610619,0.33011056661714183
0.12610619,0.33026874257447886
0.12601067,0.33042691850454825
0.12585784,0.330585094427018
0.12581964,0.33074327015378474
0.12585784,0.3309014453448366
0.12576233,0.3310596207755075
0.12566681,0.3312177964260576
0.12551399,0.33137597216181275
0.12562861,0.3315341477385438
0.12549488,0.3316923233960193
0.12553309,0.33185049909916603
0.12536116,0.3320086752294581
0.12539937,0.33216685118373884
0.12536116,0.33232502686319787
0.12522744,0.3324832024855528
0.12530385,0.3326413784900722
0.12520833,0.3327995541559357
0.1251128,0.33295772975307625
0.12513191,0.33311590566453536
0.12505549,0.3332740816730783
0.1250746,0.3334322578411376
0.12503639,0.3335904338870846
0.12494087,0.3337486100386408
0.12490267,0.3339067861579835
0.12486446,0.33406496188862683
0.12490267,0.33422313758744104
0.12476894,0.3343813137096144
0.12482625,0.33453948951123286
0.12467343,0.3346976649272107
0.12463522,0.33485584051052963
0.12473074,0.3350140165703256
0.12450149,0.33517219254666836
0.12461612,0.33533036819638967
0.12452059,0.33548854380620385
0.1245779,0.33564671977115257
0.1245397,0.33580489567362926
0.12448239,0.3359630718607833
0.12450149,0.3361212484793095
0.12438687,0.33627942495588864
0.12442508,0.33643760151373453
0.12431046,0.33659577804552093
0.12425315,0.33675395435525246
0.12432956,0.33691213055002295
0.12425315,0.33707030674486577
0.12423404,0.33722848267420924
0.12417673,0.33738665947741375
0.12396659,0.33754483644423466
0.12408122,0.33770301379474643
0.12413853,0.3378611901455475
0.12396659,0.3380193671448815
0.1240048,0.33817754382382237
0.12410032,0.3383357204254607
0.12394749,0.33849389735064034
0.12404301,0.3386520742156553
0.12398569,0.3388102509972039
0.12385197,0.33896842765269647
0.12389018,0.33912660512178916
0.12390928,0.33928478291900704
0.12379466,0.33944296031549176
0.12373735,0.33960113753955234
0.12373735,0.33975931435319173
0.12368004,0.3399174911136032
0.12373735,0.3400756678491402
0.12371825,0.3402338444331309
0.12364183,0.3403920210992527
0.12366094,0.34055019767272227
0.12371825,0.340708374454884
0.12360363,0.3408665513417405
0.12358452,0.3410247286047521
0.12364183,0.3411829058737841
0.12348901,0.3413410830599758
0.12352721,0.341499260052376
0.1234699,0.3416574367774744
0.12350811,0.3418156137865214
0.12345079,0.34197379044247095
0.12333617,0.34213196756886755
0.12331707,0.34229014488476006
0.12333617,0.34244832174116535
0.12331707,0.34260649886297506
0.12329797,0.34276467626292717
0.12345079,0.3429228536234115
0.12327886,0.3430810303244277
0.12324066,0.3432392066651816
0.12316424,0.34339738329518826
0.12325976,0.34355555985184033
0.12318335,0.34371373621395057
0.12320245,0.34387191271604417
0.12314514,0.3440300897901385
0.12314514,0.34418826639604566
0.12314514,0.34434644311326673
0.12303052,0.3445046199015622
0.12301142,0.344662796827408
0.12308783,0.34482097383496185
0.12297321,0.34497915111235083
0.12297321,0.34513732839396144
0.12297321,0.34529550566031425
0.12285858,0.3454536827533266
0.1228968,0.34561185958789764
0.12282038,0.34577003643332244
0.1228968,0.3459282128955406
0.12276307,0.3460863891856404
0.12270576,0.34624456595186787
0.12278217,0.346402743182584
0.12274396,0.34656091983726384
0.12270576,0.346719096707119
0.12266755,0.3468772735060897
0.12268665,0.34703545032566374
0.12276307,0.3471936271332138
0.12261024,0.34735180398808996
0.12257203,0.34750998112540216
0.12255293,0.34766815850298927
0.1224001,0.34782633572922766
0.12243831,0.3479845126965877
0.1224001,0.34814268947860383
0.12245741,0.348300866462295
0.12241921,0.34845904300022984
0.122381,0.34861721930561296
0.1223428,0.34877539613783043
0.12228548,0.34893357318856794
0.12230459,0.349091749974702
0.12230459,0.34924992688158635
0.12224727,0.34940810366095054
0.12218996,0.3495662800886783
0.12226637,0.3497244560036277
0.12215175,0.3498826319774208
0.12218996,0.3500408084258737
0.12203714,0.35019898539883343
0.12205624,0.3503571623707655
0.12205624,0.35051533964843823
0.12207534,0.35067351684927883
0.12199893,0.35083169427061894
0.12203714,0.35098987151531585
0.12201803,0.3511480486338079
0.12201803,0.3513062253853444
0.12192252,0.3514644025176767
0.12196072,0.3516225794292602
0.12175059,0.3517807561745607
0.12176969,0.3519389329701539
0.12178879,0.35209711016316014
0.12176969,0.35225528673090134
0.12175059,0.35241346363909265
0.12173148,0.35257164092718146
0.12176969,0.35272981780527213
0.12169327,0.3528879950570141
0.12165506,0.35304617192914134
0.12161686,0.3532043488272807
0.12163596,0.35336252578892935
0.12154044,0.3535207024138026
0.12155955,0.35367887919961855
0.12150224,0.35383705594611364
0.12152134,0.35399523299548
0.12152134,0.3541534095036763
0.12144493,0.3543115858130167
0.12140672,0.35446976303358996
0.12140672,0.3546279401067295
0.12133031,0.354786117799567
0.12140672,0.35494429524742127
0.121273,0.35510247231959824
0.12121569,0.35526064933846063
0.1213112,0.3554188261549344
0.121273,0.35557700274659987
0.12113927,0.35573517922060366
0.12117748,0.35589335626510943
0.12110106,0.35605153331926015
0.12119658,0.3562097104496193
0.12106285,0.3563678874560806
0.12096734,0.3565260647236945
0.12104375,0.35668424188386766
0.12094823,0.35684241890671164
0.12102465,0.35700059594713207
0.12104375,0.3571587734245179
0.12098644,0.3573169512289421
0.12089092,0.35747512912406454
0.12094823,0.3576333068962714
0.1207572,0.35779148437246
0.12087182,0.3579496622628944
0.12081451,0.35810783988797085
0.12083361,0.358266017336987
0.1207572,0.35842419482262927
0.12079541,0.3585823720242736
0.12064258,0.3587405492962375
0.12079541,0.35889872700353465
0.12071899,0.35905690420253106
0.12066168,0.35921508198039737
0.12043244,0.35937325996152125
0.12050885,0.35953143800263093
0.12050885,0.35968961505593
0.12056616,0.3598477921154012
0.12050885,0.3600059692050383
0.12050885,0.3601641465067637
0.12047064,0.36032232439035083
0.12045154,0.36048050164415635
0.12050885,0.36063867861777743
0.12043244,0.3607968555410162
0.12052795,0.36095503173401955
0.12029871,0.36111320773623695
0.12041333,0.3612713839126363
0.12031782,0.3614295601109511
0.12041333,0.36158773626771434
0.12027961,0.3617459132888382
0.12041333,0.3619040900544205
0.12029871,0.362062266500953
0.12008858,0.3622204429730879
0.12016499,0.36237861895962487
0.12027961,0.36253679447310266
0.12016499,0.3626949702989318
0.12016499,0.3628531463086893
0.1202414,0.3630113225832882
0.1202032,0.3631694988908327
0.12008858,0.3633276751974786
0.12003127,0.3634858517320046
0.12016499,0.3636440282078738
0.12014589,0.363802204418478
0.12005037,0.3639603799951025
0.12008858,0.36411855565884915
0.11999305,0.3642767309643275
0.11997395,0.36443490676204865
0.12003127,0.3645930827672871
0.11997395,0.3647512586460425
0.11993574,0.3649094345487537
0.12006947,0.365067610175361
0.11985933,0.3652257861477198
0.11991664,0.36538396217599534
0.11995485,0.36554213840192895
0.11995485,0.3657003145751791
0.11991664,0.3658584905592211
0.11984023,0.3660166671004213
0.11985933,0.36617484390233485
0.11999305,0.366333020416242
0.12003127,0.3664911969701341
0.11985933,0.3666493742542253
0.11985933,0.36680755146449273
0.11978292,0.36696572854010845
0.11974471,0.36712390535861544
0.11985933,0.36728208246435684
0.11974471,0.36744025952112513
0.11982112,0.3675984363696923
0.11978292,0.36775661309120977
0.1196683,0.3679147893218351
0.1197065,0.3680729655254894
0.1196874,0.36823114139902585
0.11972561,0.3683893169605883
0.11974471,0.36854749235862855
0.11964919,0.3687056681891431
0.1196683,0.3688638443443019
0.1197065,0.3690220199923181
0.1197065,0.3691801958937583
0.11961099,0.3693383723396203
0.11959188,0.36949654918720926
0.1196874,0.36965472595789484
0.11961099,0.3698129028731583
0.11953457,0.36997108018781877
0.11963009,0.37012925764051974
0.11945816,0.3702874351294742
0.11951547,0.37044561255397357
0.11953457,0.3706037893878678
0.11951547,0.370761966522429
0.11947726,0.37092014327622924
0.11963009,0.3710783198789274
0.11947726,0.37123649637262773
0.11951547,0.3713946727933003
0.11940084,0.3715528496775892
0.11955368,0.371711026592652
0.11938174,0.3718692033989831
0.11947726,0.3720273795806537
0.11953457,0.37218555580445095
0.11947726,0.3723437322953911
0.11941995,0.37250190847614817
0.11938174,0.3726600846952202
0.11949637,0.3728182610618182
0.11932443,0.3729764377771186
0.11941995,0.37313461454466973
0.11932443,0.3732927911780835
0.11932443,0.37345096789829085
0.11926712,0.37360914378318894
0.11936264,0.3737673199379938
0.11930533,0.3739254962510761
0.11926712,0.37408367190404834
0.11936264,0.3742418479739692
0.11926712,0.37440002411394313
0.11934353,0.3745582002012967
0.11936264,0.37471637595008617
0.1191716,0.3748745515180439
0.11932443,0.37503272713026675
0.11928622,0.37519090281631984
0.11920981,0.3753490784116512
0.11920981,0.37550725421016296
0.11911429,0.37566542996798186
0.11919071,0.37582360650512303
0.1191716,0.37598178331462806
0.1191716,0.3761399600051958
0.11922891,0.3762981364413251
0.1191525,0.3764563126976911
0.11911429,0.3766144891091829
0.1191334,0.376772665493781
0.11905698,0.3769308422307134
0.11907609,0.3770890187883272
0.11922891,0.37724719576179333
0.11901878,0.3774053727349398
0.11922891,0.37756354941108555
0.11909519,0.37772172637808227
0.11898057,0.3778799027251975
0.11899967,0.3780380792381416
0.11909519,0.3781962551797146
0.11903788,0.37835443117402323
0.11911429,0.37851260737917614
0.11898057,0.37867078354131484
0.11898057,0.378828960475529
0.11903788,0.3789871376599019
0.11896147,0.37914531440798777
0.11896147,0.37930349130481283
0.11894237,0.3794616681253363
0.11909519,0.3796198446674755
0.11901878,0.37977802103629044
0.11901878,0.3799361974497041
0.11898057,0.38009437370970556
0.11896147,0.38025254998802127
0.11896147,0.38041072609682525
0.11892326,0.38056890223929973
0.11888506,0.3807270783351323
0.11892326,0.3808852548008573
0.11896147,0.38104343128879026
0.11888506,0.38120160725418145
0.11892326,0.3813597830573293
0.11896147,0.38151795863427485
0.11890416,0.3816761342019717
0.11905698,0.3818343094779483
0.11890416,0.38199248450352735
0.11886595,0.38215065938239706
0.11890416,0.38230883460297216
0.11886595,0.3824670101019702
0.11878953,0.38262518559170267
0.11896147,0.3827833612097061
0.11880863,0.38294153683738696
0.11875132,0.38309971220674305
0.11877043,0.38325788781148284
0.11886595,0.3834160630735411
0.11877043,0.3835742386290426
0.11875132,0.3837324142872391
0.11890416,0.3838905894128559
0.11875132,0.38404876411931327
0.11890416,0.3842069392003902
0.11878953,0.3843651145243673
0.11871312,0.3845232901016796
0.1185985,0.3846814659131893
0.11873222,0.3848396417433678
0.11875132,0.38499781721896875
0.11873222,0.38515599297945263
0.11882774,0.38531416852692346
0.11875132,0.38547234384316803
0.11878953,0.385630519305298
0.11867491,0.38578869506680413
0.11875132,0.3859468709849893
0.11865581,0.38610504698670844
0.11873222,0.3862632232024246
0.11867491,0.38642139950898013
0.1185985,0.3865795754953471
0.11865581,0.38673775063490723
0.11850298,0.3868959260837132
0.1186367,0.38705410215871283
0.11865581,0.3872122784922933
0.1185794,0.3873704549644002
0.1185985,0.38752863132839377
0.1185985,0.3876868075781951
0.1186176,0.38784498367330755
0.11869401,0.3880031597111414
0.11854119,0.388161336083048
0.1185794,0.3883195128710081
0.11856029,0.38847768965754204
0.11854119,0.3886358658763657
0.11852209,0.38879404185636474
0.1185985,0.38895221791872747
0.1186176,0.3891103940824959
0.11856029,0.389268569803711
0.11848388,0.3894267448876067
0.1185794,0.389584919957754
0.11856029,0.3897430952136294
0.11850298,0.3899012705169849
0.11848388,0.3900594464988074
0.11850298,0.3902176225114559
0.11852209,0.39037579885349544
0.11848388,0.3905339749911997
0.1185794,0.39069215106866056
0.11844567,0.3908503266351959
0.11840747,0.39100850280277033
0.11846478,0.3911666792677817
0.11836926,0.39132485543409196
0.11840747,0.39148303149584807
0.11846478,0.39164120720675205
0.11835016,0.3917993827456821
0.11835016,0.391957557941436
0.11844567,0.3921157333364235
0.11835016,0.3922739086263435
0.11833105,0.3924320837858395
0.11846478,0.3925902586793872
0.11825463,0.3927484337046891
0.11833105,0.3929066086786678
0.11836926,0.39306478333679096
0.11836926,0.3932229585850626
0.11836926,0.3933811339661258
0.11829285,0.39353930911078905
0.11827374,0.3936974841075959
0.11829285,0.3938556589890818
0.11833105,0.3940138337595927
0.11821643,0.3941720082705416
0.11831195,0.3943301826460758
0.11829285,0.39448835761882417
0.11827374,0.39464653228975444
0.11819732,0.39480470791046146
0.11831195,0.3949628840804737
0.11825463,0.39512106071438197
0.11833105,0.3952792368274788
0.11827374,0.39543741287431566
0.11827374,0.39559558931223215
0.11825463,0.3957537653395812
0.11829285,0.39591194072928054
0.11819732,0.3960701160586085
0.11821643,0.39622829158433615
0.11829285,0.39638646699594204
0.11817822,0.396544641772923
0.11817822,0.39670281675075386
0.11829285,0.3968609921493988
0.11817822,0.3970191677590189
0.11814001,0.39717734329892485
0.11814001,0.39733551905950654
0.11817822,0.3974936953699298
0.11812091,0.3976518715677153
0.11814001,0.3978100479301843
0.11815912,0.3979682237641351
0.11815912,0.39812639907270053
0.11815912,0.39828457420077357
0.11814001,0.3984427497234934
0.1180827,0.39860092548807324
0.1180827,0.39875910137634035
0.11815912,0.3989172768742264
0.11817822,0.3990754526437283
0.11815912,0.39923362852551064
0.1180445,0.3993918036128078
0.11810181,0.39954997892760674
0.1180827,0.39970815413798494
0.11814001,0.3998663292757755
0.1180636,0.4000245046087517
0.11802539,0.4001826804846996
0.1180445,0.4003408565013272
0.11800629,0.4004990323481084
0.1180445,0.4006572081505657
0.11815912,0.4008153838063016
0.1180636,0.40097355934242446
0.11802539,0.4011317347091532
0.1180636,0.4012899102486927
0.11800629,0.4014480858227474
0.1180445,0.4016062618702952
0.1180827,0.4017644388107156
0.1180827,0.4019226154728773
0.1180445,0.40208079199431895
0.1180827,0.4022389683476722
0.1180445,0.4023971440324091
0.11800629,0.4025553199525844
0.1180445,0.4027134957367103
0.11798719,0.402871671138904
0.11791077,0.4030298461760478
0.1180445,0.4031880219497832
0.11796808,0.40334619746996164
0.11789167,0.4035043732991252
0.11798719,0.4036625488954317
0.11792988,0.40382072477602404
0.11796808,0.4039789010630445
0.11791077,0.40413707738789595
0.11794898,0.4042952536278559
0.11783436,0.40445342999593525
0.11789167,0.4046116059161254
0.11791077,0.4047697818625054
0.11785346,0.40492795787268865
0.11796808,0.4050861339277383
0.11794898,0.4052443102553329
0.11785346,0.40540248644228866
0.11787257,0.40556066338086405
0.11775795,0.40571884061920044
0.11787257,0.40587701793419384
0.11787257,0.4060351947649202
0.11785346,0.40619337123548444
0.11789167,0.4063515475497847
0.11792988,0.40650972352019865
0.11789167,0.40666789915775703
0.11785346,0.40682607495253803
0.11785346,0.40698425114234027
0.11789167,0.40714242736460393
0.11787257,0.40730060360687137
0.11785346,0.407458779772822
0.11785346,0.40761695574876516
0.11783436,0.40777513197215864
0.11789167,0.4079333079098149
0.11787257,0.408091484382224
0.11777705,0.40824966076784047
0.11783436,0.4084078367222798
0.11785346,0.4085660127136385
0.11783436,0.40872418886418577
0.11773884,0.40888236459413574
0.11785346,0.40904054012520474
0.11777705,0.40919871632122884
0.11787257,0.4093568920429246
0.11781526,0.4095150677664771
0.11777705,0.40967324430985624
0.11770064,0.4098314210094456
0.11783436,0.409989597551099
0.11766242,0.41014777370998984
0.11771974,0.4103059491321974
0.11777705,0.4104641244435445
0.11770064,0.41062230065510263
0.11773884,0.41078047672407814
0.11770064,0.41093865238989796
0.11771974,0.41109682804119463
0.11770064,0.4112550039305189
0.11771974,0.4114131798184393
0.11768153,0.4115713560882514
0.11770064,0.4117295324291088
0.11775795,0.4118877093684477
0.11762422,0.41204588616713045
0.11770064,0.41220406260202874
0.11775795,0.41236223878676836
0.11771974,0.4125204153843022
0.11766242,0.4126785914523033
0.11775795,0.41283676765875293
0.11770064,0.41299494382326307
0.11771974,0.41315311997177756
0.11768153,0.4133112964001462
0.11770064,0.41346947245061505
0.11770064,0.41362764864410917
0.11760511,0.4137858250115997
0.11766242,0.41394400115735625
0.11771974,0.4141021776200697
0.11756691,0.41426035358364455
0.11770064,0.41441852999940515
0.11770064,0.41457670634678906
0.11766242,0.4147348818560764
0.11770064,0.4148930572397962
0.11775795,0.415051232858394
0.11762422,0.4152094081957086
0.1175478,0.4153675837600316
0.11758601,0.41552575928076885
0.11771974,0.41568393534393844
0.1175478,0.41584211182142733
0.11758601,0.4160002887240879
0.1175478,0.41615846578214244
0.1175478,0.416316643109222
0.1175478,0.41647482095411964
0.11760511,0.41663299850619784
0.11747139,0.4167911762067478
0.11758601,0.4169493537574852
0.1175478,0.4171075310585287
0.11749049,0.4172657088668811
0.11749049,0.4174238874639887
0.11743318,0.4175820666926991
0.11745229,0.41774024509766633
0.11747139,0.4178984226555177
0.11749049,0.4180566005412887
0.11749049,0.41821477809786306
0.11747139,0.4183729557877942
0.11747139,0.4185311333713565
0.11737587,0.4186893114048315
0.11739498,0.41884748937797833
0.11749049,0.4190056670184817
0.11743318,0.41916384495344733
0.1175478,0.4193220230275257
0.1175287,0.41948020095260824
0.11745229,0.41963837870674925
0.11745229,0.419796556928554
0.11737587,0.419954734827248
0.11745229,0.42011291278929835
0.11737587,0.42027109089447906
0.11735677,0.42042926940517644
0.11745229,0.4205874475157096
0.11735677,0.4207456256740434
0.11747139,0.42090380409420336
0.11749049,0.4210619828143068
0.11735677,0.4212201615055631
0.11745229,0.4213783397654772
0.11733767,0.421536517861055
0.11735677,0.4216946958467494
0.11731856,0.42185287392719945
0.11741408,0.4220110521671126
0.11741408,0.42216923025853537
0.11735677,0.4223274078621053
0.11733767,0.42248558594931995
0.11724215,0.42264376489389477
0.11724215,0.42280194359669493
0.11733767,0.422960122457418
0.11722305,0.42311830172938103
0.11731856,0.4232764808346415
0.11733767,0.42343465907973293
0.11726125,0.42359283740843645
0.11735677,0.42375101598835313
0.11728036,0.42390919399241805
0.11726125,0.42406737240604686
0.11729946,0.42422555071261175
0.11735677,0.4243837288622304
0.11729946,0.4245419068385365
0.11724215,0.42470008466391607
0.11718484,0.42485826216243877
0.11729946,0.4250164400574213
0.11722305,0.42517461851911875
0.11718484,0.42533279667872437
0.11716574,0.42549097492454135
0.11722305,0.4256491535705164
0.11708932,0.42580733257400594
0.11722305,0.42596551193408655
0.11714663,0.4261236909897945
0.11720394,0.42628186963478365
0.11714663,0.4264400486687854
0.11710842,0.4265982275915691
0.11720394,0.42675640648342406
0.11718484,0.42691458518467934
0.11720394,0.4270727637487676
0.11712753,0.4272309428927535
0.11712753,0.427389121546615
0.11716574,0.42754729988445245
0.1169747,0.42770547797754244
0.11712753,0.42786365641614416
0.1169747,0.4280218347832621
0.11695559,0.42818001381564025
0.11708932,0.42833819266203266
0.11703201,0.42849637110591665
0.1170129,0.4286545499118226
0.11703201,0.4288127286374239
0.11691739,0.42897090741557936
0.1169938,0.42912908571367303
0.1169938,0.42928726407115764
0.11705111,0.42944544267660495
0.11689828,0.42960362121011386
0.11693649,0.42976179982229856
0.1169938,0.4299199783068384
0.11695559,0.43007815683692546
0.11693649,0.43023633520354915
0.11689828,0.4303945140081712
0.11686008,0.4305526926173341
0.1169747,0.43071087172507116
0.11684097,0.4308690507092076
0.11691739,0.4310272296387615
0.11686008,0.4311854084743013
0.11691739,0.4313435872323127
0.11680277,0.4315017663333491
0.11687918,0.4316599456116627
0.11687918,0.4318181244991724
0.11693649,0.43197630312134633
0.11684097,0.4321344812969619
0.11684097,0.43229265972166697
0.11689828,0.43245083833852066
0.11678366,0.4326090165966119
0.11686008,0.4327671948697202
0.11687918,0.43292537384999763
0.11678366,0.43308355251466246
0.11684097,0.4332417309576608
0.11682187,0.433399909430151
0.11684097,0.4335580878469044
0.11684097,0.4337162662550292
0.11691739,0.4338744449528174
0.11684097,0.4340326235497102
0.11676456,0.43419080202415133
0.11672635,0.43434898078552864
0.11670725,0.43450715951566315
0.11676456,0.43466533780231453
0.11676456,0.43482351561856464
0.11678366,0.4349816936591155
0.11664994,0.4351398720605621
0.11668815,0.4352980505382548
0.11678366,0.4354562288892939
0.11672635,0.43561440711920013
0.11670725,0.43577258560177934
0.11678366,0.435930764135908
0.11670725,0.43608894239967416
0.11670725,0.43624712071498684
0.11657353,0.43640529910152137
0.11668815,0.43656347701140963
0.11670725,0.43672165516933137
0.11666904,0.43687983327046725
0.11666904,0.437038011198877
0.11674546,0.4371961892095807
0.11663084,0.4373543670255776
0.11666904,0.4375125448846755
0.11664994,0.4376707222963243
0.11670725,0.43782890006913205
0.11672635,0.43798707758879424
0.11664994,0.4381452547415986
0.11672635,0.43830343190978044
0.11657353,0.43846160921190663
0.11659263,0.4386197866997392
0.11663084,0.4387779637497688
0.11657353,0.4389361407942181
0.11664994,0.4390943176855546
0.11655442,0.43925249507806846
0.11670725,0.43941067250847893
0.11661173,0.439568850120417
0.11663084,0.43972702832245386
0.11651621,0.43988520600597786
0.11653531,0.4400433836797933
0.11657353,0.4402015608405224
0.11649711,0.44035973814706036
0.11651621,0.44051791458193756
0.116478,0.44067609093805543
0.11651621,0.4408342681852939
0.11653531,0.44099244555397843
0.11663084,0.4411506222496037
0.11655442,0.44130879918009924
0.11651621,0.44146697648215727
0.11655442,0.4416251537216116
0.11659263,0.4417833308549593
0.11651621,0.4419415082729777
0.11653531,0.4420996853285445
0.11649711,0.44225786237523756
0.1164398,0.44241603969332693
0.116478,0.4425742168538071
0.11651621,0.442732394082398
0.11642069,0.4428905710303586
0.11649711,0.44304874801578253
0.116478,0.4432069256157785
0.116478,0.4433651031737084
0.1164398,0.4435232802815341
0.11640159,0.4436814571890079
0.11649711,0.4438396341159887
0.11640159,0.44399781126351173
0.11642069,0.4441559886185227
0.1164398,0.44431416550625835
0.11649711,0.4444723428743538
0.1164589,0.4446305203089977
0.11638249,0.44478869787359654
0.11632518,0.4449468751741081
0.116478,0.4451050526046167
0.11642069,0.445263230096205
0.1164589,0.445421407453286
0.11640159,0.44557958466697306
0.11640159,0.4457377615750033
0.116478,0.44589593847827946
0.11634428,0.44605411468047096
0.11642069,0.4462122911462287
0.11636338,0.4463704680759473
0.11634428,0.4465286441715732
0.11632518,0.4466868206614276
0.11640159,0.44684499668003896
0.11642069,0.4470031730031646
0.11642069,0.4471613494979153
0.11632518,0.4473195261011755
0.11642069,0.4474777033780367
0.11632518,0.4476358806733112
0.11632518,0.4477940574803859
0.11626787,0.4479522350390349
0.11630607,0.4481104119795208
0.11626787,0.4482685885217802
0.11628697,0.44842676494482236
0.11626787,0.4485849412756822
0.11621056,0.4487431178539141
0.11626787,0.4489012942147219
0.11636338,0.4490594701831861
0.11628697,0.44921764629346367
0.11626787,0.4493758226939826
0.11611504,0.4495339990755853
0.11626787,0.44969217509851694
0.11622966,0.44985035158648146
0.11621056,0.4500085283083047
0.11617235,0.4501667050169015
0.11611504,0.45032488120578346
0.11628697,0.450483057583861
0.11621056,0.45064123384827
0.11605773,0.45079941026884446
0.11615325,0.45095758663383984
0.11628697,0.45111576273304194
0.11611504,0.45127393859868475
0.11609594,0.4514321148369038
0.11609594,0.45159029139360457
0.11615325,0.45174846745342623
0.11617235,0.451906643655087
0.11617235,0.4520648200215301
0.11609594,0.4522229963249797
0.11605773,0.45238117250366444
0.11609594,0.4525393485294547
0.11603863,0.4526975250346376
0.11609594,0.45285570141089726
0.11607683,0.453013878028025
0.11600042,0.45317205421244966
0.11603863,0.4533302304877475
0.11607683,0.4534884066528068
0.11598132,0.4536465825426491
0.1159431,0.45380475895550393
0.11611504,0.4539629352846223
0.11598132,0.4541211114038911
0.11601952,0.4542792873557486
0.11596221,0.4544374635143203
0.11598132,0.4545956397054978
0.11598132,0.45475381591911074
0.11605773,0.4549119920369045
0.1159431,0.4550701686348395
0.1159049,0.45522834526972467
0.11598132,0.455386521638687
0.1159049,0.45554469814728216
0.11588579,0.4557028744406839
0.11596221,0.4558610513936434
0.1159431,0.45601922754121993
0.11601952,0.4561774037800008
0.11596221,0.45633557945977793
0.1159049,0.45649375586097857
0.11596221,0.4566519322420756
0.1159049,0.4568101084947714
0.1159049,0.4569682850465139
0.11579028,0.4571264615619087
0.11586669,0.4572846384750552
0.11586669,0.45744281436728007
0.11582848,0.45760099027568
0.1159049,0.45775916632706665
0.11586669,0.4579173421249508
0.11584759,0.4580755179134987
0.1159049,0.4582336940736132
0.11580938,0.4583918700427264
0.11584759,0.45855004620174944
0.11586669,0.45870822226190133
0.11575207,0.45886639800039936
0.11584759,0.45902457400519053
0.11586669,0.4591827500233619
0.11584759,0.45934092565980206
0.11579028,0.4594991013961291
0.11582848,0.4596572773078554
0.11575207,0.4598154531558004
0.11582848,0.4599736289471233
0.11579028,0.46013180469930126
0.11579028,0.460289980231137
0.11571386,0.46044815566716923
0.11573297,0.46060633102455006
0.11579028,0.4607645068955772
0.11573297,0.4609226822759598
0.11571386,0.46108085755021727
0.11569476,0.46123903328581356
0.11575207,0.46139720893642355
0.11567566,0.46155538507215915
0.11569476,0.46171356020389875
0.11567566,0.46187173588532554
0.11558014,0.46202991119383546
0.11571386,0.46218808670544076
0.11552283,0.4623462626538119
0.11565655,0.4625044385043108
0.11565655,0.46266261475668297
0.11565655,0.46282079124532355
0.11558014,0.4629789674402783
0.11554193,0.46313714364250663
0.11554193,0.4632953193342296
0.11561835,0.4634534950150234
0.11558014,0.4636116706235419
0.11556104,0.46376984653182995
0.11563745,0.46392802234686503
0.11552283,0.46408619766425085
0.11554193,0.46424437339966673
0.11546552,0.4644025485440016
0.11550373,0.4645607237133589
0.11559924,0.4647188993080823
0.11567566,0.46487707500453024
0.11567566,0.4650352503120133
0.11559924,0.4651934255012142
0.11561835,0.4653516005920216
0.11542732,0.46550977551220274
0.11544642,0.46566795059954846
0.11559924,0.4658261261929649
0.11548463,0.4659843015880637
0.11542732,0.4661424774632982
0.11540821,0.46630065308871865
0.11548463,0.4664588288645128
0.11548463,0.4666170046053203
0.11546552,0.4667751801677756
0.11540821,0.46693335541701303
0.11550373,0.4670915312020728
0.11548463,0.4672497071269648
0.1153891,0.4674078827819511
0.11537,0.46756605828650116
0.11546552,0.4677242332124418
0.11542732,0.46788240832480715
0.1153891,0.46804058324630793
0.11544642,0.4681987583702515
0.1153891,0.4683569337651268
0.11542732,0.46851510929146484
0.1153891,0.4686732849959227
0.11537,0.46883145990291275
0.11542732,0.4689896345053941
0.1153891,0.4691478092036876
0.11531269,0.46930598393266887
0.11531269,0.4694641588020762
0.11525538,0.4696223340262719
0.11531269,0.46978050961941503
0.11519807,0.46993868491237
0.11535089,0.4700968597534995
0.11529358,0.4702550342376779
0.11517897,0.47041320844089535
0.11525538,0.4705713826099776
0.11525538,0.47072955738457445
0.11527448,0.47088773130134975
0.11519807,0.47104590565736226
0.11523627,0.471204079751405
0.11517897,0.47136225467874227
0.11515986,0.4715204294455326
0.11515986,0.471678604201407
0.11519807,0.4718367787229823
0.11514076,0.4719949533671811
0.11521717,0.4721531275486221
0.11510255,0.472311302004294
0.11510255,0.4724694767687291
0.11510255,0.47262765177663235
0.11517897,0.47278582697289706
0.11512166,0.4729440022430318
0.11514076,0.4731021777227932
0.11512166,0.47326035327576044
0.11510255,0.4734185279934035
0.11519807,0.4735767022562068
0.11521717,0.47373487671971465
0.11502614,0.4738930515765596
0.11504524,0.4740512268352051
0.11502614,0.4742094016959831
0.11508345,0.4743675763130809
0.11512166,0.47452575083678583
0.11515986,0.4746839249308721
0.11506435,0.4748420989748158
0.11502614,0.4750002734011408
0.11504524,0.47515844760102727
0.11493062,0.47531662194781105
0.11496883,0.47547479626478073
0.11502614,0.4756329700868832
0.11491152,0.47579114428625946
0.11502614,0.4759493182938488
0.11491152,0.4761074929199926
0.11498793,0.4762656675814956
0.11496883,0.47642384214626704
0.11494973,0.4765820168302134
0.11489242,0.4767401912653777
0.11496883,0.47689836567779964
0.114816,0.4770565400497578
0.11493062,0.4772147138250841
0.11491152,0.47737288816944173
0.114816,0.4775310624149215
0.11483511,0.47768923702208205
0.11491152,0.4778474115734737
0.11479689,0.4780055859042083
0.114816,0.47816376027030116
0.11489242,0.47832193425224834
0.11485421,0.4784801085422995
0.114816,0.4786382826356362
0.11485421,0.4787964566175961
0.114816,0.4789546306735283
0.11475869,0.4791128047670482
0.11477779,0.47927097913761646
0.11475869,0.47942915270317876
0.114816,0.4795873263568519
0.11479689,0.47974550047390974
0.11475869,0.47990367459265615
0.11473958,0.48006184825597753
0.11472048,0.4802200221386451
0.11479689,0.4803781959185172
0.11477779,0.48053636916515974
0.11473958,0.48069454266171785
0.11479689,0.4808527161904403
0.11464407,0.48101088985701246
0.11468227,0.48116906397169523
0.11466317,0.48132723819478396
0.11464407,0.4814854127215137
0.11470138,0.48164358679598807
0.11452945,0.4818017606784127
0.11452945,0.4819599349537235
0.11464407,0.482118109276733
0.11460586,0.48227628319961346
0.11456765,0.4824344574806644
0.11462496,0.48259263161765253
0.11454855,0.4827508055986673
0.11451034,0.4829089793481404
0.11456765,0.48306715296073643
0.11454855,0.4832253266075242
0.11443393,0.4833835000941995
0.11452945,0.48354167392313074
0.11454855,0.4836998480029137
0.11451034,0.4838580219454147
0.11456765,0.4840161959023029
0.11439572,0.4841743701762378
0.11449124,0.48433254411336707
0.11449124,0.4844907178932465
0.11454855,0.48464889185246524
0.11441483,0.4848070660816096
0.11447214,0.4849652401119455
0.11452945,0.4851234141377189
0.11443393,0.4852815880480045
0.11452945,0.48543976210602074
0.11439572,0.48559793606005064
0.11439572,0.4857561098659827
0.1142811,0.48591428325153296
0.11443393,0.48607245689515594
0.11441483,0.4862306301943854
0.11431931,0.48638880362676495
0.11435752,0.48654697678320113
0.11437662,0.486705150167876
0.11431931,0.486863323754798
0.11430021,0.4870214977723066
0.11441483,0.4871796716329462
0.114262,0.4873378453751666
0.1142811,0.4874960194582096
0.11433841,0.4876541936257913
0.11435752,0.4878123675951918
0.11430021,0.4879705416384618
0.114262,0.4881287160517255
0.11433841,0.4882868901741812
0.11418558,0.4884450642768718
0.11420468,0.48860323823858787
0.114262,0.48876141224627395
0.114262,0.48891958641999533
0.11420468,0.4890777607912848
0.11420468,0.48923593514446984
0.11414737,0.4893941094396952
0.11414737,0.4895522838087038
0.11422379,0.4897104576834105
0.11424289,0.4898686315481943
0.11410917,0.49002680493651823
0.11416648,0.49018497838426056
0.11424289,0.4903431516796693
0.114262,0.4905013253371655
0.11412827,0.49065949925338587
0.11420468,0.4908176734290338
0.11416648,0.49097584819134255
0.11422379,0.49113402284386953
0.11414737,0.49129219747943864
0.11430021,0.49145037170348854
0.11409006,0.4916085458462226
0.11422379,0.4917667201431184
0.11418558,0.4919248945488085
0.11410917,0.4920830685654942
0.11416648,0.4922412426504119
0.11407096,0.49239941655855635
0.11409006,0.49255759059558124
0.11412827,0.4927157645708813
0.11414737,0.49287393862067674
0.11414737,0.4930321122544343
0.11414737,0.4931902851833819
0.11412827,0.49334845852966164
0.11399455,0.49350663184430293
0.11416648,0.49366480541081276
0.11414737,0.4938229785478817
0.11410917,0.4939811519237173
0.11405186,0.49413932548238865
0.11399455,0.4942974987440922
0.11403275,0.49445567218107084
0.11410917,0.4946138452384261
0.11409006,0.49477201837025575
0.11409006,0.49493019190686416
0.11397544,0.4950883651139532
0.11407096,0.4952465385414875
0.11410917,0.4954047115073013
0.11403275,0.4955628845041973
0.11401365,0.495721056812395
0.11399455,0.4958792293143878
0.11395634,0.49603740237145405
0.11395634,0.49619557560965805
0.11395634,0.49635374861725845
0.11391813,0.4965119217385024
0.11399455,0.49667009503874265
0.11407096,0.496828268308
0.11401365,0.4969864418235781
0.11387993,0.4971446151403622
0.11391813,0.49730278859755317
0.11387993,0.4974609621669083
0.11389903,0.49761913582676276
0.11391813,0.4977773095678757
0.11395634,0.4979354833328508
0.11395634,0.4980936567291578
0.11387993,0.4982518299704083
0.11387993,0.4984100030089472
0.11376531,0.49856817582256113
0.11397544,0.49872634926414894
0.11384172,0.49888452255641547
0.11389903,0.4990426961802824
0.11380351,0.4992008695077614
0.11386082,0.49935904323748237
0.11378441,0.49951721683599937
0.113708,0.4996753909363461
0.11378441,0.4998335649787618
0.11384172,0.49999173857747986
0.11380351,0.5001499116072117
0.113708,0.500308084502779
0.11378441,0.5004662576405481
0.113708,0.5006244308012112
0.11365068,0.5007826040673867
0.11357427,0.500940777274634
0.11365068,0.5010989505975123
0.113708,0.501257123721823
0.11359337,0.5014152964530169
0.11363158,0.5015734694346589
0.11363158,0.5017316424561793
0.1137271,0.5018898161366441
0.11363158,0.5020479897560846
0.113708,0.5022061632696171
0.11359337,0.5023643370317086
0.11365068,0.5025225106904115
0.11353606,0.5026806841659369
0.11344054,0.5028388571298409
0.11359337,0.5029970303929827
0.11365068,0.5031552035555095
0.11349785,0.5033133763079911
0.11349785,0.5034715490908936
0.11353606,0.5036297223944691
0.11340234,0.5037878956247316
0.11347875,0.5039460684613852
0.11344054,0.5041042414332454
0.11342144,0.5042624141580568
0.11345965,0.5044205874658504
0.11344054,0.5045787608137338
0.11342144,0.5047369341749347
0.11338323,0.5048951073898523
0.11347875,0.5050532809579179
0.11334503,0.5052114544336725
0.11340234,0.5053696280717302
0.11336413,0.5055278015822937
0.11334503,0.505685974886266
0.11342144,0.5058441480146663
0.11345965,0.5060023214258327
0.11334503,0.506160494733544
0.11334503,0.506318667835944
0.11336413,0.5064768406582112
0.11332592,0.5066350136264984
0.11330682,0.5067931866666455
0.11332592,0.5069513598133751
0.11330682,0.5071095328082944
0.11326861,0.5072677050921529
0.11334503,0.5074258771649395
0.11324951,0.5075840494767476
0.11326861,0.5077422219746315
0.11324951,0.5079003946708787
0.1132113,0.508058567844429
0.11315399,0.508216741192609
0.1132113,0.5083749140764424
0.11313489,0.5085330867158804
0.11324951,0.5086912592491136
0.1132113,0.5088494320790126
0.11309668,0.5090076049173559
0.1131731,0.5091657775201117
0.11334503,0.50932395049789
0.11323041,0.5094821233621059
0.1131731,0.5096402961385531
0.11315399,0.5097984688689543
0.1131922,0.5099566413417346
0.11315399,0.510114813836605
0.11315399,0.510272986300033
0.11307757,0.5104311586426423
0.11303937,0.5105893313553497
0.11307757,0.510747504340953
0.11302026,0.5109056768242879
0.11315399,0.5110638497282753
0.11303937,0.5112220226165638
0.11294385,0.5113801957637095
0.11303937,0.5115383689020072
0.11288654,0.5116965419259686
0.11298206,0.5118547147384885
0.11296295,0.5120128875106236
0.11284833,0.5121710607360713
0.11286744,0.5123292338014941
0.11298206,0.512487406582477
0.11292475,0.5126455791672292
0.11298206,0.5128037520709267
0.11302026,0.5129619241702801
0.11288654,0.5131200963882245
0.11282923,0.5132782686741939
0.11292475,0.513436441107772
0.11290564,0.5135946129481485
0.11282923,0.5137527851773114
0.11286744,0.5139109576698382
0.11277192,0.5140691296244272
0.11275282,0.5142273017081042
0.11277192,0.5143854738060664
0.11281013,0.5145436454956582
0.11277192,0.5147018178891897
0.11271461,0.5148599899792106
0.11275282,0.5150181620966064
0.1126764,0.5151763341461592
0.1126764,0.5153345060541858
0.11271461,0.5154926776134765
0.1126382,0.5156508491549371
0.11261909,0.5158090210992679
0.11261909,0.5159671936685866
0.1126382,0.5161253660126673
0.1126382,0.5162835384394611
0.11271461,0.5164417110953995
0.1126382,0.5165998837959337
0.1126573,0.5167580564826936
0.11259999,0.5169162285882752
0.11252358,0.5170744005243061
0.11246626,0.5172325725977656
0.11254268,0.5173907446496272
0.11252358,0.517548916635354
0.11250447,0.5177070889279448
0.11246626,0.5178652613057458
0.1126382,0.5180234331979542
0.11252358,0.5181816049329712
0.11242805,0.5183397764678316
0.11242805,0.5184979483537466
0.11242805,0.5186561202382051
0.11246626,0.5188142920069501
0.11242805,0.5189724642349482
0.11242805,0.5191306363579197
0.11238985,0.5192888086197757
0.11235164,0.5194469808323001
0.11237074,0.5196051528963126
0.11240895,0.5197633248158677
0.11242805,0.5199214966006488
0.11231343,0.5200796683780983
0.11229433,0.5202378399278091
0.11221792,0.520396011953285
0.11221792,0.5205541838517785
0.11217971,0.5207123555326222
0.11216061,0.520870527144799
0.11217971,0.5210286987744477
0.11229433,0.5211868704101223
0.11229433,0.5213450415667704
0.11219881,0.5215032125065027
0.11225612,0.5216613844108766
0.1121415,0.5218195557392433
0.11221792,0.5219777274143845
0.1121033,0.5221358993440745
0.11221792,0.5222940715283076
0.1121033,0.5224522436184863
0.1121415,0.5226104157576877
0.1121415,0.522768587957654
0.1121033,0.5229267598747075
0.11202689,0.5230849316941225
0.11219881,0.523243103486358
0.1120842,0.5234012754325641
0.11198868,0.523559447821423
0.11202689,0.5237176200319302
0.11202689,0.5238757919724908
0.11191226,0.524033963576879
0.11189315,0.524192135691144
0.11196958,0.5243503072715846
0.11193136,0.5245084794821151
0.11195047,0.5246666512569398
0.11193136,0.5248248233181712
0.11193136,0.5249829957198398
0.11196958,0.5251411678650739
0.11168302,0.5252993397665986
0.11189315,0.5254575114439504
0.11187405,0.5256156835579509
0.11179764,0.5257738554662446
0.11191226,0.5259320273577002
0.11183584,0.5260901991307037
0.11183584,0.5262483706919446
0.11170212,0.5264065422910305
0.11179764,0.5265647141041708
0.11172123,0.5267228855630768
0.11181674,0.5268810575695965
0.11177853,0.5270392297163065
0.11168302,0.5271974017514055
0.11174033,0.5273555740881584
0.11162571,0.5275137463050886
0.11160661,0.5276719185416597
0.11164481,0.5278300907761578
0.11162571,0.5279882633048211
0.1115684,0.5281464356640865
0.11160661,0.5283046076269899
0.11153019,0.5284627801555898
0.11160661,0.5286209530888574
0.11160661,0.5287791254232703
0.11153019,0.5289372975277269
0.11143468,0.5290954696810178
0.11153019,0.5292536420654506
0.11149199,0.5294118143254424
0.11149199,0.5295699866359114
0.11147288,0.5297281586666583
0.11151109,0.5298863308311516
0.11143468,0.5300445027427457
0.1115875,0.5302026750663204
0.11132005,0.5303608476117347
0.11139647,0.5305190206417347
0.11124364,0.5306771930230242
0.11137737,0.5308353651559118
0.11128184,0.5309935368293016
0.11139647,0.5311517086375054
0.11130095,0.5313098803787176
0.11135826,0.5314680519351143
0.11132005,0.5316262240425829
0.11122453,0.5317843965960009
0.11126274,0.5319425687528865
0.11118633,0.5321007411104166
0.11120543,0.5322589133883014
0.11126274,0.5324170856593203
0.11122453,0.5325752574966253
0.11118633,0.5327334298023901
0.11116722,0.5328916020464803
0.1110526,0.533049774379295
0.11109081,0.5332079471288157
0.11112902,0.5333661200820151
0.11118633,0.5335242928143167
0.11093798,0.5336824656087626
0.11099529,0.5338406379652879
0.11099529,0.5339988101319832
0.11093798,0.5341569819842222
0.1110526,0.5343151543401756
0.1110144,0.5344733265194055
0.11091888,0.5346314987908553
0.11095709,0.5347896717492412
0.11093798,0.5349478450489041
0.11091888,0.5351060181872294
0.11093798,0.5352641906093094
0.11086157,0.5354223629492679
0.11093798,0.5355805356091299
0.11082336,0.5357387082160803
0.11068963,0.5358968809950029
0.11082336,0.5360550538521601
0.11074694,0.5362132265252041
0.11082336,0.5363713992258032
0.11070874,0.5365295720260355
0.11076605,0.5366877442967889
0.11065143,0.536845916450066
0.11074694,0.537004088812326
0.11076605,0.5371622609744301
0.11074694,0.5373204334570105
0.11068963,0.5374786058679594
0.11061322,0.5376367783785906
0.11067053,0.5377949505518943
0.11053681,0.5379531232258941
0.11055591,0.5381112954603702
0.11053681,0.538269468175214
0.11055591,0.5384276409618403
0.11053681,0.538585814174099
0.11059412,0.5387439873983861
0.1105177,0.5389021604325483
0.1104795,0.539060332965721
0.11046039,0.5392185056874528
0.11044129,0.5393766779886154
0.11040308,0.539534850227225
0.1104795,0.5396930227348478
0.11046039,0.5398511954993619
0.11034577,0.5400093679923058
0.11038398,0.5401675409023614
0.11030757,0.5403257140731066
0.11028846,0.5404838874320078
0.11026936,0.5406420607546046
0.11025026,0.5408002339245805
0.11015473,0.5409584072201532
0.11017384,0.541116580726501
0.11019294,0.5412747538810921
0.11015473,0.541432927037793
0.11013563,0.5415911004004318
0.11019294,0.5417492737442124
0.11013563,0.5419074472674795
0.11005922,0.5420656206564216
0.11019294,0.5422237943570981
0.11000191,0.5423819678923264
0.11004011,0.5425401411807884
0.11015473,0.5426983147511836
0.11007832,0.5428564882092172
0.11002101,0.5430146618249154
0.11004011,0.5431728350133508
0.1099446,0.5433310080060301
0.1099637,0.5434891806652955
0.10984908,0.5436473536203644
0.10988729,0.5438055265584172
0.10988729,0.5439637000087598
0.10984908,0.5441218735379094
0.10975356,0.5442800473208722
0.10990639,0.5444382210930742
0.10963894,0.5445963947504716
0.10986818,0.5447545683538042
0.10979177,0.5449127423116821
0.10973446,0.5450709163014471
0.10973446,0.5452290895297801
0.10969625,0.545387262831778
0.10971536,0.5455454362224442
0.10963894,0.5457036098961431
0.10958163,0.5458617836669145
0.10960073,0.5460199579008521
0.10960073,0.5461781323288524
0.10956252,0.5463363064841058
0.10950521,0.546494480355102
0.10946701,0.5466526545480274
0.10958163,0.5468108285492658
0.1094097,0.5469690028054459
0.10946701,0.5471271770182358
0.1094479,0.5472853513997517
0.1094288,0.547443525843494
0.1094479,0.5476017004284054
0.1094097,0.5477598753043925
0.10927597,0.5479180498180433
0.10925687,0.5480762240415954
0.10939059,0.5482343981001543
0.10929508,0.5483925721259518
0.10933328,0.5485507464398887
0.10918046,0.5487089205445265
0.10916135,0.54886709482409
0.10921866,0.5490252690159886
0.10923777,0.549183443654443
0.10914225,0.549341618325324
0.10910404,0.5494997923235061
0.10902762,0.5496579661560755
0.10912315,0.5498161402652775
0.108913,0.5499743145385648
0.10908494,0.5501324887875522
0.10895121,0.5502906631884859
0.10893211,0.5504488377853599
0.108913,0.5506070121084086
0.10893211,0.5507651864159772
0.10883659,0.5509233602154452
0.10885569,0.5510815338833588
0.10877928,0.5512397078427504
0.10893211,0.551397881680408
0.10879838,0.5515560557116146
0.10870287,0.5517142301385842
0.10872197,0.5518724047188424
0.10864556,0.5520305792900722
0.10868376,0.5521887539941872
0.10864556,0.5523469282438812
0.10855004,0.552505102701639
0.10856915,0.5526632772113939
0.10855004,0.5528214518197095
0.10853094,0.5529796265902619
0.10855004,0.5531378013741848
0.1083781,0.5532959761743032
0.10851184,0.5534541515079239
0.108359,0.5536123263667503
0.1083399,0.5537705010632902
0.10830169,0.5539286761118475
0.1083399,0.5540868506943517
0.10832079,0.5542450254523957
0.10818707,0.5544032001286733
0.10824438,0.554561375034933
0.10816797,0.554719550082764
0.10805335,0.5548777248629381
0.10818707,0.5550359000592093
0.10816797,0.55519407539006
0.10809156,0.5553522508902182
0.10799604,0.5555104264005917
0.10797694,0.5556686018066991
0.10797694,0.5558267770421635
0.10791963,0.555984952573664
0.10795783,0.5561431277426774
0.1078241,0.5563013028035123
0.10788141,0.5564594773571637
0.10776679,0.5566176516415745
0.10772859,0.5567758264670888
0.10765217,0.5569340016870501
0.10774769,0.5570921769481081
0.10774769,0.5572503524589182
0.10765217,0.5574085281909077
0.10757576,0.5575667035788879
0.10753755,0.5577248794514188
0.10749935,0.5578830552209104
0.10746114,0.5580412309102976
0.10755666,0.5581994060361479
0.10738473,0.5583575816998965
0.10732741,0.5585157571761907
0.10736562,0.5586739325344275
0.10721279,0.5588321084518398
0.10723189,0.5589902844721581
0.107251,0.5591484607728404
0.107251,0.5593066362380389
0.10717458,0.5594648112319236
0.10711727,0.5596229861775197
0.10717458,0.5597811618031031
0.10713638,0.5599393374341368
0.10698355,0.5600975128054339
0.10704086,0.5602556886192539
0.10692624,0.5604138639120569
0.10684983,0.560572039725985
0.10686893,0.5607302152454591
0.10683072,0.560888390828689
0.10679252,0.5610465663339189
0.10684983,0.5612047416284441
0.1067543,0.5613629169791668
0.10663968,0.5615210925078223
0.10669699,0.5616792682224792
0.10650596,0.561837443796015
0.10646775,0.5619956193163015
0.10652506,0.562153794359915
0.10646775,0.5623119702231696
0.10642955,0.5624701459902306
0.10633403,0.562628322391441
0.10627672,0.5627864986061086
0.1061812,0.5629446744771677
0.10616209,0.5631028506821748
0.10623851,0.5632610264632093
0.10608568,0.563419201926611
0.10614299,0.5635773775000491
0.10604747,0.5637355531954175
0.10600927,0.5638937291264082
0.10597106,0.5640519052653628
0.10591375,0.5642100813611168
0.10593285,0.5643682575311729
0.10579913,0.5645264338874744
0.10576092,0.5646846099652335
0.10578003,0.5648427861663442
0.10555078,0.5650009622859233
0.10566541,0.5651591382909115
0.1056272,0.5653173143214575
0.1056463,0.5654754901379513
0.10551257,0.5656336664319292
0.10551257,0.5657918424857288
0.10537885,0.5659500186225862
0.10526423,0.5661081951373842
0.10522602,0.5662663718064036
0.10511141,0.5664245480837534
0.10520692,0.5665827245671748
0.10518782,0.5667409011260773
0.10520692,0.5668990777007819
0.10497767,0.5670572542618016
0.10492036,0.5672154310052768
0.10486306,0.567373607546296
0.10480575,0.567531783924105
0.10493947,0.5676899605267326
0.10476754,0.5678481370244722
0.10469113,0.5680063140765756
0.10463382,0.5681644911797387
0.1045383,0.5683226681947728
0.1045383,0.568480845056285
0.10448099,0.5686390221432086
0.10434726,0.5687971998085254
0.10427085,0.5689553773379207
0.10428995,0.5691135546613864
0.10427085,0.569271731947815
0.10419443,0.5694299093709163
0.10421354,0.5695880867300641
0.1040034,0.5697462641376674
0.10388877,0.5699044412951207
0.10392699,0.5700626184003772
0.10388877,0.5702207957109393
0.10386967,0.5703789730088858
0.10377415,0.5705371499554882
0.10364043,0.5706953262896404
0.10365953,0.5708535026931939
0.10354491,0.571011679442332
0.10339209,0.5711698562628802
0.10339209,0.5713280330383244
0.10331567,0.5714862099674418
0.10327746,0.5716443866839168
0.10320105,0.5718025636884544
0.10312463,0.5719607409495162
0.10314374,0.572118917904363
0.10301001,0.5722770945509541
0.10306732,0.5724352710779033
0.10287629,0.5725934479034475
0.10289539,0.572751624922767
0.10272346,0.5729098020201674
0.10264704,0.5730679791519285
0.10260884,0.5732261563550782
0.10247511,0.5733843335501544
0.10236049,0.5735425102089853
0.10226498,0.5737006872048122
0.10230318,0.5738588639227173
0.10215035,0.5740170407438648
0.10209304,0.5741752173850321
0.10209304,0.5743333940868053
0.10199752,0.5744915709336792
0.10192111,0.5746497472582313
0.1018638,0.5748079242099381
0.10171098,0.574966100608738
0.10161546,0.5751242771908707
0.10151993,0.5752824538489668
0.10146262,0.575440630095697
0.10125249,0.5755988065862956
0.10127159,0.5757569831910732
0.1012907,0.5759151594613193
0.10119518,0.5760733361831443
0.10092773,0.576231512441229
0.10104235,0.5763896887402814
0.1007749,0.5765478652205923
0.10073669,0.5767060413110419
0.10066028,0.5768642175433562
0.10060297,0.577022393956892
0.10041193,0.5771805701865931
0.10045014,0.5773387458878542
0.10035462,0.5774969217838144
0.1002591,0.5776550979484966
0.10016359,0.577813274409862
0.10006807,0.5779714512881635
0.099838823,0.5781296281427939
0.099800617,0.5782878053538324
0.099724203,0.578445982702601
0.099571377,0.5786041603993927
0.099571377,0.5787623377585698
0.099456757,0.5789205148634899
0.099380344,0.5790786922694429
0.099323034,0.5792368693729509
0.099265717,0.5793950467526715
0.099055581,0.5795532240587723
0.098940961,0.5797114011643139
0.098788135,0.5798695783410561
0.098730825,0.5800277557078932
0.098692611,0.5801859327882574
0.098425165,0.5803441101753833
0.098329648,0.5805022875519342
0.098253235,0.5806604645690653
0.098176822,0.5808186414593869
0.098023988,0.5809768191810513
0.097966678,0.5811349974440297
0.097832955,0.5812931752057834
0.097794749,0.5814513530055586
0.097661026,0.5816095309587856
0.097565509,0.5817677092264711
0.097336262,0.5819258873734519
0.097278953,0.5820840649922273
0.097068816,0.582242242181465
0.09703061,0.5824004197607819
0.096877776,0.5825585975485699
0.096801363,0.5827167751506818
0.096648537,0.5828749529589234
0.09655302,0.5830331306556384
0.096457504,0.5831913080458959
0.096209154,0.5833494855002346
0.096113637,0.5835076628867014
0.095979914,0.5836658402366353
0.095941707,0.583824017940202
0.095731564,0.5839821958641194
0.095636047,0.5841403736819304
0.095483221,0.5842985511819293
0.095406808,0.584456728540962
0.095349498,0.5846149059186246
0.095120251,0.5847730833065145
0.094891012,0.5849312605405022
0.094814599,0.5850894380170037
0.094814599,0.5852476156134616
0.094699979,0.585405793134093
0.094470732,0.5855639708843043
0.094375215,0.5857221485427804
0.094260596,0.5858803265333458
0.094050452,0.5860385043421801
0.094088659,0.5861966820855573
0.093859419,0.5863548595531922
0.093783006,0.5865130371104417
0.093668386,0.5866712147576378
0.093477346,0.5868293923171508
0.0932099,0.5869875698606688
0.093190797,0.5871457473063305
0.093076177,0.5873039249578336
0.09303797,0.5874621021974307
0.09273231,0.587620279082966
0.092694104,0.5877784559812543
0.092483968,0.5879366329629307
0.092407554,0.5880948103378133
0.092350237,0.5882529879345111
0.092120998,0.5884111654083567
0.091987275,0.5885693426611267
0.091929965,0.588727520580143
0.091681615,0.5888856983204017
0.091605201,0.5890438758977963
0.091471478,0.5892020536448418
0.091299549,0.5893602317236598
0.091280445,0.5895184092106299
0.091127612,0.5896765870095623
0.090993889,0.5898347648593689
0.090841062,0.5899929427033404
0.090783753,0.5901511207069396
0.090535402,0.5903092991090563
0.090535402,0.5904674775446106
0.090420783,0.5906256557043343
0.09022975,0.5907838339089923
0.090019606,0.5909420122928819
0.090000503,0.5911001911170775
0.089847676,0.5912583695998465
0.08975216,0.5914165480410667
0.089618437,0.5915747256517696
0.08950381,0.5917329034032103
0.089408293,0.5918910814591295
0.08921726,0.5920492588714532
0.089159951,0.5922074367747707
0.089045331,0.5923656152300748
0.088892497,0.5925237934475478
0.088892497,0.5926819716137544
0.088682361,0.5928401497737664
0.088567741,0.5929983277625962
0.088414915,0.5931565055835
0.088395812,0.5933146823070723
0.088242978,0.593472859678135
0.088204771,0.5936310372251538
0.088090152,0.5937892146534665
0.088032842,0.5939473915552581
0.087994635,0.5941055686773302
0.087860912,0.5942637464160974
0.087727182,0.5944219236867408
0.087650768,0.5945801015074413
0.087746285,0.5947382793730372
0.087536149,0.5948964569766071
0.087402426,0.5950546340901853
0.087383322,0.5952128116504375
0.087287806,0.5953709889874752
0.087326013,0.5955291666253553
0.087192282,0.5956873436845406
0.087134972,0.595845520841094
0.087134972,0.5960036979065785
0.087020352,0.5961618751216159
0.086963043,0.5963200524169575
0.086982146,0.596478229776431
0.086963043,0.596636406998386
0.086886629,0.5967945844836396
0.08682932,0.5969527618743581
0.086810216,0.5971109394553571
0.086752906,0.5972691171475181
0.086733803,0.5974272945637569
0.0867147,0.5975854718310404
0.08665739,0.5977436489516385
0.086676493,0.5979018262754332
0.086695597,0.5980600037711108
0.08665739,0.5982181812995667
0.086580969,0.5983763588780717
0.086638287,0.5985345360812964
0.086580969,0.5986927139638734
0.086619176,0.598850892171294
0.086619176,0.5990090700319417
0.08665739,0.5991672476869231
0.086561866,0.5993254250257581
0.086504556,0.5994836024690132
0.08652366,0.599641780005973
0.086619176,0.5997999572635812
0.086580969,0.5999581344484148
0.086561866,0.6001163115356776
0.086695597,0.6002744885969102
0.086619176,0.6004326657475515
0.086638287,0.6005908428523931
0.086733803,0.6007490207842119
0.086695597,0.6009071981154059
0.086561866,0.6010653754034673
0.086791113,0.601223552468219
0.086733803,0.6013817296694333
0.086733803,0.601539907040875
0.086752906,0.6016980842909856
0.08677201,0.6018562609322655
0.086886629,0.6020144378253354
0.086810216,0.6021726146201575
0.086848423,0.6023307917005494
0.087039456,0.6024889689186247
0.086982146,0.602647145996261
0.086924836,0.6028053229878378
0.087077662,0.602963500171222
0.086982146,0.6031216778057586
0.087058559,0.6032798553279457
0.087001249,0.603438032819541
0.087039456,0.6035962105475629
0.087058559,0.6037543878387663
0.087001249,0.6039125656342335
0.087115869,0.6040707439246252
0.087058559,0.604228922542008
0.087154076,0.6043871012687946
0.087001249,0.6045452792733631
0.087039456,0.6047034570255879
0.087134972,0.6048616348772804
0.087058559,0.6050198124729054
0.087039456,0.6051779901388238
0.087058559,0.6053361675979726
0.087192282,0.6054943452585009
0.086982146,0.605652522588165
0.086982146,0.605810700061756
0.087096766,0.6059688777798202
0.087001249,0.6061270556151925
0.086982146,0.6062852330270095
0.087001249,0.6064434109111895
0.086982146,0.6066015890544941
0.086905733,0.6067597671477941
0.086810216,0.606917945346258
0.086791113,0.6070761237353697
0.086905733,0.6072343020158453
0.086905733,0.6073924798054283
0.086752906,0.6075506576200841
0.086733803,0.6077088356440573
0.086638287,0.6078670139204354
0.086752906,0.608025191062258
0.08652366,0.6081833680070253
0.086619176,0.6083415447930383
0.086600073,0.6084997217946246
0.086485453,0.6086578989332821
0.08646635,0.6088160763047512
0.08635173,0.6089742533676835
0.086370833,0.6091324304165263
0.086275317,0.6092906071336729
0.086256213,0.609448784467297
0.086313523,0.6096069617361896
0.08623711,0.6097651392692334
0.08612249,0.6099233169074623
0.0861798,0.6100814946705158
0.0861798,0.6102396721022391
0.086103387,0.6103978498822116
0.085893244,0.6105560274736931
0.085912347,0.6107142049253547
0.085893244,0.6108723827596408
0.085950553,0.6110305602823217
0.085855037,0.6111887380909984
0.085835934,0.6113469161710501
0.085587591,0.6115050942466451
0.085625798,0.6116632721859179
0.085530281,0.611821449874468
0.085644901,0.6119796277557179
0.085472964,0.6121378054835087
0.085472964,0.6122959832412895
0.085492074,0.612454161509901
0.085434757,0.6126123399017398
0.085224621,0.6127705182621641
0.085301034,0.612928696242614
0.085205518,0.6130868738377736
0.085052691,0.6132450515576676
0.085071795,0.6134032298791178
0.085090898,0.6135614085036312
0.084938072,0.6137195870920645
0.084957175,0.6138777652083337
0.084861651,0.6140359431907263
0.084804341,0.6141941210479416
0.084861651,0.61435229863822
0.084708825,0.6145104764599805
0.084632412,0.6146686536734404
0.084670618,0.6148268306733431
0.084632412,0.6149850080004601
0.084536895,0.6151431859175422
0.084364966,0.6153013641237364
0.084460482,0.6154595424719375
0.084364966,0.61561772073012
0.084288545,0.6157758990643106
0.084193029,0.6159340767622931
0.084231235,0.6160922539912588
0.084040202,0.6162504312795014
0.084097512,0.6164086085714271
0.084001996,0.6165667864266338
0.083963789,0.616724964031676
0.083887376,0.6168831418174835
0.083868273,0.6170413194418625
0.083772756,0.6171994972824746
0.083734542,0.6173576751008923
0.083658129,0.6175158528582118
0.083658129,0.6176740302925511
0.083562613,0.6178322078963085
0.083524406,0.6179903853215462
0.083409786,0.6181485633316394
0.08342889,0.6183067412995904
0.08342889,0.6184649199966702
0.083352476,0.6186230988767584
0.083276063,0.6187812772713218
0.083218753,0.6189394555780349
0.083104126,0.6190976336224217
0.083085023,0.6192558115143502
0.082989506,0.6194139899230947
0.082989506,0.6195721679984688
0.082817577,0.6197303459707091
0.08289399,0.6198885241835582
0.08283668,0.6200467024136879
0.082741164,0.6202048799186181
0.082741164,0.6203630578371699
0.082664751,0.6205212357069229
0.082569227,0.6206794138366286
0.082645647,0.6208375916522619
0.08258833,0.6209957690306269
0.08247371,0.6211539466360403
0.082301781,0.6213121243703437
0.08235909,0.62147030190473
0.082301781,0.6216284793311219
0.082206264,0.6217866562654457
0.082263574,0.6219448334512265
0.082206264,0.6221030111117251
0.082110748,0.6222611886035759
0.082187161,0.6224193659164563
0.082110748,0.6225775433695585
0.082015224,0.6227357210012088
0.081938811,0.6228938982200477
0.081977017,0.6230520756187178
0.081805088,0.6232102533562466
0.081824191,0.6233684308989285
0.081805088,0.6235266090147001
0.081805088,0.6236847869221886
0.081671365,0.6238429647591833
0.081614055,0.6240011426133887
0.081594951,0.624159320570751
0.081556745,0.6243174983635567
0.081537642,0.6244756758604664
0.081480332,0.6246338534523345
0.081537642,0.6247920305707213
0.081423014,0.624950207713788
0.081327498,0.6251083843980917
0.081365705,0.6252665616333124
0.081346601,0.6254247390465052
0.081289291,0.6255829167507788
0.081270188,0.6257410944349311
0.081193775,0.6258992722694311
0.081155568,0.6260574505509241
0.081117362,0.6262156289912717
0.081060052,0.6263738072306879
0.081060052,0.6265319850807876
0.081040949,0.6266901626026087
0.080888122,0.6268483403445562
0.080945432,0.6270065183182294
0.080888122,0.6271646967615698
0.080907226,0.6273228749624231
0.080907226,0.6274810531250876
0.080907226,0.6276392315482393
0.080830805,0.627797410483811
0.080773495,0.627955589123184
0.080677979,0.6281137678394668
0.080716185,0.6282719464978843
0.080677979,0.628430124819453
0.080677979,0.6285883029782795
0.080639772,0.6287464804980833
0.080620669,0.6289046581754564
0.080620669,0.6290628356874375
0.080525152,0.6292210132717311
0.080525152,0.6293791904293422
0.080448739,0.6295373679009314
0.080410533,0.6296955459628559
0.080525152,0.6298537240735209
0.080391429,0.630011902189884
0.080410533,0.6301700800972401
0.080467843,0.6303282574335658
0.080372326,0.6304864349727775
0.080334119,0.630644612702506
0.080315016,0.6308027901292232
0.080276802,0.6309609676181281
0.080315016,0.6311191452218798
0.080315016,0.6312773230122017
0.080295905,0.6314355003473507
0.080315016,0.6315936775518669
0.080238596,0.6317518547699087
0.080257699,0.6319100315836818
0.080104873,0.6320682087416688
0.080238596,0.6322263863906473
0.080238596,0.6323845641554156
0.080219492,0.6325427421731706
0.080200389,0.6327009201164684
0.080028459,0.6328590974982973
0.080162182,0.6330172746769377
0.080123976,0.6331754526093728
0.080219492,0.6333336302229422
0.080238596,0.6334918082168565
0.080143079,0.6336499861893272
0.080104873,0.6338081645669362
0.080047563,0.6339663426110271
0.080123976,0.6341245206834973
0.080104873,0.6342826988075849
0.080123976,0.6344408772590262
0.080028459,0.6345990553717894
0.080066666,0.6347572331381298
0.07997115,0.6349154108956494
0.080009356,0.6350735887248506
0.07997115,0.6352317663513525
0.07991384,0.6353899434397408
0.07997115,0.6355481210476165
0.07991384,0.6357062988939667
0.080009356,0.635864476704166
0.080009356,0.6360226545996063
0.080028459,0.6361808328279089
0.079932943,0.6363390113824016
0.079952046,0.6364971893841095
0.079894736,0.6366553675789806
0.079932943,0.6368135457353661
0.079894736,0.6369717243841575
0.07985653,0.6371299023724734
0.079875633,0.6372880804560785
0.079875633,0.6374462580571045
0.079894736,0.6376044359828357
0.07985653,0.6377626141101094
0.079875633,0.6379207918218535
0.07985653,0.6380789700421174
0.079875633,0.6382371478267366
0.07985653,0.6383953251620904
0.079875633,0.6385535020046278
0.07991384,0.6387116790024849
0.079780117,0.6388698563095304
0.07979922,0.6390280340996735
0.07997115,0.6391862119000609
0.079952046,0.6393443891683993
0.079761013,0.6395025669357635
0.07991384,0.6396607450042051
0.079990253,0.6398189228197061
0.079894736,0.6399770999799425
0.079894736,0.640135277497783
0.079894736,0.6402934553220785
0.07985653,0.6404516330283332
0.079780117,0.6406098107812288
0.079780117,0.6407679887557736
0.079818323,0.6409261661576389
0.079875633,0.6410843439336208
0.079761013,0.6412425218631983
0.079818323,0.641400699946976
0.079837427,0.641558877697662
0.07985653,0.6417170557105938
0.079894736,0.6418752333302973
0.07985653,0.6420334108742097
0.07985653,0.6421915878862263
0.079894736,0.6423497651566522
0.079932943,0.6425079427416931
0.07991384,0.6426661199882991
0.079818323,0.6428242976156893
0.079952046,0.6429824756419565
0.07985653,0.6431406532946664
0.07979922,0.6432988311267295
0.07997115,0.643457008611642
0.079818323,0.6436151861534947
0.079894736,0.6437733636584494
0.079952046,0.6439315408952295
0.079780117,0.6440897183162029
0.079875633,0.6442478954828778
0.079818323,0.6444060727617299
0.079875633,0.6445642499651475
0.079818323,0.6447224274896983
0.079837427,0.6448806050342775
0.07997115,0.6450387822978161
0.07979922,0.6451969595385729
0.07985653,0.645355137143665
0.079932943,0.6455133146971411
0.07997115,0.6456714919347019
0.079818323,0.6458296690572273
0.079894736,0.6459878461967323
0.07985653,0.6461460235787231
0.079837427,0.6463042006738642
0.079875633,0.6464623780231155
0.079837427,0.646620555468026
0.079875633,0.646778732728789
0.079837427,0.6469369102655752
0.079875633,0.6470950873267635
0.079875633,0.6472532643163484
0.079894736,0.6474114410837382
0.079818323,0.6475696177849516
0.07979922,0.6477277945079924
0.07997115,0.647885971469123
0.079875633,0.648044148937439
0.079818323,0.6482023262186426
0.079818323,0.6483605037255608
0.079894736,0.648518680720408
0.079837427,0.6486768574350237
0.079932943,0.6488350342278218
0.079894736,0.648993211618135
0.079780117,0.6491513889630148
0.079875633,0.649309565844875
0.079875633,0.6494677426461937
0.079894736,0.6496259195653039
0.079875633,0.6497840968959274
0.07991384,0.6499422738280455
0.07991384,0.6501004505581874
0.07991384,0.6502586273856544
0.07985653,0.6504168048244091
0.079952046,0.6505749823755406
0.07997115,0.6507331601770084
0.07997115,0.6508913384839766
0.07991384,0.6510495168289949
0.079952046,0.6512076949872156
0.07997115,0.651365872757681
0.079875633,0.6515240503893984
0.079875633,0.651682228469677
0.079932943,0.651840406453232
0.079952046,0.6519985847649606
0.079894736,0.6521567628684736
0.079952046,0.6523149409734625
0.080009356,0.6524731190181488
0.079875633,0.6526312970774644
0.07991384,0.6527894750895448
0.079894736,0.6529476532137234
0.080009356,0.6531058312823854
0.080009356,0.6532640093458691
0.079952046,0.6534221876973236
0.079990253,0.6535803657585901
0.080009356,0.6537385437850904
0.079894736,0.6538967218398738
0.079990253,0.6540549001472497
0.080028459,0.6542130780613206
0.07997115,0.6543712565094635
0.07991384,0.6545294356634727
0.07991384,0.6546876146435046
0.079818323,0.6548457928442177
0.080009356,0.6550039712031607
0.079990253,0.655162149406571
0.079990253,0.6553203271437438
0.07991384,0.6554785051333194
0.079952046,0.6556366832256785
0.079932943,0.6557948613683678
0.07997115,0.6559530392902847
0.080009356,0.6561112174633625
0.080028459,0.6562693953775017
0.079932943,0.6564275735215324
0.080009356,0.6565857518180703
0.080028459,0.6567439301490857
0.07997115,0.6569021085402603
0.080066666,0.6570602862860507
0.079990253,0.6572184642697052
0.079952046,0.6573766426506769
0.079990253,0.6575348212290203
0.07991384,0.657692999902315
0.080009356,0.6578511786915939
0.07991384,0.6580093573765708
0.079932943,0.6581675361042362
0.07997115,0.6583257148565067
0.080047563,0.6584838935941562
0.080009356,0.6586420719453023
0.079932943,0.658800250581562
0.079932943,0.6589584292179733
0.080009356,0.6591166076452155
0.07991384,0.6592747857412721
0.079990253,0.6594329637895578
0.07997115,0.6595911425175193
0.079952046,0.6597493208239965
0.080066666,0.6599074994924738
0.07985653,0.660065678228806
0.080085769,0.6602238573186473
0.080028459,0.660382036332147
0.080047563,0.6605402149474493
0.079952046,0.660698393691287
0.080028459,0.6608565720428597
0.080047563,0.661014750554661
0.080123976,0.6611729292238823
0.080009356,0.6613311074936542
0.079952046,0.6614892858561242
0.080066666,0.6616474638960415
0.080104873,0.66180564240776
0.080028459,0.6619638211509379
0.079952046,0.6621219999959201
0.079990253,0.6622801786133974
0.080009356,0.6624383576117423
0.080028459,0.6625965368307213
0.080009356,0.6627547152362908
0.080009356,0.6629128941063347
0.080066666,0.6630710731322358
0.080047563,0.6632292520407184
0.080181286,0.663387430714266
0.080047563,0.6635456096309786
0.080066666,0.6637037885946753
0.080028459,0.6638619678010995
0.079952046,0.664020147096072
0.080047563,0.6641783263176307
0.079932943,0.6643365053399142
0.07997115,0.6644946846682248
0.080085769,0.6646528639333239
0.080085769,0.6648110428887463
0.080143079,0.6649692221416178
0.080219492,0.6651274014575344
0.080009356,0.6652855811025244
0.080047563,0.6654437598949895
0.080085769,0.6656019386333772
0.080066666,0.6657601171006564
0.080085769,0.6659182956126776
0.080123976,0.666076474144577
0.080047563,0.6662346519231335
0.079990253,0.6663928299236628
0.080219492,0.6665510076522552
0.07997115,0.6667091858277584
0.080104873,0.6668673642798862
0.080085769,0.6670255422681155
0.079990253,0.6671837205777051
0.080123976,0.6673418988840131
0.079990253,0.6675000772482533
0.080066666,0.6676582554607646
0.080143079,0.6678164337907511
0.080009356,0.6679746121344999
0.080066666,0.6681327909275475
0.079990253,0.6682909689731542
0.080047563,0.6684491466478842
0.079990253,0.6686073243975325
0.080009356,0.6687655021606184
0.080162182,0.66892367956491
0.080028459,0.6690818567417738
0.080085769,0.6692400344103332
0.079990253,0.6693982123126074
0.080104873,0.6695563905718641
0.079952046,0.6697145688074196
0.080009356,0.6698727470775196
0.080009356,0.6700309254217646
0.080047563,0.6701891038577336
0.080009356,0.6703472826099491
0.080085769,0.6705054609694923
0.080066666,0.6706636389817551
0.080028459,0.6708218166484844
0.080009356,0.670979994347099
0.079932943,0.6711381717202568
0.080009356,0.6712963492866764
0.080143079,0.6714545267579818
0.080085769,0.6716127045242832
0.080028459,0.6717708822512272
0.080028459,0.6719290593545004
0.079952046,0.6720872366546923
0.080009356,0.6722454148724828
0.080047563,0.6724035925945547
0.080047563,0.6725617698531475
0.080028459,0.6727199469915982
0.079952046,0.6728781242093463
0.080085769,0.6730363013377723
0.080028459,0.673194478781438
0.080066666,0.6733526559497822
0.079990253,0.6735108331997317
0.080143079,0.6736690103821126
0.080028459,0.6738271873677883
0.080104873,0.6739853639901523
0.080009356,0.6741435413092934
0.079990253,0.6743017181376028
0.080047563,0.6744598949210435
0.079990253,0.6746180717852791
0.080066666,0.6747762488829939
0.080028459,0.6749344261164903
0.080009356,0.6750926036371537
0.080047563,0.6752507811985405
0.080009356,0.6754089586313573
0.079990253,0.6755671359623429
0.080009356,0.6757253130220175
0.079894736,0.6758834901639346
0.080047563,0.676041667381422
0.07991384,0.676199844634703
0.07997115,0.6763580221956297
0.080066666,0.6765161998127432
0.080009356,0.6766743776951473
0.080009356,0.6768325548650448
0.079932943,0.6769907321134827
0.079932943,0.6771489095339996
0.079952046,0.67730708701765
0.080009356,0.6774652646116787
0.080066666,0.6776234422470114
0.07997115,0.6777816196774842
0.07991384,0.677939797320178
0.07991384,0.6780979749516363
0.079990253,0.6782561522270587
0.080047563,0.6784143296546551
0.07997115,0.6785725074090004
0.079990253,0.6787306853067465
0.079990253,0.6788888627752762
0.07997115,0.6790470401150421
0.079932943,0.67920521765456
0.079952046,0.6793633946157129
0.079932943,0.6795215719491593
0.079990253,0.679679748913661
0.079894736,0.6798379258961927
0.079894736,0.6799961031351416
0.07997115,0.6801542805044956
0.079990253,0.6803124583961305
0.080047563,0.6804706365714953
0.07991384,0.680628814348692
0.080028459,0.680786992227302
0.07997115,0.6809451703463113
0.080028459,0.6811033481175452
0.080009356,0.6812615257567513
0.079990253,0.6814197037163535
0.079932943,0.6815778818665609
0.079894736,0.6817360602221877
0.080009356,0.6818942387973188
0.079875633,0.6820524169454445
0.07985653,0.6822105945382545
0.079952046,0.6823687725284067
0.07985653,0.6825269503105014
0.079894736,0.6826851276597136
0.07997115,0.6828433050380778
0.079932943,0.6830014823326626
0.07997115,0.6831596602145809
0.07991384,0.6833178381633255
0.079818323,0.6834760165280095
0.079894736,0.6836341946441102
0.079837427,0.683792372531795
0.079894736,0.6839505498206568
0.07985653,0.6841087267115532
0.079837427,0.6842669035593347
0.07985653,0.6844250810450282
0.080028459,0.6845832582892256
0.07979922,0.6847414356647081
0.079952046,0.684899613024404
0.079875633,0.6850577903856754
0.079894736,0.6852159677582241
0.079837427,0.6853741450389292
0.079894736,0.6855323225559538
0.079894736,0.6856904999844131
0.07979922,0.6858486779103515
0.079780117,0.6860068552024406
0.079818323,0.686165032307559
0.07974191,0.6863232093533104
0.079761013,0.6864813866634571
0.079722799,0.6866395636833438
0.079952046,0.6867977403702031
0.079894736,0.6869559173015078
0.079761013,0.6871140950698306
0.079684593,0.6872722733474552
0.079761013,0.6874304511228256
0.079875633,0.6875886290535991
0.079818323,0.6877468071200155
0.079722799,0.6879049848782156
0.079818323,0.6880631625807981
0.07985653,0.6882213402185822
0.07979922,0.6883795180042113
0.07985653,0.6885376955955957
0.079684593,0.6886958724124995
0.079722799,0.688854049488348
0.07985653,0.6890122267467034
0.079837427,0.6891704043077395
0.079780117,0.689328581494142
0.079818323,0.6894867585691129
0.07985653,0.6896449354415464
0.079875633,0.6898031121697826
0.07974191,0.6899612892870025
0.079818323,0.6901194668931103
0.07985653,0.6902776440694095
0.079894736,0.6904358210010959
0.079837427,0.6905939987410941
0.07979922,0.6907521768241363
0.079837427,0.6909103548765549
0.07974191,0.6910685321605186
0.079837427,0.6912267096416062
0.079703696,0.6913848876863627
0.07979922,0.6915430653592295
0.079780117,0.691701242586849
0.07974191,0.6918594199404304
0.079837427,0.6920175971707668
0.07979922,0.6921757746425666
0.07974191,0.6923339524165798
0.07979922,0.6924921299720748
0.079703696,0.6926503077216536
0.079722799,0.6928084855186832
0.079703696,0.6929666637691825
0.07974191,0.6931248419922931
0.079722799,0.6932830196611199
0.07979922,0.693441196875657
0.079818323,0.6935993738707988
0.07974191,0.6937575512510997
0.079722799,0.6939157287782833
0.079684593,0.6940739059134176
0.079722799,0.6942320837382128
0.079646386,0.6943902616598997
0.079761013,0.6945484394532114
0.079780117,0.6947066171483977
0.079646386,0.6948647943863003
0.079722799,0.6950229722569584
0.079684593,0.695181150089482
0.079627283,0.695339327441681
0.079684593,0.6954975046403942
0.079665489,0.6956556819551302
0.079780117,0.6958138592548994
0.079627283,0.6959720365776817
0.079722799,0.6961302141107398
0.07960818,0.6962883918810331
0.079627283,0.6964465696127842
0.079684593,0.6966047471182416
0.079569973,0.6967629243676567
0.079761013,0.6969211015738258
0.079722799,0.6970792787596995
0.079684593,0.6972374562069468
0.079646386,0.6973956332138808
0.07974191,0.6975538103411442
0.079665489,0.6977119878586819
0.079703696,0.6978701655482585
0.079589076,0.6980283430484607
0.07974191,0.6981865202114407
0.079569973,0.6983446975278003
0.079627283,0.6985028749067447
0.07960818,0.6986610519110653
0.079627283,0.6988192291419892
0.079646386,0.6989774064166759
0.079531766,0.6991355839408253
0.07960818,0.6992937613141635
0.079627283,0.6994519380947649
0.079646386,0.6996101152287609
0.079646386,0.6997682929281211
0.079589076,0.6999264707292483
0.079703696,0.7000846483613911
0.079703696,0.7002428258254636
0.079627283,0.7004010032314001
0.07960818,0.7005591805784107
0.079512663,0.7007173579303702
0.079589076,0.7008755350191005
0.07955087,0.7010337125379615
0.07960818,0.7011918896063876
0.079512663,0.7013500668216582
0.079512663,0.7015082438362319
0.07955087,0.7016664209068428
0.079531766,0.7018245985581902
0.079455353,0.7019827765359951
0.079531766,0.7021409543274594
0.079589076,0.702299131524097
0.07960818,0.7024573089774397
0.07949356,0.7026154863948991
0.079531766,0.7027736635515943
0.079455353,0.7029318408366728
0.079512663,0.7030900182340707
0.079512663,0.7032481957166862
0.079398043,0.7034063730929723
0.07955087,0.703564550661637
0.07949356,0.7037227279859236
0.079455353,0.7038809056496124
0.079589076,0.7040390828493587
0.07943625,0.7041972604418615
0.079531766,0.7043554377462027
0.079398043,0.7045136150489115
0.07949356,0.7046717926239653
0.079455353,0.7048299702430388
0.07955087,0.7049881475932966
0.079512663,0.7051463247027796
0.079474457,0.7053045022251602
0.079455353,0.7054626797245207
0.07943625,0.7056208574624631
0.079417147,0.7057790348607837
0.079474457,0.7059372117610666
0.079398043,0.7060953890316626
0.079455353,0.7062535665553092
0.079455353,0.706411744356481
0.079455353,0.7065699213395995
0.07937894,0.7067280985207234
0.079474457,0.7068862757651714
0.079512663,0.7070444532662759
0.079340734,0.7072026308440628
0.07932163,0.7073608082677477
0.079398043,0.7075189854724719
0.079531766,0.7076771631523184
0.07943625,0.7078353406799054
0.07932163,0.707993518023004
0.079245217,0.7081516956586413
0.079340734,0.7083098726341787
0.079417147,0.7084680502533873
0.079283424,0.7086262277249682
0.079359837,0.7087844046326198
0.079398043,0.7089425815736062
0.07932163,0.7091007590488144
0.07932163,0.7092589364222343
0.079417147,0.7094171136976947
0.07932163,0.709575291082758
0.079340734,0.7097334683424864
0.079398043,0.7098916456803916
0.07932163,0.7100498228812826
0.079398043,0.7102080001032333
0.079207011,0.7103661779519463
0.079283424,0.7105243557763511
0.079226114,0.7106825336697556
0.079359837,0.7108407111974367
0.079359837,0.7109988887323703
0.079187907,0.7111570666757554
0.079340734,0.7113152449733865
0.079283424,0.7114734229998075
0.079340734,0.7116316008841627
0.07932163,0.7117897789423074
0.079302527,0.7119479568163465
0.079187907,0.7121061347881946
0.07932163,0.7122643117293926
0.079283424,0.7124224892487533
0.079283424,0.7125806664505722
0.079283424,0.7127388440361778
0.079226114,0.7128970213454964
0.079302527,0.7130551982931066
0.079302527,0.7132133756968052
0.079245217,0.7133715529438912
0.079283424,0.7135297305523781
0.079245217,0.7136879082213363
0.07926432,0.7138460863428197
0.079245217,0.7140042641327788
0.079207011,0.7141624415071096
0.079245217,0.714320618891174
0.07937894,0.7144787962706051
0.079226114,0.7146369740019332
0.079187907,0.7147951515510856
0.079111487,0.7149533289675013
0.07932163,0.7151115060936188
0.079149693,0.7152696836990332
0.079207011,0.7154278613069592
0.079111487,0.7155860388136
0.079207011,0.7157442161671055
0.079245217,0.7159023935517957
0.07907328,0.7160605708348535
0.079168804,0.7162187482638915
0.079245217,0.7163769255466648
0.079226114,0.716535103276226
0.079111487,0.7166932810569803
0.079092383,0.7168514587382364
0.079187907,0.7170096369004965
0.079207011,0.7171678147867763
0.079149693,0.7173259924990462
0.07907328,0.7174841702323523
0.07907328,0.7176423477823625
0.079245217,0.7178005251047397
0.079207011,0.7179587022239521
0.07913059,0.7181168796524287
0.07913059,0.7182750571589821
0.079092383,0.7184332348023085
0.079149693,0.7185914124051397
0.07907328,0.7187495902896865
0.079149693,0.7189077681605686
0.079168804,0.719065945982897
0.079168804,0.7192241241081571
0.079054177,0.719382301858388
0.079168804,0.7195404792638574
0.079111487,0.7196986571269888
0.079111487,0.7198568356267044
0.079168804,0.7200150135604909
0.079092383,0.7201731911763716
0.079111487,0.7203313686404552
0.07907328,0.7204895461288573
0.07913059,0.7206477235871752
0.079149693,0.7208059007287946
0.079149693,0.7209640781613326
0.079092383,0.721122255757043
0.07901597,0.7212804334549979
0.07901597,0.7214386110347832
0.07901597,0.7215967888243613
0.07913059,0.7217549665501091
0.079168804,0.7219131440096652
0.079092383,0.7220713214478498
0.07895866,0.7222294985844797
0.07901597,0.7223876761879504
0.079035074,0.7225458539020624
0.079149693,0.7227040317043736
0.078920454,0.7228622092265613
0.079035074,0.7230203869785505
0.07907328,0.7231785649292978
0.078996867,0.7233367423792801
0.07901597,0.7234949194741931
0.07901597,0.723653096591382
0.078996867,0.7238112739745117
0.078996867,0.7239694513997864
0.07907328,0.7241276287941065
0.078920454,0.7242858054877039
0.078977764,0.7244439825968427
0.079092383,0.7246021597396999
0.078977764,0.724760336826161
0.07890135,0.7249185135765188
0.078939557,0.7250766906416211
0.07901597,0.7252348679423879
0.078996867,0.7253930454418613
0.078863144,0.7255512230796836
0.078939557,0.7257094005101014
0.079111487,0.7258675779704953
0.078996867,0.7260257549212598
0.079092383,0.726183932236387
0.07895866,0.7263421091652695
0.078996867,0.7265002861638042
0.078920454,0.7266584632813357
0.078939557,0.726816640849875
0.078977764,0.726974818358196
0.078977764,0.727132995867562
0.07901597,0.7272911736223915
0.078977764,0.7274493514423492
0.078939557,0.7276075290384187
0.078996867,0.7277657062597975
0.078977764,0.7279238836463932
0.078996867,0.7280820609998484
0.07901597,0.7282402386135236
0.078939557,0.7283984161070062
0.07895866,0.7285565934377805
0.078996867,0.7287147713149493
0.078920454,0.7288729491718153
0.078977764,0.7290311272196982
0.078882247,0.7291893044331389
0.078996867,0.7293474818597729
0.078996867,0.7295056593011158
0.078939557,0.7296638366950864
0.07895866,0.729822014306218
0.078939557,0.7299801919825162
0.078939557,0.7301383693559393
0.07890135,0.730296547101292
0.078939557,0.7304547246062444
0.078920454,0.7306129022926007
0.078844041,0.7307710799492236
0.079035074,0.7309292575343737
0.07890135,0.7310874351413348
0.07895866,0.7312456129016627
0.078882247,0.7314037904023934
0.078977764,0.731561967987847
0.07901597,0.7317201454447925
0.078996867,0.7318783228842267
0.07890135,0.7320365000879832
0.078824937,0.7321946772856078
0.07895866,0.7323528549547624
0.078863144,0.7325110326177042
0.07895866,0.7326692106340552
0.078882247,0.7328273886432484
0.078844041,0.7329855664259521
0.078882247,0.73314374393183
0.07890135,0.7333019216767679
0.078996867,0.7334600987418073
0.07895866,0.7336182760871907
0.078824937,0.7337764532490038
0.078882247,0.7339346305647344
0.078786731,0.7340928077074472
0.078939557,0.7342509849222614
0.07890135,0.7344091621157577
0.078920454,0.7345673390520537
0.078920454,0.7347255165828819
0.078786731,0.7348836938940821
0.078882247,0.7350418712160457
0.078863144,0.7352000484455979
0.078767627,0.7353582256925164
0.078786731,0.7355164031124778
0.078805834,0.7356745803714134
0.078882247,0.7358327577541777
0.078882247,0.7359909351421193
0.078805834,0.7361491129125606
0.07890135,0.7363072902805798
0.078824937,0.7364654677979073
0.078767627,0.736623645511057
0.078882247,0.7367818229230321
0.078824937,0.7369400008059336
0.078844041,0.7370981785089129
0.07890135,0.7372563562521494
0.078863144,0.7374145336848137
0.078824937,0.7375727111855308
0.07890135,0.7377308886163831
0.078882247,0.7378890660176536
0.078691214,0.7380472437913626
0.078844041,0.7382054213964936
0.078824937,0.7383635992483466
0.078805834,0.7385217773830638
0.078805834,0.7386799557540551
0.078824937,0.7388381336879674
0.078748524,0.7389963113342427
0.078805834,0.7391544888627403
0.078805834,0.7393126665711554
0.078863144,0.7394708440276968
0.078824937,0.7396290218868575
0.078748524,0.7397871997863152
0.078824937,0.7399453775255637
0.078748524,0.7401035554849814
0.078710318,0.7402617335266737
0.078824937,0.7404199113898229
0.078786731,0.7405780888046243
0.078748524,0.7407362660695398
0.078633904,0.7408944438098627
0.078672111,0.7410526215478811
0.078653008,0.7412107992470204
0.078882247,0.7413689771703147
0.078710318,0.7415271545368473
0.078786731,0.7416853319109378
0.078672111,0.7418435095964909
0.078653008,0.742001687329883
0.078748524,0.7421598649375462
0.078729421,0.7423180422181962
0.078672111,0.7424762199003057
0.078729421,0.7426343976260695
0.078633904,0.7427925753643014
0.078786731,0.7429507527152021
0.078633904,0.7431089302302052
0.078595698,0.7432671073037195
0.078729421,0.7434252843196426
0.078653008,0.7435834619073379
0.078633904,0.7437416392576452
0.078653008,0.7438998167884575
0.078710318,0.7440579944795024
0.078672111,0.7442161726455659
0.078710318,0.7443743508711281
0.078614801,0.7445325293598483
0.078672111,0.7446907071916654
0.078748524,0.7448488851338203
0.078748524,0.7450070633066997
0.078710318,0.7451652417407784
0.078614801,0.7453234202491544
0.078633904,0.7454815987010679
0.078691214,0.745639777650028
0.078653008,0.7457979563292597
0.078672111,0.7459561348734304
0.078633904,0.7461143132960406
0.078672111,0.7462724911377392
0.078576595,0.7464306690230437
0.078653008,0.7465888466403082
0.078576595,0.7467470241984191
0.078557484,0.7469052015779641
0.078614801,0.7470633792185896
0.078576595,0.747221556773089
0.078672111,0.7473797348039631
0.078633904,0.7475379124036966
0.078633904,0.7476960898473088
0.078633904,0.7478542671062628
0.078595698,0.7480124444259062
0.078595698,0.7481706217213719
0.078557484,0.7483287993999109
0.078595698,0.748486977494593
0.078595698,0.7486451557957552
0.078633904,0.7488033340499523
0.078576595,0.748961512060287
0.078557484,0.7491196901230666
0.078691214,0.7492778684911563
0.078576595,0.7494360475529186
0.078557484,0.7495942260671896
0.078481071,0.7497524038736013
0.078614801,0.7499105822805222
0.078614801,0.7500687608500836
0.078614801,0.7502269385594937
0.078519277,0.7503851162910588
0.078672111,0.7505432940757341
0.078557484,0.7507014720614532
0.078576595,0.750859650165135
0.078557484,0.7510178283672815
0.078595698,0.7511760066228838
0.078576595,0.7513341850820475
0.078557484,0.7514923631229591
0.078500174,0.7516505413739919
0.078557484,0.751808718923762
0.078557484,0.7519668965215814
0.078481071,0.7521250741425385
0.078576595,0.7522832520272722
0.078576595,0.7524414291377143
0.078557484,0.7525996063526718
0.078519277,0.7527577839303319
0.078576595,0.752915961466312
0.078538381,0.7530741393486702
0.078519277,0.7532323170751036
0.078442864,0.753390494974691
0.078500174,0.7535486728311013
0.078366451,0.7537068501465383
0.078481071,0.7538650274707894
0.078519277,0.7540232046185577
0.078404658,0.7541813824500545
0.078404658,0.7543395601482398
0.078500174,0.7544977375036346
0.078442864,0.7546559150228698
0.078385554,0.7548140926305592
0.078328244,0.7549722697953632
0.078500174,0.7551304467133296
0.078404658,0.7552886240632196
0.078442864,0.7554468013920933
0.078423761,0.7556049785592
0.078442864,0.7557631555956998
0.078309141,0.755921332528933
0.078481071,0.7560795097385181
0.078270935,0.7562376870502935
0.078423761,0.7563958645382911
0.078423761,0.7565540418493156
0.078461967,0.7567122191677655
0.078423761,0.7568703967438056
0.078442864,0.757028574259603
0.078270935,0.7571867520847431
0.078442864,0.7573449297594347
0.078404658,0.7575031070777059
0.078328244,0.7576612840177165
0.078347348,0.7578194614834326
0.078328244,0.7579776388345785
0.078251831,0.7581358163610299
0.078404658,0.7582939939852704
0.078423761,0.7584521714907868
0.078385554,0.7586103489710858
0.078347348,0.7587685265106321
0.078309141,0.758926703760581
0.078347348,0.7590848814073357
0.078347348,0.7592430588555752
0.078385554,0.7594012366124705
0.078309141,0.7595594141968717
0.078251831,0.7597175918802606
0.078328244,0.7598757694399011
0.078270935,0.7600339472459359
0.078309141,0.7601921251757187
0.078290038,0.7603503029388803
0.078270935,0.7605084805153488
0.078270935,0.760666658220827
0.078137212,0.7608248363134912
0.078270935,0.7609830141119565
0.078309141,0.7611411917218034
0.078194521,0.7612993692943564
0.078213625,0.7614575467089206
0.078175418,0.7616157245695735
0.078213625,0.7617739018793398
0.078270935,0.7619320789585022
0.078366451,0.762090255908005
0.078309141,0.7622484333472241
0.078251831,0.7624066109278522
0.078213625,0.7625647885666015
0.078156315,0.7627229659311646
0.078328244,0.762881143532763
0.078194521,0.7630393209672307
0.078290038,0.7631974981456134
0.078175418,0.7633556758227951
0.078251831,0.7635138535591122
0.078099005,0.7636720307521928
0.078232728,0.7638302084389945
0.078137212,0.7639883859228351
0.078137212,0.7641465635342658
0.078118108,0.7643047411833763
0.078175418,0.7644629186992301
0.078156315,0.7646210959030859
0.078137212,0.7647792732313295
0.078270935,0.7649374502194847
0.078079902,0.7650956270284942
0.078041695,0.7652538038385807
0.078099005,0.7654119808955522
0.078175418,0.7655701577666235
0.078041695,0.7657283346626189
0.078118108,0.7658865118202128
0.078175418,0.7660446886167774
0.078022592,0.766202865927768
0.078079902,0.7663610430335563
0.078079902,0.7665192199195195
0.078213625,0.7666773964835938
0.077888861,0.7668355739596582
0.078060798,0.7669937513462932
0.078118108,0.7671519292888554
0.078041695,0.7673101071116318
0.078099005,0.767468284434181
0.078079902,0.7676264620346768
0.077965274,0.7677846393010328
0.078060798,0.7679428168149518
0.078022592,0.7681009946312103
0.078060798,0.7682591720912643
0.077984378,0.7684173495514083
0.078060798,0.7685755273115232
0.077965274,0.7687337052934541
0.077965274,0.7688918831906189
0.077927068,0.7690500613996359
0.077927068,0.769208239100165
0.077965274,0.7693664173346829
0.078060798,0.7695245956708971
0.077888861,0.7696827736908968
0.078060798,0.7698409513500883
0.077965274,0.7699991292074162
0.077907965,0.7701573070442607
0.077984378,0.7703154842745364
0.077869758,0.7704736617631415
0.078003488,0.7706318395575914
0.077927068,0.7707900171366754
0.077965274,0.7709481946188194
0.077907965,0.7711063723214296
0.077888861,0.7712645501643279
0.077888861,0.7714227279151665
0.078041695,0.7715809050287901
0.077965274,0.7717390818897334
0.077888861,0.7718972590085665
0.077927068,0.772055436251601
0.077927068,0.7722136135986788
0.077793345,0.7723717913015776
0.077946171,0.7725299687354283
0.077927068,0.7726881459792567
0.077907965,0.7728463235098224
0.077774242,0.7730045000403576
0.077812448,0.7731626769725727
0.077755138,0.7733208542492329
0.077907965,0.7734790315791215
0.077869758,0.773637208962188
0.077716932,0.773795386330677
0.077850655,0.7739535632854898
0.077736035,0.7741117406619068
0.077812448,0.7742699183487435
0.077907965,0.7744280954864038
0.077831551,0.7745862727042252
0.077812448,0.7747444498889959
0.077812448,0.7749026277961163
0.077831551,0.7750608058528675
0.077774242,0.7752189837720301
0.077831551,0.7753771608952166
0.077793345,0.7755353381451642
0.077812448,0.7756935157575796
0.077831551,0.7758516933601018
0.077850655,0.7760098705307007
0.077774242,0.7761680472973393
0.077774242,0.7763262242639776
0.077774242,0.7764844017701075
0.077736035,0.7766425793498484
0.077736035,0.7768007570198104
0.077716932,0.7769589346807434
0.077812448,0.7771171125852689
0.077678725,0.7772752906123338
0.077774242,0.7774334689826891
0.077659622,0.7775916473881958
0.077850655,0.777749825402135
0.077812448,0.7779080033460034
0.077678725,0.778066181614191
0.077755138,0.7782243594330921
0.077755138,0.7783825371294149
0.077716932,0.778540714575373
0.077755138,0.7786988916324491
0.077716932,0.7788570687164419
0.077716932,0.7790152462900553
0.077583209,0.7791734239670876
0.077678725,0.7793316015924491
0.077697828,0.7794897796396804
0.077755138,0.779647958356994
0.077678725,0.7798061370813414
0.077755138,0.7799643155574696
0.077755138,0.7801224935302711
0.077564105,0.7802806718082039
0.077640519,0.7804388502532921
0.077621415,0.7805970283181063
0.077564105,0.7807552062804572
0.077640519,0.7809133842319748
0.077640519,0.7810715625520916
0.077564105,0.7812297410420569
0.077602312,0.7813879192147589
0.077659622,0.7815460975340306
0.077621415,0.7817042759271317
0.077583209,0.7818624542830673
0.077583209,0.7820206325749803
0.077659622,0.7821788107191631
0.077583209,0.782336988613899
0.077506796,0.7824951665379274
0.077640519,0.7826533439639933
0.077621415,0.7828115214145743
0.077621415,0.7829696991207574
0.077564105,0.7831278769976036
0.077564105,0.7832860546789095
0.077545002,0.7834442326084472
0.077583209,0.7836024105972517
0.077640519,0.7837605886349536
0.077506796,0.7839187664567147
0.077545002,0.7840769436559601
0.077506796,0.7842351216619107
0.077506796,0.7843932994693131
0.077564105,0.7845514767805787
0.077564105,0.7847096546015558
0.077583209,0.7848678327879264
0.077545002,0.7850260116823565
0.077602312,0.7851841900422744
0.077468589,0.7853423685584271
0.077659622,0.7855005470991798
0.077487692,0.7856587260036709
0.077525899,0.7858169041059656
0.077640519,0.7859750819734458
0.077449486,0.7861332600625798
0.077449486,0.7862914383325075
0.077506796,0.7864496162351079
0.077487692,0.7866077940536368
0.077564105,0.7867659717718726
0.077545002,0.7869241495984339
0.077468589,0.7870823277190259
0.077487692,0.7872405055567941
0.077392168,0.7873986833830489
0.077353962,0.7875568613700615
0.077392168,0.7877150393086751
0.077315755,0.7878732173609201
0.077392168,0.7880313952097578
0.077506796,0.7881895731643958
0.077506796,0.7883477508119446
0.077411272,0.7885059289951227
0.077430382,0.7886641070556684
0.077525899,0.7888222850775305
0.077411272,0.7889804630198373
0.077430382,0.7891386405797804
0.077334858,0.7892968182439905
0.077353962,0.7894549966602531
0.077392168,0.7896131750913994
0.077411272,0.7897713527974005
0.077449486,0.7899295311555341
0.077430382,0.7900877092901237
0.077353962,0.790245887748359
0.077334858,0.7904040660083723
0.077353962,0.7905622437022354
0.077449486,0.7907204214944213
0.077392168,0.790878599271471
0.077392168,0.7910367769634369
0.077411272,0.7911949546169786
0.077373065,0.7913531325065345
0.077373065,0.7915113104887853
0.077373065,0.7916694882035933
0.077353962,0.7918276657453538
0.077373065,0.7919858429644758
0.077468589,0.7921440205405981
0.077277549,0.792302198242448
0.077392168,0.792460375828549
0.077334858,0.7926185528107992
0.077392168,0.7927767301954477
0.077296652,0.7929349079360283
0.077353962,0.7930930857128157
0.077258445,0.7932512635453404
0.077296652,0.7934094418404196
0.077334858,0.7935676199703765
0.077277549,0.793725797995599
0.077411272,0.7938839756672502
0.077315755,0.7940421533540112
0.077315755,0.7942003306087208
0.077392168,0.7943585076353644
0.077315755,0.7945166850514253
0.077277549,0.7946748620892236
0.077220239,0.7948330389815371
0.077220239,0.7949912158003234
0.077239342,0.7951493920256058
0.077239342,0.795307568459972
0.077258445,0.7954657441652238
0.077277549,0.7956239203122195
0.077239342,0.7957820961020751
0.077182032,0.7959402718367292
0.077162929,0.7960984470199245
0.077239342,0.7962566223305839
0.077162929,0.7964147973417005
0.077201135,0.7965729727625058
0.077201135,0.796731147986466
0.077220239,0.7968893228461461
0.077143826,0.7970474971974707
0.077220239,0.7972056715171263
0.077296652,0.7973638460826385
0.077162929,0.7975220210366927
0.077143826,0.7976801957319252
0.077162929,0.7978383703683519
0.077162929,0.7979965453346738
0.077124722,0.7981547202903784
0.077182032,0.7983128951710536
0.077143826,0.7984710696273962
0.077124722,0.7986292437975279
0.077201135,0.7987874177830544
0.077067412,0.7989455925077867
0.077105619,0.7991037668358311
0.077258445,0.7992619417441913
0.077067412,0.7994201167605577
0.077124722,0.7995782919357333
0.077162929,0.7997364676883222
0.077048309,0.7998946433374662
0.077086516,0.8000528190128763
0.077086516,0.8002109949511867
0.077010103,0.8003691707840587
0.077048309,0.8005273467561211
0.077105619,0.8006855223634005
0.077143826,0.8008436975722308
0.077048309,0.801001872082547
0.077029206,0.8011600468354696
0.077010103,0.8013182213801184
0.076971896,0.801476396182491
0.077029206,0.8016345706631206
0.077124722,0.8017927451376222
0.077067412,0.801950919872319
0.077048309,0.8021090949708368
0.077067412,0.802267270094117
0.077010103,0.8024254458044826
0.077010103,0.8025836214915424
0.076952793,0.8027417956914972
0.076990999,0.8028999703454969
0.077010103,0.8030581453359888
0.077029206,0.8032163208227749
0.076952793,0.8033744962008273
0.076971896,0.8035326715158025
0.076952793,0.8036908461810234
0.076990999,0.8038490207541629
0.076933689,0.8040071951649087
0.076914586,0.8041653698930757
0.076914586,0.8043235450436368
0.076933689,0.8044817204659542
0.076895483,0.8046398961959982
0.076933689,0.8047980718242731
0.076933689,0.8049562470198273
0.07687638,0.8051144226128563
0.076990999,0.8052725984953457
0.076857276,0.8054307745073157
0.076914586,0.8055889497211757
0.07687638,0.8057471254420457
0.076799959,0.8059053015124131
0.076780856,0.8060634774719636
0.076761752,0.8062216536926063
0.07687638,0.8063798296048454
0.076895483,0.8065380058879081
0.076838166,0.8066961828662377
0.076857276,0.8068543594053791
0.076914586,0.8070125358823549
0.076799959,0.8071707122226227
0.076857276,0.8073288887277562
0.076780856,0.8074870647677337
0.076742649,0.8076452411178263
0.076799959,0.8078034167539089
0.076647133,0.8079615920545771
0.076761752,0.8081197665852132
0.076742649,0.8082779410078506
0.076780856,0.8084361147259743
0.076780856,0.8085942886676145
0.076723546,0.8087524635051319
0.076666236,0.8089106384181577
0.076685339,0.8090688125910966
0.076723546,0.8092269862827777
0.076819062,0.8093851599982104
0.076551616,0.8095433334466343
0.076704443,0.8097015069641161
0.076742649,0.8098596801801458
0.076723546,0.8100178536058208
0.076742649,0.8101760270831944
0.076666236,0.8103342007856054
0.076589823,0.8104923743723228
0.076723546,0.8106505482438221
0.076608926,0.8108087223814351
0.076647133,0.8109668963746699
0.076628029,0.8111250708539685
0.076647133,0.8112832444255529
0.076589823,0.8114414180977544
0.076608926,0.8115995926937056
0.076608926,0.8117577676384262
0.076532513,0.8119159418900977
0.076551616,0.8120741165161252
0.076647133,0.8122322915230495
0.076628029,0.8123904665194833
0.076570719,0.812548641208868
0.076608926,0.8127068157040145
0.076685339,0.8128649900173286
0.076551616,0.8130231649304784
0.076570719,0.8131813403120933
0.076494306,0.8133395155417509
0.076628029,0.8134976902445713
0.076628029,0.8136558645475214
0.07651341,0.8138140396342634
0.076570719,0.8139722147510791
0.076532513,0.8141303897616542
0.076532513,0.8142885645659069
0.076436996,0.8144467394578108
0.0764561,0.8146049146013121
0.07639879,0.8147630896101098
0.076494306,0.8149212645651324
0.0764561,0.8150794397653754
0.07639879,0.8152376154016547
0.076417893,0.8153957915679471
0.076436996,0.8155539678627186
0.076589823,0.8157121441928954
0.076494306,0.8158703205631982
0.076436996,0.8160284968092107
0.07639879,0.8161866736469282
0.076475203,0.8163448497917828
0.076494306,0.8165030253351033
0.076379687,0.8166612007742738
0.07634148,0.8168193759889467
0.076303273,0.8169775511847954
0.076379687,0.8171357266827719
0.076360583,0.8172939021331521
0.076417893,0.8174520774297636
0.07639879,0.8176102530697213
0.07639879,0.8177684280006302
0.076436996,0.8179266026611466
0.076379687,0.8180847772420182
0.076379687,0.8182429523475471
0.076303273,0.8184011272122217
0.076226853,0.8185593022246385
0.07634148,0.8187174771031495
0.076322377,0.8188756517255196
0.076360583,0.8190338269032328
0.076245956,0.819192001854478
0.076265059,0.8193501762360647
0.076226853,0.8195083511882594
0.076245956,0.8196665260268784
0.076245956,0.8198246999392251
0.07620775,0.8199828736339285
0.076226853,0.8201410475616916
0.076245956,0.8202992216633098
0.076169543,0.8204573953993799
0.076226853,0.8206155698121271
0.07615044,0.8207737448768109
0.07609313,0.820931919433069
0.07628417,0.8210900942156026
0.076169543,0.8212482690547729
0.076226853,0.8214064441130621
0.076169543,0.8215646187790018
0.07615044,0.8217227932386966
0.076245956,0.8218809674886799
0.07620775,0.8220391421945673
0.076131336,0.8221973173280253
0.076188646,0.8223554929154478
0.076016717,0.8225136682249389
0.07615044,0.8226718432203912
0.07603582,0.8228300187942927
0.07603582,0.822988194324633
0.076188646,0.8231463700527624
0.07615044,0.8233045456451864
0.076054923,0.8234627213322468
0.07620775,0.8236208971679522
0.07615044,0.8237790730218241
0.076169543,0.8239372491008666
0.07628417,0.8240954252328008
0.076112233,0.8242536018592846
0.07620775,0.8244117781632555
0.07609313,0.8245699546831937
0.07603582,0.8247281308293334
0.07603582,0.8248863077286567
0.07603582,0.8250444843299405
0.076054923,0.8252026603343056
0.07609313,0.8253608362386989
0.07609313,0.8255190122847647
0.07603582,0.8256771880290636
0.07609313,0.8258353637314587
0.07609313,0.8259935392877652
0.075940304,0.8261517143675794
0.07609313,0.8263098895670731
0.075997613,0.8264680648346296
0.075959407,0.8266262407651462
0.07603582,0.8267844168359129
0.07597851,0.8269425929099172
0.075902097,0.827100769737821
0.07609313,0.827258946365027
0.07603582,0.8274171233178321
0.076016717,0.8275752998209739
0.076054923,0.8277334762936103
0.075959407,0.8278916524733809
0.07597851,0.8280498283589174
0.075882994,0.8282080032013635
0.075902097,0.8283661781207522
0.07580658,0.8285243536732034
0.075940304,0.8286825290675895
0.0759212,0.8288407045793714
0.07597851,0.8289988806791018
0.075959407,0.8291570575283169
0.075940304,0.829315233773917
0.075902097,0.8294734105896274
0.075882994,0.8296315873673421
0.07586389,0.8297897643666179
0.075902097,0.8299479411229744
0.0759212,0.8301061177735323
0.07586389,0.8302642943498341
0.075787477,0.8304224703215588
0.07586389,0.8305806465723591
0.07586389,0.8307388227932991
0.075882994,0.8308969991178038
0.075902097,0.8310551750117583
0.075902097,0.8312133507791444
0.075882994,0.8313715267120982
0.075749271,0.8315297027235161
0.075768374,0.8316878785708879
0.075825684,0.8318460548986196
0.075730167,0.8320042315405451
0.075768374,0.8321624083343169
0.075844787,0.83232058474543
0.075844787,0.8324787612988827
0.075730167,0.8326369382473501
0.07580658,0.8327951148723521
0.07586389,0.8329532912552957
0.075711064,0.8331114676989597
0.075749271,0.8332696445327011
0.075653747,0.8334278210694378
0.075711064,0.8335859971051112
0.075749271,0.8337441730500986
0.075768374,0.8339023484618016
0.075691953,0.8340605245263749
0.075711064,0.8342187000854843
0.075691953,0.834376876200637
0.075691953,0.8345350525431291
0.07567285,0.8346932294871185
0.075634643,0.8348514064525155
0.07561554,0.8350095831134948
0.075653747,0.8351677602660917
0.075634643,0.835325937418342
0.07561554,0.8354841143856709
0.075634643,0.8356422912849253
0.075749271,0.8358004683892679
0.075711064,0.8359586460112545
0.07550092,0.8361168235511477
0.075596437,0.8362750010237909
0.075711064,0.8364331787545218
0.075691953,0.8365913561534778
0.075634643,0.8367495337124875
0.075730167,0.8369077116653714
0.07555823,0.8370658895844941
0.07561554,0.8372240674633963
0.075539127,0.8373822449207269
0.07567285,0.8375404228516172
0.07561554,0.8376986000014963
0.07550092,0.8378567773319432
0.075520024,0.8380149552323936
0.075443611,0.8381731326402282
0.07555823,0.8383313102479892
0.075462714,0.8384894881394434
0.075539127,0.8386476662577627
0.075481817,0.8388058443435098
0.075520024,0.8389640218880217
0.07555823,0.8391221991308384
0.075520024,0.8392803766581254
0.07550092,0.8394385540988105
0.075462714,0.8395967310369923
0.075520024,0.8397549083218202
0.075481817,0.8399130854108208
0.075462714,0.8400712631690815
0.075539127,0.8402294407566545
0.07550092,0.8403876178519499
0.075539127,0.8405457952498638
0.075348094,0.8407039728784599
0.075405404,0.8408621513159403
0.07550092,0.8410203291152469
0.075405404,0.8411785069544673
0.075386301,0.8413366845754846
0.075405404,0.8414948616468111
0.075520024,0.8416530383574669
0.075386301,0.8418112155210994
0.075405404,0.8419693929438685
0.075386301,0.8421275705870208
0.075405404,0.8422857482359132
0.075348094,0.8424439257285047
0.075348094,0.8426021034170423
0.075214371,0.8427602802746957
0.075252578,0.8429184569329933
0.075405404,0.8430766341706235
0.075348094,0.8432348106437558
0.075367197,0.8433929872191995
0.075233474,0.8435511641694379
0.075233474,0.8437093412741382
0.075233474,0.8438675185195206
0.075233474,0.8440256954380939
0.075309888,0.8441838720741611
0.075252578,0.8443420494009829
0.075214371,0.8445002267812217
0.075309888,0.8446584048971673
0.075252578,0.8448165829665044
0.075309888,0.8449747607336826
0.075271681,0.845132938539756
0.075233474,0.8452911148400793
0.075252578,0.8454492913622946
0.075271681,0.8456074681554288
0.075137958,0.8457656456693625
0.075099744,0.8459238230384558
0.075157061,0.8460820009023639
0.075157061,0.8462401789194931
0.075118847,0.8463983571696704
0.075252578,0.8465565354757988
0.075214371,0.846714714029112
0.075195268,0.8468728922250391
0.075195268,0.8470310708387742
0.075233474,0.847189249947543
0.075157061,0.8473474288708692
0.075195268,0.8475056075573483
0.075176165,0.8476637865526279
0.075080641,0.8478219652159921
0.075195268,0.8479801437962178
0.075118847,0.8481383224733152
0.075099744,0.8482965015594651
0.075137958,0.8484546810837876
0.075118847,0.8486128599271496
0.075099744,0.8487710389843994
0.075099744,0.8489292182286087
0.075061537,0.8490873973237356
0.075061537,0.849245576010524
0.075004227,0.8494037547335309
0.075042434,0.8495619342442119
0.074985124,0.8497201134053134
0.075080641,0.8498782928731345
0.075023331,0.8500364727024561
0.074985124,0.8501946526084758
0.075004227,0.8503528328764447
0.074966021,0.850511013169638
0.075023331,0.8506691936860118
0.074946918,0.8508273743150443
0.075042434,0.8509855546601613
0.075004227,0.8511437348706364
0.075061537,0.8513019152695097
0.074889608,0.8514600950700846
0.074966021,0.8516182748618217
0.074985124,0.8517764546665252
0.075004227,0.8519346345625333
0.074927814,0.8520928146428541
0.074946918,0.8522509944239278
0.074946918,0.8524091741024734
0.074908711,0.8525673542490929
0.074889608,0.8527255339995712
0.074946918,0.8528837138863261
0.074946918,0.8530418937658513
0.074908711,0.8532000736352567
0.074832298,0.8533582530699925
0.074966021,0.853516432345795
0.074851401,0.8536746114017637
0.074908711,0.8538327904519499
0.074813195,0.8539909692344783
0.074889608,0.8541491484445295
0.074813195,0.854307327896482
0.074813195,0.8544655068612028
0.074851401,0.8546236858362581
0.074832298,0.8547818649535717
0.074774988,0.854940044395745
0.074794091,0.8550982234909498
0.074736781,0.8552564027786036
0.074717678,0.855414582283033
0.074794091,0.8555727618915833
0.074660368,0.8557309415791766
0.074717678,0.8558891212964786
0.074717678,0.8560473013953133
0.074698575,0.856205481640023
0.074717678,0.8563636620029567
0.074717678,0.8565218420068279
0.074755885,0.856680021507272
0.074603058,0.8568382007224404
0.074755885,0.8569963801106032
0.074660368,0.857154560112261
0.074622162,0.8573127398289393
0.074679472,0.8574709194338778
0.074679472,0.8576290996916841
0.074679472,0.8577872800167486
0.074717678,0.857945459830138
0.074603058,0.8581036401945153
0.074583955,0.8582618202504313
0.074660368,0.8584200002698396
0.074641265,0.8585781802511597
0.074488431,0.8587363600338336
0.074622162,0.8588945404931769
0.074507535,0.8590527209141479
0.074564852,0.8592109012200666
0.074603058,0.8593690811804825
0.074545741,0.859527261277086
0.074526638,0.859685440866057
0.074469328,0.8598436205364959
0.074507535,0.8600018008731879
0.074507535,0.860159981268868
0.074545741,0.8603181609341893
0.074488431,0.8604763410652988
0.074507535,0.8606345216212193
0.074507535,0.8607927020966953
0.074431121,0.860950882630346
0.074297398,0.8611090631317417
0.074469328,0.8612672434216992
0.074373811,0.861425423432558
0.074412018,0.8615836032207381
0.074392915,0.8617417832752446
0.074392915,0.8618999637476588
0.074412018,0.8620581441061325
0.074450225,0.8622163242217764
0.074354708,0.8623745044134216
0.074392915,0.8625326850725434
0.074373811,0.8626908657678489
0.074316502,0.8628490465826741
0.074335605,0.8630072275258878
0.074335605,0.8631654081292548
0.074240088,0.8633235889395149
0.074259192,0.8634817698069083
0.074297398,0.8636399505347022
0.074240088,0.8637981311609015
0.074240088,0.8639563118423295
0.074316502,0.8641144926281876
0.074373811,0.8642726733657248
0.074220985,0.8644308538627549
0.074259192,0.8645890349727059
0.074240088,0.8647472163138356
0.074201882,0.8649053973201419
0.074220985,0.8650635780944905
0.074201882,0.8652217590309677
0.074182779,0.8653799398517821
0.074068159,0.8655381203231997
0.074125469,0.8656963011827549
0.074201882,0.865854481893009
0.074163675,0.8660126631495033
0.074278295,0.8661708444053575
0.074182779,0.8663290254028202
0.074182779,0.8664872063521429
0.074182779,0.8666453870435253
0.074163675,0.8668035682509355
0.074049056,0.8669617495539103
0.074049056,0.8671199307380716
0.074049056,0.86727811166434
0.074029952,0.8674362926739403
0.074049056,0.8675944742632915
0.074144572,0.8677526555130796
0.074125469,0.8679108361476671
0.073972642,0.8680690166472749
0.074049056,0.868227197559099
0.074068159,0.8683853783571044
0.073934428,0.8685435592652121
0.074049056,0.8687017408937998
0.074010849,0.8688599220172836
0.074068159,0.8690181027220164
0.073972642,0.8691762834936011
0.073858015,0.8693344642997672
0.073972642,0.8694926452768574
0.073953532,0.8696508260896066
0.073991746,0.8698090071201039
0.073953532,0.869967187931468
0.073877119,0.8701253686858197
0.073877119,0.870283549857625
0.074010849,0.8704417311841635
0.073896222,0.8705999125441789
0.073896222,0.870758092979294
0.073762499,0.8709162731599234
0.073838912,0.8710744535485516
0.073896222,0.8712326338534586
0.073838912,0.8713908148307066
0.073724292,0.8715489951815041
0.073724292,0.8717071755046913
0.073819809,0.8718653554705225
0.073762499,0.8720235361448341
0.073762499,0.8721817173843424
0.073781602,0.8723398982056632
0.073724292,0.8724980789639885
0.073724292,0.8726562601317178
0.073781602,0.8728144408885701
0.073705189,0.8729726210885954
0.073705189,0.8731308018005279
0.073686086,0.8732889824570633
0.073666982,0.8734471627303674
0.073705189,0.8736053430015945
0.073609672,0.8737635231592923
0.073743396,0.8739217033766232
0.073666982,0.8740798841514412
0.073552363,0.8742380647202822
0.073628776,0.8743962456294189
0.073514156,0.8745544264789158
0.073514156,0.8747126077568295
0.073628776,0.8748707892219199
0.073609672,0.8750289706723028
0.073552363,0.8751871519160287
0.073456846,0.8753453333136786
0.073533259,0.8755035148307827
0.073533259,0.8756616961884152
0.073456846,0.8758198773532837
0.073495053,0.8759780587108283
0.073495053,0.8761362400575604
0.073399536,0.8762944210288867
0.073495053,0.8764526015828333
0.07341864,0.876610781986988
0.07341864,0.8767689620127875
0.073380426,0.8769271422731196
0.073456846,0.8770853225973697
0.073380426,0.8772435032929842
0.073304012,0.8774016841874661
0.073284909,0.8775598648370485
0.073323116,0.8777180455449701
0.073246703,0.8778762266712673
0.073361322,0.8780344076166146
0.073246703,0.8781925885640508
0.073227599,0.8783507688892741
0.073246703,0.8785089495403015
0.073246703,0.8786671301106515
0.073208496,0.8788253108713711
0.073170289,0.8789834918676657
0.073265806,0.8791416726859864
0.073036566,0.8792998532399905
0.073093876,0.8794580342789369
0.073151186,0.879616215352148
0.07305567,0.8797743969529253
0.073093876,0.8799325778937652
0.073036566,0.8800907588971103
0.073036566,0.880248939993504
0.073036566,0.8804071210906287
0.073151186,0.8805653019629126
0.072979257,0.8807234827781993
0.073017463,0.8808816634172603
0.073036566,0.8810398442315254
0.072902843,0.8811980255949938
0.072979257,0.8813562068669513
0.072921947,0.8815143887157775
0.072979257,0.8816725703572258
0.072864637,0.8818307516767082
0.07288374,0.8819889332650308
0.072864637,0.8821471145136944
0.072864637,0.8823052955393264
0.07288374,0.882463476782586
0.072769113,0.8826216583114171
0.072730906,0.8827798395145215
0.072845533,0.882938020987098
0.07288374,0.8830962028103907
0.072673596,0.8832543845881415
0.072788216,0.8834125664238914
0.072673596,0.883570748344465
0.072673596,0.8837289304442681
0.072673596,0.8838871128995179
0.07263539,0.8840452949562311
0.072730906,0.8842034770633193
0.072673596,0.8843616592380965
0.07257808,0.8845198415319409
0.07257808,0.884678023857739
0.07263539,0.8848362061516503
0.072616287,0.8849943882700315
0.072539873,0.8851525704900026
0.072539873,0.8853107530597635
0.072501667,0.885468935076679
0.072348841,0.8856271167867623
0.072425254,0.885785299255214
0.072425254,0.8859434818212255
0.072482564,0.8861016646221958
0.072348841,0.8862598474140198
0.07240615,0.8864180300516485
0.072425254,0.8865762126232443
0.072348841,0.8867343955840504
0.072310634,0.8868925784372157
0.072310634,0.8870507611987685
0.072234213,0.8872089441117939
0.0721578,0.8873671271533444
0.0721578,0.8875253102878683
0.072176903,0.8876834927103706
0.0721578,0.8878416748375032
0.072176903,0.887999857084501
0.072119594,0.8881580397839746
0.071966767,0.8883162223883637
0.071966767,0.8884744046945223
0.072062284,0.8886325875110003
0.07210049,0.8887907705026249
0.072024077,0.8889489535982444
0.071966767,0.8891071363249533
0.071833044,0.8892653187754866
0.071947664,0.889423501098276
0.071890354,0.889581683725078
0.071928561,0.889739866779194
0.071928561,0.8898980494535722
0.071833044,0.8900562326009812
0.071756631,0.8902144155723865
0.071794838,0.890372598849304
0.071737528,0.8905307816707637
0.071794838,0.8906889641678254
0.071756631,0.8908471467385104
0.071699321,0.8910053293726922
0.071699321,0.8911635118586791
0.071642004,0.8913216945109745
0.071565591,0.891479877157632
0.071603797,0.8916380598921799
0.071508281,0.8917962426360824
0.071489178,0.8919544250975501
0.071527384,0.8921126070548078
0.071450971,0.8922707890716837
0.071431868,0.8924289709486645
0.071450971,0.8925871527882602
0.071470074,0.892745334143796
0.071412764,0.892903515917598
0.071374558,0.8930616983763955
0.071298145,0.8932198805891286
0.071240835,0.893378061912992
0.071298145,0.8935362435580639
0.071221732,0.8936944248473772
0.071164422,0.8938526062104186
0.071259938,0.8940107875892364
0.071107112,0.894168969177432
0.071145318,0.894327150897834
0.071088001,0.8944853323443109
0.071068898,0.894643514083258
0.071068898,0.8948016953698812
0.070973381,0.8949598769145395
0.070935175,0.895118058618181
0.070877865,0.8952762398718174
0.070877865,0.8954344211979122
0.070935175,0.8955926024535537
0.070782349,0.8957507838637346
0.070839658,0.8959089651712774
0.070801452,0.8960671465424946
0.070820555,0.8962253275442984
0.070648625,0.8963835087959126
0.070763245,0.8965416900946104
0.070725039,0.8966998717276723
0.070686832,0.8968580531557877
0.070534006,0.8970162342737729
0.070514895,0.897174415248749
0.070495792,0.8973325966537875
0.070457585,0.8974907779407383
0.070553109,0.8976489590634577
0.070400275,0.8978071403711696
0.070457585,0.897965321511003
0.070285656,0.8981235025773415
0.070381172,0.8982816836762048
0.070304759,0.8984398649067622
0.070228346,0.8985980459101404
0.070247449,0.8987562269834333
0.070094623,0.898914407818052
0.070247449,0.8990725877240522
0.070171036,0.8992307678073538
0.070056416,0.89938894848887
0.069999106,0.89954712966765
0.07001821,0.8997053105025794
0.069999106,0.8998634916923307
0.069827169,0.9000216726896649
0.069865376,0.9001798537729894
0.069980003,0.900338034919781
0.069808066,0.9004962159909976
0.069865376,0.9006543969161205
0.069788963,0.9008125775265459
0.069769859,0.9009707581720975
0.069693446,0.9011289386255829
0.069731653,0.9012871188642465
0.069750756,0.9014452991118812
0.069617033,0.9016034796536393
0.069578826,0.9017616605201331
0.069578826,0.9019198413589806
0.069502413,0.9020780224368651
0.069406897,0.902236203515347
0.069406897,0.9023943843901949
0.069426,0.9025525654375753
0.069330476,0.9027107464483255
0.069330476,0.9028689272932011
0.06934958,0.9030271080038381
0.069273166,0.9031852881536646
0.06912034,0.9033434685327317
0.06912034,0.9035016493423492
0.069101237,0.903659830199997
0.06900572,0.9038180110200212
0.06906303,0.903976192087785
0.068986617,0.9041343729049033
0.068967514,0.9042925536925529
0.068852894,0.9044507345836286
0.068910204,0.9046089150722921
0.068871997,0.904767095209263
0.068814687,0.9049252750495632
0.068738267,0.9050834554535935
0.068833791,0.9052416358484883
0.068852894,0.9053998158991359
0.068623647,0.9055579960353883
0.068585441,0.9057161761954667
0.068509027,0.9058743560787271
0.068509027,0.9060325364356531
0.068528131,0.9061907165867086
0.068509027,0.9063488973137827
0.068470821,0.9065070777265006
0.068375304,0.906665258135733
0.068394408,0.9068234382496625
0.068203367,0.9069816188562254
0.068279788,0.9071397990626874
0.068222478,0.9072979795409175
0.068126954,0.9074561603102765
0.068203367,0.9076143409991654
0.067935921,0.9077725211480993
0.068012334,0.907930701596199
0.067993231,0.9080888825488828
0.068012334,0.9082470628345711
0.068012334,0.9084052434629598
0.067955025,0.9085634240094602
0.067916818,0.9087216044087811
0.067821302,0.9088797845509878
0.067859508,0.9090379644854671
0.067706682,0.9091961447556672
0.067725785,0.9093543244142608
0.067649372,0.9095125045659058
0.067572951,0.9096706846575635
0.067592055,0.9098288648153802
0.067496538,0.9099870446764501
0.067458332,0.9101452252336517
0.067420125,0.9103034055944846
0.067496538,0.910461585357093
0.067305505,0.910619764725519
0.067286402,0.9107779443659031
0.067343712,0.9109361243653152
0.067248195,0.9110943041821788
0.067190886,0.9112524844711781
0.067152679,0.9114106650400008
0.067171782,0.9115688457790153
0.067038052,0.9117270262294526
0.066942535,0.911885206324576
0.067057155,0.9120433860813644
0.066923432,0.9122015661286329
0.066885225,0.9123597463400205
0.066923432,0.9125179257854351
0.066885225,0.9126761056557464
0.066770606,0.9128342859069306
0.066675089,0.9129924659519973
0.066713296,0.9131506454572403
0.066636883,0.9133088247859131
0.066636883,0.9134670042930656
0.066541366,0.9136251840718472
0.066426739,0.9137833639046002
0.066426739,0.91394154333588
0.066331223,0.9140997227302299
0.066350326,0.9142579025465264
0.066312119,0.914416082162962
0.066369429,0.9145742619831624
0.066216603,0.9147324420957619
0.066235706,0.9148906215381599
0.066159293,0.9150488009660012
0.066044673,0.9152069806559209
0.066101983,0.9153651598943383
0.065949157,0.9155233395903579
0.06596826,0.9156815188139301
0.065910943,0.9158396983646713
0.065739013,0.915997877689225
0.065910943,0.9161560571561949
0.06583453,0.9163142366276674
0.065796323,0.9164724155704136
0.065700807,0.9166305949050085
0.065700807,0.9167887739469774
0.065490671,0.9169469534420445
0.065567084,0.9171051324701756
0.065471567,0.9172633114520428
0.065490671,0.9174214902195947
0.065356947,0.9175796692961377
0.065433361,0.9177378485925343
0.065204114,0.9178960282253888
0.06524232,0.9180542077977083
0.06518501,0.9182123871116257
0.065146804,0.9183705664837892
0.065127701,0.9185287461307086
0.065032184,0.9186869255753933
0.064898461,0.9188451044862921
0.064974874,0.9190032836091424
0.064936668,0.9191614629968916
0.064783841,0.919319642282791
0.064860255,0.9194778213838274
0.064783841,0.919636000389739
0.064707421,0.919794179583284
0.064592801,0.9199523589148116
0.064631008,0.9201105387626505
0.064516388,0.920268718312524
0.064439975,0.9204268974495183
0.064420871,0.9205850766185097
0.064401768,0.9207432558396415
0.064401768,0.9209014351669765
0.064287148,0.9210596146816923
0.064325355,0.9212177943853274
0.064096108,0.9213759742112793
0.064057902,0.9215341538890807
0.064115211,0.9216923329994883
0.064038798,0.9218505123193016
0.063943282,0.9220086912408665
0.063905075,0.9221668697420318
0.063828662,0.9223250486369501
0.063847765,0.9224832276560272
0.063828662,0.9226414069639097
0.063790455,0.9227995864347098
0.063580312,0.9229577657594734
0.063675836,0.9231159450190021
0.063580312,0.9232741239149374
0.063542105,0.9234323033121142
0.063523002,0.9235904826289522
0.063370176,0.9237486614731965
0.063274659,0.9239068401819964
0.063312866,0.924065018788942
0.063236453,0.924223197130897
0.063274659,0.9243813755431618
0.063198246,0.9245395536777039
0.063217349,0.924697732057189
0.063140936,0.9248559102718744
0.063083626,0.9250140888424622
0.062911689,0.9251722668744052
0.062949896,0.9253304448661549
0.062758863,0.9254886226945545
0.06273976,0.9256468006202184
0.062777966,0.925804978396812
0.062701553,0.9259631559594138
0.062548727,0.9261213340534673
0.062606037,0.9262795123581393
0.062529624,0.9264376905990781
0.0624341,0.9265958685850804
0.062395893,0.9267540469756105
0.062338583,0.9269122255057224
0.062223963,0.9270704044695953
0.06216665,0.9272285830237712
0.062128443,0.9273867609232276
0.062032927,0.927544938924573
0.061956514,0.9277031172926496
0.061975617,0.9278612955679871
0.06184189,0.9280194738277244
0.061860994,0.9281776517750376
0.061765477,0.9283358296801741
0.06172727,0.9284940079030652
0.061708167,0.9286521860820395
0.061498027,0.9288103632941667
0.061612651,0.9289685407145071
0.061440717,0.929126718037731
0.061440717,0.9292848959104417
0.061287887,0.929443074051589
0.061249681,0.929601252003547
0.061230578,0.929759429988669
0.061154164,0.929917607959375
0.061096855,0.9300757859638838
0.060963128,0.9302339636382436
0.061020438,0.9303921413332183
0.060867611,0.9305503191693013
0.060829405,0.9307084971242409
0.060772095,0.9308666755201831
0.060619265,0.9310248536718436
0.060638368,0.9311830317921544
0.060466439,0.9313412100462332
0.060447332,0.9314993880001141
0.060409125,0.931657565797542
0.060351815,0.9318157438873261
0.060313608,0.9319739209875924
0.060275402,0.9321320985418299
0.060218092,0.9322902760344158
0.060160778,0.9324484535021677
0.059931539,0.9326066312231253
0.059969746,0.9327648088466459
0.059931539,0.9329229862547425
0.059855122,0.9330811635434776
0.059759606,0.9332393408808642
0.059606779,0.9333975183332351
0.059530362,0.933555695715202
0.059549466,0.9337138736536602
0.059530362,0.9338720510752825
0.059396639,0.9340302285597237
0.05933933,0.9341884062352445
0.05912919,0.9343465842477285
0.0591865,0.9345047622046674
0.059167396,0.9346629397106466
0.05901457,0.9348211174600102
0.058938153,0.9349792955918657
0.058957256,0.9351374735928304
0.058823533,0.9352956515613182
0.058670703,0.9354538294910909
0.058613393,0.9356120074725525
0.05853698,0.9357701860899065
0.058498774,0.9359283644087728
0.058403254,0.9360865429256704
0.05847967,0.9362447213669621
0.058250427,0.9364028995864353
0.058174014,0.9365610777550591
0.058097597,0.9367192560690285
0.057925668,0.9368774346783116
0.057906564,0.937035613115317
0.057734631,0.9371937918077929
0.057811044,0.9373519702703329
0.057677321,0.9375101487530939
0.057581805,0.9376683277782001
0.057581805,0.9378265069926177
0.057428975,0.9379846862709874
0.057409871,0.9381428652387844
0.057448078,0.9383010439109524
0.057237938,0.938459222406697
0.057161525,0.9386174007646741
0.057046905,0.9387755793044746
0.056970488,0.9389337579330816
0.057008699,0.9390919365374111
0.056722146,0.9392501147626378
0.056683935,0.9394082928545671
0.056645729,0.939566471207232
0.056473799,0.9397246496073112
0.056397382,0.9398828274169202
0.056397382,0.9400410052870241
0.056225453,0.9401991834077617
0.056187246,0.9403573620752969
0.056091726,0.9405155407695326
0.055996209,0.9406737190345986
0.055996209,0.9408318974301858
0.055786069,0.9409900755329148
0.055766966,0.9411482539788822
0.055537723,0.9413064329440146
0.055575933,0.9414646113448407
0.055499516,0.9416227894114159
0.05534669,0.9417809675493187
0.055212963,0.9419391459632832
0.05525117,0.9420973244015785
0.05507924,0.942255502714586
0.05498372,0.942413681208489
0.054907307,0.9425718596277829
0.054754481,0.942730038291015
0.054601651,0.9428882169240493
0.054601651,0.9430463956110848
0.054467928,0.9432045741361959
0.054410618,0.9433627527575911
0.054238684,0.943520931575941
0.054181375,0.9436791103071221
0.054124065,0.9438372888129801
0.053894822,0.9439954674225842
0.053856615,0.9441536462680137
0.053856615,0.944311824634142
0.053684682,0.9444700025162239
0.053589165,0.9446281804492536
0.053493645,0.9447863583210967
0.053245299,0.9449445366328341
0.053321715,0.9451027149887455
0.053187989,0.9452608932341175
0.053054266,0.9454190715086206
0.052958746,0.945577250291139
0.052882332,0.9457354287197323
0.052691299,0.9458936070910402
0.052691299,0.9460517852242681
0.052442953,0.9462099634512652
0.05242385,0.946368141816727
0.05242385,0.9465263200298003
0.052079983,0.94668449806362
0.052041776,0.9468426761347182
0.051812533,0.947000854386568
0.05167881,0.9471590323516282
0.051697914,0.9473172102589383
0.051487774,0.9474753882182577
0.051392257,0.9476335667952261
0.051277637,0.9477917452423236
0.051182117,0.9479499234068327
0.051048394,0.9481081017228172
0.050952874,0.9482662804826261
0.050895564,0.9484244589939523
0.050800048,0.9485826373863616
0.050589908,0.9487408153645319
0.050360665,0.9488989937827093
0.050341561,0.9490571721194897
0.050188735,0.9492153504965292
0.050112322,0.9493735287748138
0.049902182,0.9495317078370418
0.049730249,0.9496898869864052
0.049692042,0.9498480665634293
0.049501006,0.9500062451727818
0.049462799,0.950164423962876
0.049176246,0.9503226025036572
0.049176246,0.9504807809524105
0.048985213,0.9506389595252109
0.048889693,0.950797138360969
0.048832383,0.950955317220375
0.04860314,0.9511134959838372
0.04848852,0.9512716741691584
0.048297483,0.9514298519875077
0.048201967,0.951588030618957
0.048030034,0.9517462091756822
0.047915414,0.9519043877506723
0.047743481,0.9520625661379212
0.047533344,0.9522207442952606
0.047495134,0.952378922560671
0.047246791,0.9525371006332425
0.047132168,0.9526952787668406
0.047074858,0.952853456766447
0.046864718,0.9530116347194972
0.046750098,0.9531698126698591
0.046673685,0.953327990674078
0.046425339,0.9534861690471936
0.046444442,0.953644347352444
0.046081476,0.9538025257584904
0.045928646,0.9539607039205418
0.045814026,0.9541188823469289
0.045737609,0.9542770608818589
0.045603886,0.9544352394542266
0.04535554,0.9545934178702421
0.045183606,0.9547515964511152
0.044992574,0.9549097751735449
0.044801537,0.9550679533713784
0.044744227,0.9552261315468509
0.044572294,0.955384310385315
0.044438571,0.9555424887585902
0.044247534,0.9557006670903109
0.044094708,0.9558588458586933
0.043903671,0.9560170244138064
0.043769948,0.9561752028475194
0.043636221,0.9563333810238173
0.043330565,0.9564915594790485
0.043273255,0.9566497380711764
0.043158632,0.956807916645066
0.042967599,0.9569660952246424
0.042700149,0.9571242736661545
0.042661943,0.9572824521342711
0.042566422,0.9574406310724491
0.042337183,0.9575988098575773
0.042184353,0.9577569879550465
0.041974213,0.95791516612921
0.04178318,0.9580733444525806
0.041764077,0.9582315228995882
0.041496627,0.9583897008192458
0.041401107,0.9585478789219659
0.041210074,0.958706056946731
0.041038141,0.9588642344653193
0.040885311,0.9590224119299414
0.040770691,0.9591805896967696
0.040541448,0.9593387681793027
0.040445931,0.9594969467302457
0.040235791,0.9596551251316359
0.040178481,0.9598133035467783
0.040025651,0.9599714807528762
0.039796412,0.9601296580457276
0.039662685,0.9602878358687573
0.039548066,0.9604460132949312
0.039376132,0.9606041904809023
0.039299719,0.9607623681960461
0.039165996,0.960920545904421
0.039013166,0.9610787234836966
0.038879443,0.9612369010326829
0.03870751,0.9613950788035532
0.038573783,0.9615532567124645
0.038478266,0.9617114347626543
0.03828723,0.9618696126236433
0.038153507,0.9620277906466989
0.038038887,0.9621859684751959
0.037771437,0.962344146397361
0.037752334,0.9625023245531109
0.037714124,0.9626605024220224
0.037542194,0.962818680196769
0.037370261,0.9629768583284577
0.037351158,0.9631350367100086
0.037274744,0.9632932148825207
0.037083708,0.9634513932729645
0.036969088,0.9636095713811281
0.036949985,0.963767749464423
0.036892675,0.963925927777071
0.036644328,0.9640841061131812
0.036663432,0.9642422843951469
0.036567912,0.9644004622365187
0.036395982,0.9645586400864957
0.036376879,0.9647168181777618
0.036262255,0.9648749961068569
0.036224049,0.9650331742582994
0.036109429,0.965191352528066
0.036109429,0.9653495308960399
0.035918392,0.965507708807199
0.035822876,0.9656658865404073
0.035822876,0.9658240648018784
0.035765566,0.9659822429833398
0.035689149,0.9661404219797911
0.035536323,0.9662986007565286
0.035498116,0.9664567793035542
0.035402596,0.9666149574833375
0.035268873,0.9667731357712822
0.035230666,0.9669313137125949
0.035116043,0.9670894918714559
0.035135146,0.9672476699560029
0.034944113,0.967405848343666
0.034905907,0.9675640263078684
0.034810387,0.9677222047185031
0.034676664,0.9678803833093428
0.034733973,0.968038561810397
0.034638457,0.9681967404727457
0.034523834,0.9683549189311811
0.034581147,0.9685130975899557
0.034428317,0.9686712764864186
0.034351904,0.9688294551589579
0.034256384,0.9689876332603986
0.03423728,0.9691458111363003
0.034027144,0.9693039893812595
0.034008041,0.9694621677810572
0.033912521,0.9696203457758331
0.033836108,0.9697785237909158
0.033740591,0.9699367021805468
0.033587761,0.9700948806749878
0.033492245,0.970253058734859
0.033473141,0.9704112368998449
0.033263002,0.9705694150154582
0.033320311,0.9707275932195782
0.033129279,0.9708857713451957
0.033148382,0.9710439493172153
0.032938242,0.9712021275666092
0.032880932,0.9713603057271492
0.032804515,0.9715184836582268
0.032670792,0.9716766612787167
0.032670792,0.9718348395931726
0.032556172,0.9719930172098236
0.032384239,0.9721511955383504
0.032346033,0.9723093738147884
0.032307826,0.97246755207224
0.032154996,0.9726257302838901
0.032078583,0.9727839085751558
0.031944856,0.9729420866976275
0.031830236,0.9731002649056018
0.031715617,0.9732584426357788
0.031677406,0.973416620578101
0.03140996,0.9735747983615162
0.03146727,0.9737329761520065
0.03125713,0.9738911540202595
0.031218922,0.9740493319100558
0.031085197,0.9742075099510882
0.030970577,0.9743656880498269
0.030875059,0.9745238658292386
0.030684024,0.974682043653236
0.030626712,0.9748402216929817
0.030435678,0.9749983995631588
0.030340159,0.9751565773359154
0.030263746,0.9753147550430158
0.030091813,0.9754729326968948
0.030110918,0.9756311105719578
0.029786156,0.9757892884144628
0.02974795,0.9759474665858479
0.02969064,0.9761056448719011
0.029499603,0.9762638228737
0.029404087,0.9764220006468757
0.029193947,0.9765801787978311
0.029098431,0.9767383570529349
0.028945601,0.9768965352313207
0.028850084,0.9770547135743796
0.028697256,0.9772128917619388
0.028620841,0.9773710698769437
0.028506219,0.9775292479435606
0.028372495,0.9776874260399561
0.028238771,0.9778456044514299
0.028047735,0.9780037829534325
0.02791401,0.9781619615540174
0.027703872,0.9783201394092534
0.02764656,0.9784783171208997
0.027417319,0.9786364947787594
0.027302697,0.9787946725286867
0.027168972,0.9789528501698481
0.027035248,0.9791110281286076
0.026920626,0.9792692062683211
0.026748694,0.979427384405257
0.026576763,0.9795855627215954
0.026481245,0.9797437405427356
0.026252003,0.9799019183089377
0.026060967,0.9800600963953148
0.025908139,0.9802182741683735
0.025774414,0.980376451962854
0.025602482,0.9805346300665683
0.025468757,0.9806928080875775
0.025449654,0.980850986438292
0.025201308,0.9810091648884224
0.025029376,0.9811673428690268
0.024876548,0.9813255203371696
0.02466641,0.981483697818765
0.024475373,0.981641875706873
0.024379857,0.9818000535081548
0.024227029,0.9819582314280622
0.024035992,0.9821164089113954
0.023883164,0.9822745868583629
0.023806751,0.9824327648512116
0.023596611,0.9825909426239516
0.023386473,0.9827491202393387
0.023290955,0.9829072979740132
0.023061713,0.9830654757963868
0.022870677,0.9832236530629908
0.022756055,0.9833818304792767
0.02256502,0.9835400077824046
0.022412192,0.9836981851968091
0.022202054,0.983856362785156
0.021934604,0.984014540716072
0.021896396,0.9841727183890736
0.021609843,0.9843308956252769
0.021571636,0.9844890731337189
0.021399705,0.9846472505780566
0.02120867,0.9848054282570524
0.021036737,0.9849636059095247
0.020788392,0.9851217831488411
0.020692874,0.9852799606143443
0.020559149,0.9854381383130164
0.020406321,0.985596316284465
0.020215286,0.9857544939554117
0.019986043,0.9859126718825268
0.019775905,0.9860708494385052
0.019508455,0.9862290272275205
0.019451143,0.9863872048166769
0.019451143,0.9865453825452722
0.019069074,0.9867035601825007
0.018782521,0.9868617377708292
0.018782521,0.9870199149847383
0.018515071,0.9871780920591184
0.018209415,0.987336268908689
0.018152103,0.9874944458715043
0.017903758,0.9876526228607035
0.017941965,0.9878107998003802
0.017655412,0.9879689766612294
0.01748348,0.9881271540502636
0.017235134,0.9882853312225452
0.017139615,0.988443508774759
0.017024996,0.9886016868203779
0.016853062,0.9887598644850825
0.016719338,0.9889180421089594
0.016432784,0.9890762198630181
0.016203543,0.9892343979489318
0.016108025,0.9893925762303252
0.015897887,0.9895507543962182
0.01564954,0.9897089319634952
0.015515815,0.9898671095400339
0.015343883,0.990025287041863
0.015191055,0.9901834648099964
0.015114641,0.9903416428292225
0.014942709,0.9904998201324358
0.014713467,0.9906579974431027
0.014522431,0.9908161752271559
0.014388707,0.9909743529008487
0.014063947,0.9911325304019696
0.014044843,0.9912907079198987
0.013892015,0.9914488853882953
0.013643669,0.9916070630636993
0.013643669,0.9917652412888401
0.01343353,0.9919234197057815
0.013146977,0.9920815977695561
0.012917735,0.9922397759983429
0.01278401,0.9923979540728737
0.012650285,0.9925561320577965
0.012535663,0.9927143099252268
0.012306421,0.9928724877872704
0.012153593,0.9930306654822642
0.012000765,0.993188843134987
0.011714212,0.9933470211778433
0.01159959,0.9935051991065887
0.011465865,0.9936633769853241
0.011198416,0.9938215549624159
0.011102898,0.9939797331941291
0.010988277,0.9941379111423803
0.010835449,0.9942960888608819
0.010529792,0.9944542666018756
0.010472482,0.9946124440276343
0.010281446,0.9947706214687928
0.010128618,0.9949287993090583
0.0099948933,0.9950869774854795
0.0098229619,0.9952451548413845
0.0096128229,0.995403331650437
0.0094982013,0.9955615091628054
0.0092689591,0.9957196868904131
0.0091352342,0.9958778652702334
0.0089059919,0.9960360430559736
0.0088677844,0.9961942212480738
0.0085621281,0.996352399226742
0.0084092999,0.9965105771418717
0.008275575,0.9966687547724835
0.0081036435,0.9968269326567433
0.0079126079,0.9969851105900887
0.0078361938,0.9971432885401896
0.0077024689,0.9973014663474856
0.0074732262,0.9974596438533715
0.007282191,0.9976178215198733
0.0071866731,0.9977759988016172
0.0070338449,0.9979341761583399
0.0068810168,0.9980923534449185
0.006823706,0.9982505311765371
0.0065562567,0.9984087082199582
0.0063843247,0.9985668851490064
0.0062505999,0.9987250627758302
0.0060977717,0.9988832402027684
0.0059449435,0.9990414181077468
0.0057921149,0.9991995961183157
0.0056392867,0.9993577741973799
0.0055628726,0.9995159522314453
0.0053145266,0.9996741307027025
0.0052381125,0.999832308689275
0.0049324562,0.9999904866502253
0.0049515595,0.9999999994727773
0.0051234914,1.0
