Ewe/V,Capacity/mA.h
2.66E-02,1
2.82E-02,0.999858276
2.93E-02,0.999716553
3.01E-02,0.999574836
3.10E-02,0.999433114
3.16E-02,0.999291397
3.21E-02,0.999149683
3.28E-02,0.99900797
3.34E-02,0.998866257
3.41E-02,0.998724541
3.44E-02,0.998582839
3.49E-02,0.99844115
3.54E-02,0.998299458
3.58E-02,0.998157765
3.62E-02,0.998016076
3.67E-02,0.997874386
3.73E-02,0.997732692
3.77E-02,0.997590999
3.82E-02,0.997449308
3.87E-02,0.997307619
3.90E-02,0.997165934
3.95E-02,0.997024249
3.98E-02,0.996882561
4.04E-02,0.996740876
4.07E-02,0.996599189
4.11E-02,0.996457504
4.15E-02,0.996315816
4.19E-02,0.996174134
4.23E-02,0.996032453
4.27E-02,0.995890773
4.32E-02,0.995749089
4.34E-02,0.995607401
4.39E-02,0.995465708
4.43E-02,0.995324018
4.46E-02,0.995182328
4.50E-02,0.995040634
4.54E-02,0.994898938
4.59E-02,0.994757247
4.61E-02,0.994615563
4.65E-02,0.994473879
4.69E-02,0.994332193
4.74E-02,0.994190507
4.77E-02,0.994048809
4.80E-02,0.993907098
4.84E-02,0.993765385
4.88E-02,0.993623676
4.91E-02,0.993481966
4.94E-02,0.993340255
4.99E-02,0.993198545
5.02E-02,0.993056832
5.06E-02,0.992915115
5.08E-02,0.992773396
5.13E-02,0.992631684
5.15E-02,0.992489973
5.19E-02,0.992348261
5.23E-02,0.992206554
5.26E-02,0.992064846
5.30E-02,0.991923135
5.34E-02,0.991781424
5.36E-02,0.991639714
5.40E-02,0.991498003
5.42E-02,0.991356293
5.46E-02,0.991214583
5.50E-02,0.991072873
5.53E-02,0.990931162
5.56E-02,0.990789449
5.60E-02,0.990647734
5.63E-02,0.99050602
5.67E-02,0.990364307
5.70E-02,0.990222593
5.72E-02,0.990080883
5.75E-02,0.989939173
5.79E-02,0.989797463
5.82E-02,0.989655753
5.84E-02,0.989514042
5.87E-02,0.989372334
5.89E-02,0.989230626
5.94E-02,0.989088917
5.95E-02,0.98894721
5.99E-02,0.988805504
6.03E-02,0.988663796
6.06E-02,0.988522086
6.07E-02,0.988380377
6.09E-02,0.988238667
6.14E-02,0.988096958
6.17E-02,0.987955252
6.19E-02,0.987813543
6.23E-02,0.987671833
6.24E-02,0.987530124
6.28E-02,0.987388413
6.30E-02,0.9872467
6.34E-02,0.987104987
6.36E-02,0.986963276
6.38E-02,0.986821567
6.40E-02,0.986679858
6.43E-02,0.986538151
6.47E-02,0.986396451
6.50E-02,0.986254771
6.51E-02,0.986113089
6.55E-02,0.985971407
6.57E-02,0.985829727
6.59E-02,0.985688045
6.61E-02,0.985546365
6.64E-02,0.985404683
6.66E-02,0.985262999
6.69E-02,0.985121315
6.72E-02,0.984979632
6.73E-02,0.984837948
6.76E-02,0.984696267
6.78E-02,0.984554586
6.83E-02,0.984412906
6.84E-02,0.984271221
6.84E-02,0.984129533
6.87E-02,0.983987845
6.90E-02,0.983846157
6.91E-02,0.983704473
6.93E-02,0.983562789
6.96E-02,0.983421107
6.98E-02,0.983279426
7.01E-02,0.983137726
7.03E-02,0.982996014
7.05E-02,0.982854308
7.08E-02,0.982712614
7.08E-02,0.982570935
7.12E-02,0.982429257
7.14E-02,0.982287577
7.15E-02,0.982145886
7.19E-02,0.982004184
7.20E-02,0.981862481
7.21E-02,0.981720798
7.24E-02,0.981579122
7.24E-02,0.981437444
7.28E-02,0.981295771
7.28E-02,0.981154097
7.30E-02,0.981012418
7.33E-02,0.980870729
7.35E-02,0.980729016
7.37E-02,0.980587308
7.39E-02,0.980445597
7.40E-02,0.980303882
7.43E-02,0.980162169
7.44E-02,0.98002046
7.46E-02,0.979878755
7.48E-02,0.97973705
7.51E-02,0.979595341
7.51E-02,0.979453632
7.52E-02,0.979311941
7.54E-02,0.97917026
7.56E-02,0.979028565
7.57E-02,0.978886859
7.60E-02,0.978745153
7.61E-02,0.978603445
7.63E-02,0.978461741
7.65E-02,0.978320037
7.66E-02,0.97817833
7.68E-02,0.978036622
7.70E-02,0.97789492
7.71E-02,0.977753235
7.72E-02,0.977611551
7.74E-02,0.97746984
7.75E-02,0.977328126
7.77E-02,0.977186416
7.78E-02,0.977044708
7.80E-02,0.976902999
7.81E-02,0.976761289
7.84E-02,0.976619579
7.84E-02,0.976477868
7.86E-02,0.976336159
7.87E-02,0.976194476
7.88E-02,0.976052795
7.91E-02,0.975911105
7.91E-02,0.975769399
7.94E-02,0.975627695
7.93E-02,0.975485994
7.95E-02,0.975344298
7.97E-02,0.975202599
7.99E-02,0.975060901
8.00E-02,0.97491919
8.02E-02,0.974777474
8.01E-02,0.974635757
8.05E-02,0.974494042
8.04E-02,0.974352327
8.06E-02,0.974210619
8.08E-02,0.974068906
8.08E-02,0.973927195
8.10E-02,0.973785483
8.09E-02,0.973643773
8.12E-02,0.973502059
8.12E-02,0.973360344
8.14E-02,0.973218629
8.15E-02,0.973076919
8.17E-02,0.972935214
8.18E-02,0.972793507
8.18E-02,0.972651801
8.20E-02,0.972510096
8.21E-02,0.972368389
8.23E-02,0.972226683
8.24E-02,0.972084973
8.24E-02,0.971943264
8.25E-02,0.971801557
8.25E-02,0.971659848
8.27E-02,0.97151814
8.28E-02,0.971376434
8.29E-02,0.971234728
8.30E-02,0.971093022
8.30E-02,0.970951318
8.31E-02,0.970809606
8.33E-02,0.970667896
8.34E-02,0.970526188
8.35E-02,0.970384481
8.36E-02,0.970242771
8.38E-02,0.970101072
8.39E-02,0.969959363
8.38E-02,0.969817655
8.41E-02,0.969675946
8.40E-02,0.969534237
8.40E-02,0.969392527
8.42E-02,0.969250813
8.44E-02,0.969109097
8.43E-02,0.968967383
8.45E-02,0.968825669
8.44E-02,0.96868396
8.46E-02,0.968542249
8.47E-02,0.968400541
8.49E-02,0.968258831
8.48E-02,0.968117121
8.50E-02,0.967975411
8.51E-02,0.967833702
8.52E-02,0.967691992
8.53E-02,0.967550283
8.53E-02,0.967408573
8.54E-02,0.967266864
8.55E-02,0.967125153
8.57E-02,0.966983444
8.57E-02,0.966841737
8.57E-02,0.966700029
8.58E-02,0.966558322
8.59E-02,0.966416613
8.58E-02,0.9662749
8.59E-02,0.966133189
8.60E-02,0.965991479
8.60E-02,0.965849767
8.62E-02,0.965708054
8.63E-02,0.965566343
8.62E-02,0.965424631
8.64E-02,0.965282917
8.66E-02,0.965141206
8.65E-02,0.964999491
8.66E-02,0.964857774
8.67E-02,0.964716057
8.68E-02,0.96457434
8.69E-02,0.964432624
8.68E-02,0.964290906
8.69E-02,0.964149193
8.70E-02,0.964007481
8.71E-02,0.963865768
8.72E-02,0.963724053
8.72E-02,0.963582338
8.73E-02,0.963440624
8.74E-02,0.963298909
8.75E-02,0.963157194
8.74E-02,0.963015479
8.74E-02,0.962873771
8.76E-02,0.96273206
8.76E-02,0.962590347
8.76E-02,0.962448633
8.76E-02,0.962306921
8.77E-02,0.962165209
8.79E-02,0.962023492
8.78E-02,0.961881776
8.79E-02,0.961740062
8.79E-02,0.961598348
8.81E-02,0.961456633
8.80E-02,0.961314917
8.81E-02,0.961173198
8.81E-02,0.961031483
8.81E-02,0.960889768
8.82E-02,0.960748055
8.81E-02,0.960606339
8.84E-02,0.960464626
8.83E-02,0.96032291
8.85E-02,0.960181193
8.84E-02,0.960039476
8.85E-02,0.95989776
8.85E-02,0.959756044
8.86E-02,0.959614329
8.87E-02,0.959472613
8.87E-02,0.959330898
8.87E-02,0.959189183
8.88E-02,0.959047465
8.89E-02,0.958905746
8.90E-02,0.958764025
8.90E-02,0.958622304
8.90E-02,0.958480583
8.90E-02,0.958338865
8.90E-02,0.95819715
8.91E-02,0.958055435
8.92E-02,0.957913719
8.93E-02,0.957772001
8.92E-02,0.957630282
8.93E-02,0.957488562
8.94E-02,0.957346849
8.92E-02,0.957205137
8.94E-02,0.957063423
8.95E-02,0.956921709
8.94E-02,0.956779998
8.95E-02,0.956638284
8.95E-02,0.95649657
8.96E-02,0.956354852
8.95E-02,0.956213132
8.97E-02,0.956071413
8.96E-02,0.955929695
8.97E-02,0.955787976
8.97E-02,0.955646257
8.98E-02,0.955504541
8.98E-02,0.955362827
8.99E-02,0.955221114
8.99E-02,0.955079397
9.01E-02,0.954937683
8.99E-02,0.954795969
9.00E-02,0.954654251
9.00E-02,0.954512535
9.01E-02,0.954370818
9.01E-02,0.954229101
9.02E-02,0.954087383
9.02E-02,0.953945665
9.04E-02,0.953803946
9.02E-02,0.95366223
9.03E-02,0.953520512
9.04E-02,0.953378796
9.04E-02,0.953237076
9.03E-02,0.953095359
9.04E-02,0.952953639
9.05E-02,0.952811921
9.05E-02,0.952670208
9.05E-02,0.952528493
9.06E-02,0.952386777
9.06E-02,0.952245059
9.06E-02,0.952103343
9.06E-02,0.951961626
9.06E-02,0.95181991
9.07E-02,0.951678197
9.07E-02,0.951536485
9.08E-02,0.951394776
9.08E-02,0.951253063
9.08E-02,0.951111349
9.08E-02,0.950969636
9.08E-02,0.950827921
9.07E-02,0.950686205
9.08E-02,0.950544493
9.10E-02,0.950402778
9.10E-02,0.950261068
9.11E-02,0.950119357
9.10E-02,0.949977641
9.11E-02,0.949835924
9.11E-02,0.949694205
9.11E-02,0.949552489
9.10E-02,0.949410773
9.11E-02,0.949269058
9.11E-02,0.949127344
9.11E-02,0.948985632
9.12E-02,0.948843922
9.11E-02,0.948702207
9.13E-02,0.948560491
9.13E-02,0.948418776
9.13E-02,0.94827706
9.13E-02,0.948135345
9.13E-02,0.947993629
9.15E-02,0.947851916
9.14E-02,0.947710202
9.15E-02,0.947568486
9.14E-02,0.947426767
9.15E-02,0.947285049
9.15E-02,0.947143331
9.15E-02,0.947001612
9.16E-02,0.946859895
9.15E-02,0.946718181
9.16E-02,0.946576465
9.17E-02,0.946434751
9.16E-02,0.946293035
9.15E-02,0.946151319
9.17E-02,0.946009604
9.17E-02,0.945867891
9.18E-02,0.945726177
9.17E-02,0.945584463
9.19E-02,0.945442747
9.18E-02,0.945301031
9.18E-02,0.945159316
9.18E-02,0.945017609
9.19E-02,0.944875894
9.19E-02,0.944734178
9.19E-02,0.944592459
9.19E-02,0.944450743
9.19E-02,0.944309025
9.19E-02,0.944167307
9.19E-02,0.94402559
9.19E-02,0.943883876
9.20E-02,0.943742162
9.21E-02,0.943600448
9.20E-02,0.943458732
9.19E-02,0.943317016
9.20E-02,0.943175304
9.20E-02,0.943033587
9.22E-02,0.94289187
9.21E-02,0.942750152
9.20E-02,0.942608438
9.21E-02,0.942466727
9.20E-02,0.942325012
9.22E-02,0.942183297
9.21E-02,0.942041582
9.21E-02,0.94189987
9.21E-02,0.941758158
9.23E-02,0.941616442
9.23E-02,0.941474725
9.21E-02,0.94133301
9.22E-02,0.941191295
9.23E-02,0.941049582
9.23E-02,0.940907867
9.23E-02,0.940766151
9.22E-02,0.940624437
9.22E-02,0.940482721
9.24E-02,0.940341003
9.23E-02,0.940199287
9.24E-02,0.940057574
9.24E-02,0.939915861
9.25E-02,0.939774145
9.24E-02,0.939632428
9.25E-02,0.939490713
9.25E-02,0.939348997
9.24E-02,0.939207278
9.25E-02,0.93906556
9.24E-02,0.938923841
9.24E-02,0.938782123
9.24E-02,0.938640404
9.24E-02,0.938498688
9.24E-02,0.938356973
9.25E-02,0.938215257
9.26E-02,0.938073544
9.26E-02,0.937931829
9.25E-02,0.937790114
9.26E-02,0.937648402
9.26E-02,0.937506693
9.25E-02,0.937364984
9.27E-02,0.937223268
9.26E-02,0.937081549
9.26E-02,0.936939831
9.27E-02,0.936798116
9.26E-02,0.936656402
9.27E-02,0.936514687
9.26E-02,0.936372972
9.27E-02,0.93623126
9.27E-02,0.936089548
9.27E-02,0.935947838
9.28E-02,0.935806131
9.27E-02,0.935664422
9.27E-02,0.935522713
9.28E-02,0.935381004
9.28E-02,0.935239294
9.27E-02,0.935097582
9.27E-02,0.93495587
9.27E-02,0.934814156
9.29E-02,0.93467244
9.27E-02,0.934530721
9.28E-02,0.934388999
9.28E-02,0.934247281
9.28E-02,0.934105563
9.30E-02,0.933963843
9.30E-02,0.933822123
9.30E-02,0.933680405
9.28E-02,0.933538688
9.29E-02,0.933396969
9.30E-02,0.93325525
9.29E-02,0.933113534
9.29E-02,0.932971818
9.28E-02,0.932830101
9.30E-02,0.932688382
9.29E-02,0.932546663
9.29E-02,0.932404943
9.30E-02,0.932263222
9.30E-02,0.932121502
9.29E-02,0.931979781
9.31E-02,0.931838064
9.31E-02,0.931696351
9.31E-02,0.931554638
9.31E-02,0.931412925
9.31E-02,0.931271209
9.32E-02,0.931129493
9.32E-02,0.930987777
9.30E-02,0.93084606
9.30E-02,0.930704347
9.30E-02,0.930562634
9.33E-02,0.930420924
9.32E-02,0.93027921
9.32E-02,0.930137496
9.32E-02,0.929995784
9.32E-02,0.929854073
9.32E-02,0.929712362
9.32E-02,0.929570652
9.32E-02,0.929428944
9.32E-02,0.929287234
9.31E-02,0.929145524
9.32E-02,0.929003814
9.32E-02,0.928862101
9.31E-02,0.928720391
9.32E-02,0.92857868
9.33E-02,0.928436971
9.32E-02,0.928295259
9.32E-02,0.928153546
9.32E-02,0.928011834
9.34E-02,0.927870124
9.33E-02,0.927728413
9.33E-02,0.927586705
9.34E-02,0.927444994
9.33E-02,0.927303283
9.33E-02,0.927161569
9.33E-02,0.927019855
9.33E-02,0.926878141
9.33E-02,0.92673643
9.33E-02,0.926594721
9.33E-02,0.926453014
9.33E-02,0.926311305
9.34E-02,0.926169599
9.34E-02,0.926027893
9.35E-02,0.925886182
9.34E-02,0.92574447
9.33E-02,0.925602761
9.34E-02,0.925461052
9.34E-02,0.92531934
9.35E-02,0.925177629
9.34E-02,0.925035921
9.34E-02,0.924894212
9.36E-02,0.924752505
9.34E-02,0.92461079
9.35E-02,0.924469079
9.34E-02,0.924327365
9.34E-02,0.924185652
9.35E-02,0.924043937
9.35E-02,0.923902224
9.34E-02,0.923760511
9.36E-02,0.923618801
9.35E-02,0.923477091
9.36E-02,0.923335376
9.36E-02,0.923193661
9.37E-02,0.923051949
9.36E-02,0.922910237
9.35E-02,0.922768525
9.36E-02,0.922626815
9.36E-02,0.922485105
9.35E-02,0.922343392
9.35E-02,0.922201683
9.35E-02,0.922059973
9.37E-02,0.92191826
9.36E-02,0.921776548
9.36E-02,0.921634837
9.36E-02,0.921493123
9.35E-02,0.921351412
9.36E-02,0.921209698
9.36E-02,0.921067982
9.35E-02,0.920926265
9.36E-02,0.920784549
9.36E-02,0.920642837
9.36E-02,0.920501123
9.36E-02,0.92035941
9.36E-02,0.9202177
9.37E-02,0.920075988
9.37E-02,0.919934274
9.36E-02,0.91979256
9.36E-02,0.919650844
9.37E-02,0.919509126
9.37E-02,0.919367409
9.36E-02,0.919225689
9.37E-02,0.91908397
9.37E-02,0.918942249
9.36E-02,0.918800531
9.38E-02,0.918658812
9.37E-02,0.918517093
9.37E-02,0.918375373
9.38E-02,0.918233655
9.37E-02,0.918091937
9.37E-02,0.917950221
9.38E-02,0.917808503
9.37E-02,0.917666784
9.38E-02,0.917525068
9.38E-02,0.917383352
9.38E-02,0.917241638
9.38E-02,0.917099921
9.39E-02,0.916958203
9.37E-02,0.916816488
9.38E-02,0.916674771
9.38E-02,0.916533058
9.38E-02,0.916391344
9.38E-02,0.916249632
9.38E-02,0.91610792
9.37E-02,0.915966207
9.38E-02,0.915824497
9.40E-02,0.915682786
9.38E-02,0.915541075
9.38E-02,0.915399362
9.39E-02,0.915257649
9.39E-02,0.915115936
9.39E-02,0.914974223
9.39E-02,0.91483251
9.39E-02,0.914690795
9.40E-02,0.914549081
9.38E-02,0.914407366
9.39E-02,0.914265648
9.40E-02,0.914123933
9.39E-02,0.91398222
9.40E-02,0.913840505
9.39E-02,0.913698792
9.39E-02,0.913557085
9.39E-02,0.913415374
9.40E-02,0.913273661
9.40E-02,0.913131943
9.39E-02,0.912990228
9.38E-02,0.912848515
9.40E-02,0.912706805
9.40E-02,0.912565093
9.39E-02,0.912423383
9.40E-02,0.912281673
9.40E-02,0.912139967
9.40E-02,0.911998255
9.40E-02,0.911856542
9.39E-02,0.911714832
9.39E-02,0.91157312
9.41E-02,0.91143141
9.40E-02,0.911289698
9.40E-02,0.911147984
9.41E-02,0.91100627
9.41E-02,0.910864557
9.40E-02,0.910722843
9.40E-02,0.910581129
9.40E-02,0.910439418
9.40E-02,0.910297701
9.41E-02,0.910155981
9.41E-02,0.910014261
9.40E-02,0.909872542
9.40E-02,0.909730825
9.42E-02,0.909589108
9.40E-02,0.909447389
9.41E-02,0.90930567
9.41E-02,0.909163949
9.41E-02,0.909022229
9.41E-02,0.908880509
9.41E-02,0.908738793
9.41E-02,0.908597077
9.41E-02,0.908455365
9.42E-02,0.908313652
9.42E-02,0.908171934
9.40E-02,0.908030216
9.41E-02,0.9078885
9.41E-02,0.907746785
9.41E-02,0.90760507
9.41E-02,0.907463357
9.41E-02,0.907321647
9.40E-02,0.907179938
9.42E-02,0.907038228
9.42E-02,0.906896513
9.41E-02,0.906754798
9.42E-02,0.906613081
9.41E-02,0.906471364
9.42E-02,0.906329644
9.41E-02,0.90618792
9.43E-02,0.906046201
9.41E-02,0.905904481
9.42E-02,0.905762764
9.42E-02,0.905621047
9.43E-02,0.905479332
9.42E-02,0.905337622
9.42E-02,0.90519591
9.42E-02,0.905054198
9.41E-02,0.904912488
9.42E-02,0.904770778
9.43E-02,0.904629067
9.41E-02,0.904487359
9.42E-02,0.904345642
9.42E-02,0.904203926
9.43E-02,0.904062212
9.43E-02,0.903920501
9.43E-02,0.903778789
9.43E-02,0.903637076
9.43E-02,0.90349536
9.43E-02,0.903353644
9.41E-02,0.903211929
9.44E-02,0.90307021
9.43E-02,0.902928491
9.42E-02,0.902786777
9.43E-02,0.902645066
9.43E-02,0.902503351
9.43E-02,0.90236164
9.42E-02,0.902219928
9.44E-02,0.902078216
9.44E-02,0.901936505
9.44E-02,0.901794789
9.44E-02,0.901653072
9.43E-02,0.901511355
9.43E-02,0.901369641
9.44E-02,0.901227928
9.43E-02,0.901086214
9.45E-02,0.900944501
9.42E-02,0.900802788
9.43E-02,0.900661074
9.43E-02,0.90051936
9.42E-02,0.900377645
9.44E-02,0.900235928
9.44E-02,0.900094211
9.43E-02,0.899952492
9.44E-02,0.899810775
9.43E-02,0.899669059
9.43E-02,0.899527346
9.43E-02,0.899385637
9.45E-02,0.899243922
9.44E-02,0.899102207
9.45E-02,0.898960492
9.43E-02,0.898818775
9.45E-02,0.898677058
9.45E-02,0.898535338
9.44E-02,0.89839362
9.44E-02,0.898251903
9.44E-02,0.898110188
9.44E-02,0.89796847
9.44E-02,0.89782675
9.44E-02,0.897685034
9.44E-02,0.897543319
9.44E-02,0.897401602
9.45E-02,0.897259887
9.44E-02,0.897118175
9.44E-02,0.896976463
9.45E-02,0.896834751
9.45E-02,0.896693035
9.45E-02,0.89655132
9.44E-02,0.896409609
9.45E-02,0.896267896
9.45E-02,0.896126183
9.45E-02,0.895984468
9.44E-02,0.895842755
9.45E-02,0.895701045
9.45E-02,0.895559333
9.44E-02,0.895417622
9.45E-02,0.895275909
9.44E-02,0.895134192
9.45E-02,0.894992477
9.45E-02,0.894850763
9.45E-02,0.894709049
9.45E-02,0.894567336
9.45E-02,0.894425625
9.47E-02,0.894283912
9.44E-02,0.894142199
9.45E-02,0.894000484
9.45E-02,0.893858769
9.44E-02,0.89371705
9.45E-02,0.893575334
9.46E-02,0.893433619
9.45E-02,0.893291901
9.45E-02,0.893150184
9.45E-02,0.893008468
9.46E-02,0.892866755
9.45E-02,0.892725042
9.45E-02,0.892583327
9.45E-02,0.892441609
9.46E-02,0.892299896
9.46E-02,0.892158184
9.46E-02,0.89201647
9.46E-02,0.891874757
9.46E-02,0.891733043
9.45E-02,0.891591326
9.46E-02,0.89144961
9.45E-02,0.891307889
9.46E-02,0.891166169
9.47E-02,0.891024451
9.46E-02,0.890882734
9.46E-02,0.890741018
9.46E-02,0.890599304
9.46E-02,0.890457591
9.46E-02,0.890315878
9.46E-02,0.890174162
9.46E-02,0.890032441
9.46E-02,0.889890722
9.46E-02,0.889749005
9.45E-02,0.889607288
9.46E-02,0.889465573
9.47E-02,0.889323857
9.46E-02,0.889182143
9.45E-02,0.889040428
9.47E-02,0.888898713
9.46E-02,0.888756998
9.47E-02,0.888615283
9.46E-02,0.888473562
9.46E-02,0.888331845
9.46E-02,0.888190127
9.48E-02,0.88804841
9.48E-02,0.887906694
9.47E-02,0.887764977
9.47E-02,0.887623259
9.47E-02,0.887481537
9.47E-02,0.887339819
9.46E-02,0.887198104
9.47E-02,0.887056386
9.47E-02,0.886914668
9.49E-02,0.886772953
9.47E-02,0.886631238
9.47E-02,0.886489523
9.48E-02,0.886347809
9.47E-02,0.886206096
9.46E-02,0.886064387
9.48E-02,0.885922674
9.47E-02,0.885780958
9.47E-02,0.885639242
9.48E-02,0.885497528
9.48E-02,0.885355811
9.48E-02,0.885214094
9.48E-02,0.885072381
9.48E-02,0.88493067
9.47E-02,0.884788959
9.47E-02,0.884647249
9.48E-02,0.884505537
9.48E-02,0.884363825
9.49E-02,0.884222113
9.48E-02,0.8840804
9.48E-02,0.883938681
9.48E-02,0.883796963
9.48E-02,0.883655245
9.48E-02,0.883513525
9.48E-02,0.883371806
9.48E-02,0.88323009
9.48E-02,0.883088374
9.49E-02,0.882946661
9.47E-02,0.882804946
9.48E-02,0.882663232
9.48E-02,0.882521514
9.47E-02,0.882379796
9.48E-02,0.882238081
9.49E-02,0.882096364
9.48E-02,0.881954649
9.49E-02,0.881812933
9.47E-02,0.881671221
9.49E-02,0.881529505
9.49E-02,0.881387793
9.48E-02,0.881246081
9.48E-02,0.881104362
9.49E-02,0.880962642
9.49E-02,0.880820925
9.48E-02,0.880679212
9.49E-02,0.880537499
9.48E-02,0.880395784
9.48E-02,0.880254067
9.48E-02,0.880112349
9.48E-02,0.879970632
9.49E-02,0.879828913
9.49E-02,0.879687196
9.48E-02,0.879545477
9.47E-02,0.879403753
9.49E-02,0.879262031
9.49E-02,0.879120316
9.49E-02,0.878978597
9.49E-02,0.878836877
9.49E-02,0.878695157
9.48E-02,0.878553441
9.49E-02,0.878411722
9.49E-02,0.87827
9.49E-02,0.878128278
9.48E-02,0.877986559
9.50E-02,0.877844845
9.50E-02,0.877703133
9.49E-02,0.877561417
9.49E-02,0.877419701
9.50E-02,0.87727799
9.49E-02,0.877136277
9.49E-02,0.876994562
9.49E-02,0.87685285
9.50E-02,0.876711136
9.49E-02,0.876569426
9.50E-02,0.876427713
9.50E-02,0.876285998
9.50E-02,0.876144281
9.48E-02,0.876002564
9.50E-02,0.875860842
9.49E-02,0.875719124
9.49E-02,0.875577407
9.50E-02,0.875435692
9.50E-02,0.875293977
9.50E-02,0.875152263
9.51E-02,0.875010548
9.50E-02,0.87486883
9.50E-02,0.87472711
9.50E-02,0.87458539
9.51E-02,0.874443675
9.50E-02,0.874301962
9.50E-02,0.874160248
9.50E-02,0.874018533
9.49E-02,0.873876816
9.51E-02,0.873735098
9.49E-02,0.873593375
9.50E-02,0.873451655
9.50E-02,0.873309934
9.50E-02,0.873168217
9.49E-02,0.873026497
9.50E-02,0.872884779
9.50E-02,0.872743063
9.50E-02,0.872601345
9.50E-02,0.872459623
9.50E-02,0.8723179
9.50E-02,0.872176176
9.50E-02,0.872034452
9.50E-02,0.871892732
9.50E-02,0.871751007
9.51E-02,0.87160928
9.50E-02,0.871467558
9.51E-02,0.871325837
9.51E-02,0.871184119
9.51E-02,0.871042399
9.50E-02,0.870900682
9.50E-02,0.870758961
9.51E-02,0.870617238
9.52E-02,0.870475515
9.52E-02,0.870333795
9.49E-02,0.870192074
9.52E-02,0.870050351
9.52E-02,0.869908632
9.51E-02,0.869766912
9.51E-02,0.869625195
9.52E-02,0.869483477
9.51E-02,0.869341759
9.52E-02,0.869200037
9.51E-02,0.869058316
9.50E-02,0.868916597
9.50E-02,0.868774877
9.50E-02,0.868633156
9.50E-02,0.868491434
9.51E-02,0.868349714
9.51E-02,0.868207994
9.51E-02,0.868066273
9.51E-02,0.867924553
9.52E-02,0.867782831
9.51E-02,0.867641111
9.51E-02,0.867499391
9.51E-02,0.867357671
9.52E-02,0.867215949
9.52E-02,0.86707423
9.50E-02,0.866932511
9.52E-02,0.866790795
9.50E-02,0.866649081
9.52E-02,0.866507365
9.52E-02,0.866365646
9.51E-02,0.866223927
9.51E-02,0.866082209
9.51E-02,0.86594049
9.51E-02,0.865798771
9.51E-02,0.865657052
9.52E-02,0.865515336
9.51E-02,0.865373617
9.52E-02,0.865231897
9.52E-02,0.865090175
9.52E-02,0.864948457
9.53E-02,0.86480674
9.51E-02,0.864665024
9.52E-02,0.864523307
9.51E-02,0.864381588
9.51E-02,0.864239871
9.52E-02,0.864098153
9.52E-02,0.863956439
9.51E-02,0.86381472
9.53E-02,0.863672997
9.51E-02,0.863531273
9.51E-02,0.86338955
9.53E-02,0.863247828
9.52E-02,0.86310611
9.54E-02,0.862964391
9.53E-02,0.862822672
9.54E-02,0.862680951
9.51E-02,0.862539231
9.53E-02,0.862397515
9.52E-02,0.862255798
9.51E-02,0.862114082
9.53E-02,0.861972366
9.51E-02,0.86183065
9.53E-02,0.861688936
9.53E-02,0.861547222
9.53E-02,0.861405509
9.52E-02,0.861263794
9.53E-02,0.86112208
9.53E-02,0.860980365
9.53E-02,0.860838649
9.51E-02,0.860696929
9.54E-02,0.860555213
9.53E-02,0.860413496
9.53E-02,0.860271778
9.52E-02,0.860130058
9.54E-02,0.859988341
9.53E-02,0.859846622
9.53E-02,0.859704903
9.53E-02,0.859563184
9.52E-02,0.859421472
9.53E-02,0.859279757
9.53E-02,0.859138047
9.53E-02,0.858996334
9.53E-02,0.85885462
9.53E-02,0.858712909
9.53E-02,0.858571195
9.52E-02,0.858429483
9.53E-02,0.858287762
9.53E-02,0.858146045
9.54E-02,0.85800433
9.53E-02,0.857862616
9.52E-02,0.857720902
9.53E-02,0.857579189
9.54E-02,0.857437475
9.54E-02,0.857295756
9.54E-02,0.857154038
9.54E-02,0.857012321
9.54E-02,0.856870599
9.53E-02,0.856728879
9.53E-02,0.856587163
9.53E-02,0.856445444
9.55E-02,0.856303725
9.53E-02,0.856162005
9.53E-02,0.856020287
9.54E-02,0.855878568
9.54E-02,0.85573685
9.54E-02,0.85559513
9.53E-02,0.855453414
9.54E-02,0.855311695
9.54E-02,0.855169977
9.53E-02,0.855028259
9.54E-02,0.854886539
9.55E-02,0.854744821
9.54E-02,0.8546031
9.55E-02,0.85446138
9.54E-02,0.854319659
9.54E-02,0.854177943
9.54E-02,0.854036226
9.54E-02,0.853894512
9.54E-02,0.853752801
9.53E-02,0.853611083
9.55E-02,0.853469363
9.55E-02,0.853327644
9.54E-02,0.853185922
9.53E-02,0.853044196
9.55E-02,0.852902474
9.54E-02,0.852760759
9.54E-02,0.852619044
9.54E-02,0.852477329
9.54E-02,0.852335611
9.53E-02,0.852193889
9.55E-02,0.852052167
9.54E-02,0.851910449
9.55E-02,0.85176873
9.55E-02,0.851627012
9.54E-02,0.8514853
9.55E-02,0.851343584
9.54E-02,0.851201867
9.54E-02,0.851060149
9.53E-02,0.850918433
9.54E-02,0.850776717
9.54E-02,0.850635002
9.54E-02,0.850493287
9.55E-02,0.850351573
9.55E-02,0.850209857
9.55E-02,0.850068143
9.55E-02,0.849926433
9.55E-02,0.849784723
9.56E-02,0.849643013
9.56E-02,0.849501302
9.54E-02,0.849359589
9.55E-02,0.849217875
9.53E-02,0.849076163
9.55E-02,0.84893445
9.56E-02,0.848792739
9.55E-02,0.848651029
9.54E-02,0.848509316
9.56E-02,0.848367607
9.56E-02,0.848225897
9.54E-02,0.848084187
9.55E-02,0.847942474
9.55E-02,0.847800762
9.55E-02,0.847659047
9.54E-02,0.847517335
9.54E-02,0.847375624
9.54E-02,0.847233913
9.56E-02,0.8470922
9.56E-02,0.846950485
9.55E-02,0.846808771
9.55E-02,0.846667056
9.55E-02,0.846525338
9.56E-02,0.846383622
9.56E-02,0.846241903
9.55E-02,0.846100188
9.55E-02,0.84595847
9.55E-02,0.845816752
9.55E-02,0.845675035
9.54E-02,0.845533316
9.55E-02,0.845391598
9.56E-02,0.84524988
9.56E-02,0.845108162
9.55E-02,0.844966444
9.56E-02,0.844824726
9.57E-02,0.84468301
9.56E-02,0.844541293
9.55E-02,0.844399575
9.55E-02,0.844257863
9.56E-02,0.84411615
9.54E-02,0.843974438
9.56E-02,0.843832725
9.55E-02,0.843691011
9.56E-02,0.843549297
9.56E-02,0.843407584
9.55E-02,0.84326587
9.56E-02,0.843124156
9.55E-02,0.84298244
9.57E-02,0.842840723
9.56E-02,0.842699008
9.56E-02,0.842557287
9.55E-02,0.842415567
9.56E-02,0.842273849
9.56E-02,0.842132132
9.57E-02,0.841990414
9.55E-02,0.8418487
9.56E-02,0.841706985
9.57E-02,0.841565268
9.55E-02,0.841423547
9.56E-02,0.841281828
9.56E-02,0.841140116
9.56E-02,0.840998403
9.56E-02,0.840856691
9.56E-02,0.840714976
9.56E-02,0.840573253
9.56E-02,0.840431529
9.57E-02,0.840289809
9.56E-02,0.840148087
9.55E-02,0.840006368
9.56E-02,0.839864651
9.56E-02,0.839722934
9.57E-02,0.839581216
9.56E-02,0.8394395
9.56E-02,0.839297783
9.57E-02,0.839156065
9.57E-02,0.839014347
9.57E-02,0.838872629
9.56E-02,0.838730913
9.57E-02,0.838589196
9.56E-02,0.838447478
9.57E-02,0.838305764
9.57E-02,0.838164046
9.57E-02,0.838022326
9.57E-02,0.837880608
9.58E-02,0.837738889
9.57E-02,0.837597171
9.58E-02,0.837455453
9.57E-02,0.837313735
9.57E-02,0.837172015
9.57E-02,0.837030297
9.57E-02,0.836888574
9.57E-02,0.836746858
9.56E-02,0.836605141
9.58E-02,0.836463419
9.57E-02,0.836321698
9.56E-02,0.836179979
9.57E-02,0.836038261
9.56E-02,0.835896536
9.56E-02,0.835754816
9.57E-02,0.835613095
9.56E-02,0.835471374
9.57E-02,0.835329658
9.57E-02,0.83518794
9.57E-02,0.835046223
9.55E-02,0.834904503
9.57E-02,0.834762785
9.57E-02,0.834621066
9.57E-02,0.834479347
9.55E-02,0.834337629
9.57E-02,0.834195912
9.57E-02,0.834054195
9.57E-02,0.833912479
9.57E-02,0.833770765
9.57E-02,0.833629048
9.57E-02,0.833487333
9.57E-02,0.833345618
9.56E-02,0.833203901
9.58E-02,0.833062186
9.57E-02,0.832920468
9.57E-02,0.832778752
9.57E-02,0.832637035
9.57E-02,0.832495317
9.57E-02,0.832353597
9.57E-02,0.832211879
9.58E-02,0.832070162
9.58E-02,0.831928445
9.57E-02,0.831786729
9.59E-02,0.831645016
9.59E-02,0.831503303
9.57E-02,0.831361593
9.58E-02,0.831219877
9.59E-02,0.831078159
9.57E-02,0.830936443
9.58E-02,0.830794726
9.58E-02,0.830653011
9.59E-02,0.830511295
9.58E-02,0.830369579
9.59E-02,0.830227865
9.59E-02,0.830086154
9.59E-02,0.829944441
9.58E-02,0.829802724
9.57E-02,0.82966101
9.59E-02,0.829519295
9.58E-02,0.829377578
9.57E-02,0.829235862
9.57E-02,0.829094149
9.58E-02,0.82895244
9.59E-02,0.82881073
9.59E-02,0.82866902
9.59E-02,0.828527313
9.60E-02,0.828385609
9.58E-02,0.828243898
9.58E-02,0.828102189
9.58E-02,0.827960483
9.58E-02,0.827818774
9.58E-02,0.827677065
9.59E-02,0.827535356
9.59E-02,0.827393645
9.58E-02,0.827251934
9.59E-02,0.827110222
9.58E-02,0.826968508
9.58E-02,0.826826793
9.57E-02,0.826685075
9.58E-02,0.826543357
9.59E-02,0.826401642
9.58E-02,0.826259926
9.60E-02,0.826118212
9.59E-02,0.825976499
9.59E-02,0.825834783
9.60E-02,0.825693064
9.59E-02,0.825551345
9.60E-02,0.825409623
9.58E-02,0.825267904
9.59E-02,0.825126187
9.59E-02,0.824984477
9.59E-02,0.824842765
9.60E-02,0.824701053
9.60E-02,0.824559342
9.60E-02,0.824417631
9.59E-02,0.82427592
9.58E-02,0.824134209
9.59E-02,0.823992496
9.60E-02,0.823850783
9.59E-02,0.823709066
9.59E-02,0.823567349
9.59E-02,0.823425634
9.59E-02,0.82328392
9.61E-02,0.823142201
9.59E-02,0.823000484
9.59E-02,0.822858766
9.61E-02,0.822717048
9.59E-02,0.822575334
9.60E-02,0.822433624
9.58E-02,0.822291914
9.59E-02,0.822150202
9.60E-02,0.822008488
9.59E-02,0.821866769
9.61E-02,0.821725052
9.60E-02,0.821583337
9.60E-02,0.821441623
9.60E-02,0.82129991
9.60E-02,0.821158198
9.61E-02,0.821016491
9.59E-02,0.820874782
9.60E-02,0.820733071
9.60E-02,0.820591359
9.60E-02,0.820449647
9.59E-02,0.820307932
9.59E-02,0.820166221
9.61E-02,0.820024509
9.60E-02,0.819882795
9.60E-02,0.819741081
9.59E-02,0.819599367
9.60E-02,0.819457657
9.61E-02,0.819315948
9.60E-02,0.819174238
9.61E-02,0.819032529
9.61E-02,0.818890821
9.59E-02,0.818749111
9.61E-02,0.818607395
9.59E-02,0.818465679
9.59E-02,0.818323959
9.60E-02,0.818182239
9.61E-02,0.818040521
9.61E-02,0.817898803
9.60E-02,0.817757082
9.61E-02,0.817615362
9.60E-02,0.817473647
9.62E-02,0.81733193
9.60E-02,0.817190214
9.61E-02,0.817048498
9.60E-02,0.816906781
9.58E-02,0.816765068
9.61E-02,0.816623354
9.61E-02,0.816481636
9.61E-02,0.816339918
9.61E-02,0.816198203
9.60E-02,0.816056488
9.61E-02,0.81591477
9.61E-02,0.815773054
9.61E-02,0.81563134
9.62E-02,0.815489622
9.61E-02,0.815347905
9.61E-02,0.815206186
9.61E-02,0.815064468
9.62E-02,0.814922748
9.61E-02,0.814781034
9.61E-02,0.81463932
9.60E-02,0.814497603
9.61E-02,0.814355885
9.62E-02,0.814214164
9.62E-02,0.814072446
9.60E-02,0.813930729
9.61E-02,0.813789012
9.62E-02,0.813647293
9.60E-02,0.813505574
9.61E-02,0.813363854
9.62E-02,0.813222135
9.62E-02,0.813080413
9.62E-02,0.812938693
9.60E-02,0.812796975
9.62E-02,0.812655262
9.62E-02,0.812513546
9.61E-02,0.812371827
9.62E-02,0.812230109
9.62E-02,0.81208839
9.62E-02,0.811946672
9.63E-02,0.811804953
9.62E-02,0.811663231
9.62E-02,0.811521509
9.61E-02,0.811379788
9.62E-02,0.811238067
9.61E-02,0.811096343
9.62E-02,0.810954623
9.63E-02,0.810812899
9.61E-02,0.810671177
9.62E-02,0.810529458
9.62E-02,0.810387741
9.62E-02,0.810246023
9.60E-02,0.810104306
9.61E-02,0.809962587
9.62E-02,0.809820869
9.62E-02,0.809679155
9.62E-02,0.809537435
9.62E-02,0.809395719
9.62E-02,0.809253999
9.62E-02,0.809112281
9.62E-02,0.808970565
9.62E-02,0.808828851
9.63E-02,0.808687133
9.62E-02,0.808545415
9.61E-02,0.808403696
9.62E-02,0.80826198
9.62E-02,0.808120264
9.63E-02,0.807978545
9.63E-02,0.807836824
9.62E-02,0.807695102
9.62E-02,0.807553378
9.63E-02,0.807411657
9.63E-02,0.807269938
9.62E-02,0.80712822
9.64E-02,0.806986501
9.64E-02,0.806844781
9.63E-02,0.806703062
9.63E-02,0.806561344
9.64E-02,0.80641963
9.63E-02,0.806277913
9.62E-02,0.806136194
9.63E-02,0.805994475
9.63E-02,0.805852761
9.64E-02,0.805711045
9.62E-02,0.805569324
9.64E-02,0.805427603
9.63E-02,0.805285883
9.63E-02,0.805144162
9.64E-02,0.805002443
9.63E-02,0.804860731
9.63E-02,0.804719015
9.64E-02,0.804577297
9.62E-02,0.804435579
9.63E-02,0.804293861
9.64E-02,0.804152144
9.63E-02,0.804010425
9.63E-02,0.803868709
9.64E-02,0.803726991
9.64E-02,0.803585273
9.64E-02,0.803443556
9.63E-02,0.803301837
9.63E-02,0.803160122
9.64E-02,0.803018408
9.63E-02,0.802876687
9.63E-02,0.802734967
9.63E-02,0.802593244
9.64E-02,0.802451522
9.63E-02,0.802309803
9.65E-02,0.802168086
9.65E-02,0.802026365
9.63E-02,0.801884645
9.64E-02,0.801742928
9.64E-02,0.80160121
9.64E-02,0.801459493
9.64E-02,0.801317776
9.66E-02,0.80117606
9.64E-02,0.801034342
9.65E-02,0.800892626
9.65E-02,0.800750911
9.65E-02,0.800609197
9.64E-02,0.800467484
9.65E-02,0.800325767
9.63E-02,0.800184052
9.64E-02,0.800042335
9.64E-02,0.79990062
9.65E-02,0.799758902
9.64E-02,0.799617185
9.64E-02,0.799475468
9.64E-02,0.799333753
9.65E-02,0.799192036
9.65E-02,0.799050315
9.64E-02,0.7989086
9.65E-02,0.798766886
9.65E-02,0.798625173
9.66E-02,0.798483456
9.65E-02,0.798341738
9.67E-02,0.798200022
9.65E-02,0.798058307
9.64E-02,0.79791659
9.64E-02,0.797774866
9.66E-02,0.797633146
9.66E-02,0.797491425
9.65E-02,0.797349705
9.66E-02,0.797207984
9.66E-02,0.797066265
9.64E-02,0.796924546
9.67E-02,0.796782826
9.66E-02,0.796641106
9.65E-02,0.796499387
9.67E-02,0.796357669
9.66E-02,0.796215951
9.65E-02,0.796074231
9.66E-02,0.795932512
9.66E-02,0.795790792
9.66E-02,0.795649073
9.65E-02,0.795507355
9.66E-02,0.795365638
9.65E-02,0.795223915
9.66E-02,0.79508219
9.67E-02,0.794940468
9.65E-02,0.794798749
9.66E-02,0.794657027
9.66E-02,0.794515304
9.66E-02,0.794373576
9.66E-02,0.79423185
9.66E-02,0.794090122
9.66E-02,0.793948396
9.66E-02,0.793806675
9.66E-02,0.793664955
9.68E-02,0.793523233
9.66E-02,0.793381507
9.66E-02,0.793239787
9.66E-02,0.793098065
9.67E-02,0.792956343
9.67E-02,0.792814622
9.67E-02,0.792672899
9.69E-02,0.792531174
9.65E-02,0.79238945
9.68E-02,0.792247729
9.67E-02,0.792106003
9.66E-02,0.791964277
9.67E-02,0.791822547
9.67E-02,0.791680819
9.66E-02,0.791539093
9.67E-02,0.791397368
9.66E-02,0.791255645
9.66E-02,0.791113926
9.66E-02,0.790972208
9.67E-02,0.790830489
9.67E-02,0.79068877
9.67E-02,0.790547051
9.67E-02,0.790405333
9.67E-02,0.790263616
9.68E-02,0.790121903
9.68E-02,0.789980188
9.67E-02,0.78983847
9.67E-02,0.789696753
9.67E-02,0.789555034
9.67E-02,0.789413317
9.67E-02,0.7892716
9.68E-02,0.789129884
9.68E-02,0.788988163
9.68E-02,0.788846445
9.68E-02,0.788704728
9.67E-02,0.788563012
9.68E-02,0.788421294
9.68E-02,0.788279574
9.68E-02,0.788137854
9.68E-02,0.787996136
9.67E-02,0.787854425
9.68E-02,0.787712709
9.67E-02,0.78757099
9.68E-02,0.787429272
9.67E-02,0.787287554
9.69E-02,0.787145836
9.68E-02,0.787004117
9.68E-02,0.786862398
9.68E-02,0.786720681
9.68E-02,0.786578961
9.69E-02,0.786437242
9.68E-02,0.786295519
9.69E-02,0.786153798
9.69E-02,0.78601208
9.69E-02,0.785870362
9.68E-02,0.785728647
9.69E-02,0.785586935
9.70E-02,0.785445222
9.68E-02,0.785303508
9.68E-02,0.785161793
9.69E-02,0.785020079
9.69E-02,0.784878365
9.70E-02,0.784736645
9.69E-02,0.784594922
9.68E-02,0.784453203
9.69E-02,0.784311477
9.69E-02,0.784169752
9.70E-02,0.784028031
9.69E-02,0.783886309
9.70E-02,0.783744585
9.70E-02,0.783602861
9.68E-02,0.78346114
9.70E-02,0.78331942
9.69E-02,0.783177697
9.70E-02,0.783035976
9.70E-02,0.782894252
9.69E-02,0.78275253
9.70E-02,0.782610803
9.71E-02,0.782469078
9.70E-02,0.782327354
9.70E-02,0.782185631
9.70E-02,0.782043907
9.69E-02,0.781902184
9.70E-02,0.781760462
9.71E-02,0.781618737
9.70E-02,0.781477016
9.70E-02,0.781335292
9.69E-02,0.781193572
9.70E-02,0.781051853
9.71E-02,0.780910135
9.71E-02,0.780768417
9.71E-02,0.780626695
9.70E-02,0.780484975
9.70E-02,0.780343253
9.70E-02,0.780201533
9.71E-02,0.780059811
9.70E-02,0.779918091
9.71E-02,0.779776368
9.71E-02,0.779634645
9.71E-02,0.779492922
9.71E-02,0.779351201
9.70E-02,0.779209478
9.70E-02,0.779067758
9.70E-02,0.778926041
9.71E-02,0.778784325
9.71E-02,0.778642606
9.72E-02,0.778500885
9.71E-02,0.778359163
9.71E-02,0.77821744
9.71E-02,0.778075713
9.73E-02,0.777933988
9.71E-02,0.777792262
9.71E-02,0.77765054
9.71E-02,0.777508816
9.72E-02,0.777367096
9.73E-02,0.777225378
9.71E-02,0.777083653
9.71E-02,0.776941933
9.72E-02,0.776800214
9.72E-02,0.776658498
9.72E-02,0.776516779
9.72E-02,0.776375055
9.70E-02,0.776233332
9.73E-02,0.776091608
9.73E-02,0.775949879
9.71E-02,0.775808151
9.72E-02,0.775666422
9.71E-02,0.775524697
9.71E-02,0.775382971
9.73E-02,0.775241245
9.73E-02,0.775099524
9.73E-02,0.774957802
9.73E-02,0.77481608
9.72E-02,0.774674361
9.73E-02,0.774532642
9.72E-02,0.774390918
9.71E-02,0.774249191
9.73E-02,0.774107465
9.74E-02,0.773965742
9.73E-02,0.773824016
9.73E-02,0.773682287
9.74E-02,0.773540561
9.72E-02,0.773398837
9.73E-02,0.773257117
9.74E-02,0.7731154
9.74E-02,0.772973685
9.73E-02,0.772831967
9.72E-02,0.77269025
9.73E-02,0.772548538
9.72E-02,0.772406819
9.72E-02,0.772265097
9.74E-02,0.772123376
9.73E-02,0.771981657
9.74E-02,0.771839939
9.73E-02,0.771698222
9.74E-02,0.771556503
9.74E-02,0.771414784
9.75E-02,0.771273062
9.74E-02,0.771131339
9.74E-02,0.770989618
9.75E-02,0.770847897
9.74E-02,0.77070618
9.75E-02,0.77056446
9.75E-02,0.770422742
9.75E-02,0.770281023
9.75E-02,0.770139305
9.76E-02,0.769997586
9.75E-02,0.769855864
9.74E-02,0.769714143
9.74E-02,0.769572422
9.74E-02,0.769430704
9.75E-02,0.76928898
9.74E-02,0.769147259
9.74E-02,0.76900554
9.75E-02,0.768863819
9.75E-02,0.768722099
9.76E-02,0.76858038
9.74E-02,0.768438662
9.75E-02,0.768296941
9.75E-02,0.768155221
9.75E-02,0.7680135
9.76E-02,0.767871778
9.75E-02,0.767730054
9.75E-02,0.767588335
9.75E-02,0.767446617
9.76E-02,0.767304896
9.76E-02,0.767163175
9.76E-02,0.767021453
9.77E-02,0.766879733
9.76E-02,0.766738014
9.76E-02,0.766596295
9.75E-02,0.766454573
9.76E-02,0.76631285
9.75E-02,0.766171128
9.76E-02,0.766029406
9.77E-02,0.765887684
9.78E-02,0.765745965
9.77E-02,0.765604248
9.77E-02,0.76546253
9.77E-02,0.765320814
9.76E-02,0.765179096
9.77E-02,0.765037381
9.78E-02,0.764895665
9.76E-02,0.764753945
9.77E-02,0.764612226
9.78E-02,0.764470507
9.77E-02,0.764328789
9.78E-02,0.764187072
9.76E-02,0.764045356
9.77E-02,0.763903638
9.77E-02,0.763761926
9.78E-02,0.763620212
9.78E-02,0.763478497
9.79E-02,0.76333678
9.79E-02,0.763195065
9.79E-02,0.763053349
9.78E-02,0.762911632
9.79E-02,0.762769914
9.77E-02,0.762628196
9.79E-02,0.762486479
9.79E-02,0.762344758
9.78E-02,0.762203038
9.79E-02,0.76206132
9.79E-02,0.761919601
9.80E-02,0.761777883
9.79E-02,0.761636162
9.78E-02,0.761494442
9.79E-02,0.761352723
9.79E-02,0.761211003
9.80E-02,0.761069283
9.80E-02,0.760927566
9.79E-02,0.760785845
9.79E-02,0.760644125
9.80E-02,0.760502406
9.79E-02,0.760360686
9.81E-02,0.760218966
9.81E-02,0.760077246
9.79E-02,0.759935529
9.81E-02,0.759793808
9.79E-02,0.759652088
9.81E-02,0.759510367
9.82E-02,0.75936865
9.80E-02,0.759226931
9.81E-02,0.75908521
9.80E-02,0.758943489
9.81E-02,0.758801769
9.82E-02,0.758660047
9.81E-02,0.758518326
9.82E-02,0.758376603
9.80E-02,0.758234881
9.81E-02,0.758093158
9.81E-02,0.757951435
9.82E-02,0.757809711
9.82E-02,0.757667989
9.81E-02,0.757526268
9.82E-02,0.75738455
9.82E-02,0.757242833
9.82E-02,0.757101115
9.83E-02,0.756959395
9.83E-02,0.756817675
9.83E-02,0.756675959
9.83E-02,0.75653424
9.82E-02,0.75639252
9.81E-02,0.7562508
9.84E-02,0.75610908
9.83E-02,0.755967363
9.83E-02,0.755825643
9.83E-02,0.755683922
9.84E-02,0.755542202
9.85E-02,0.75540048
9.83E-02,0.755258764
9.84E-02,0.755117048
9.84E-02,0.75497533
9.83E-02,0.754833613
9.83E-02,0.754691897
9.85E-02,0.754550178
9.84E-02,0.754408458
9.85E-02,0.754266735
9.84E-02,0.754125013
9.85E-02,0.753983293
9.86E-02,0.753841575
9.85E-02,0.753699861
9.85E-02,0.753558146
9.85E-02,0.753416427
9.87E-02,0.75327471
9.85E-02,0.753132993
9.86E-02,0.752991274
9.86E-02,0.752849553
9.87E-02,0.752707833
9.87E-02,0.752566115
9.86E-02,0.752424395
9.86E-02,0.752282675
9.87E-02,0.752140952
9.86E-02,0.751999231
9.86E-02,0.751857511
9.87E-02,0.751715791
9.87E-02,0.751574067
9.87E-02,0.751432344
9.87E-02,0.751290621
9.88E-02,0.751148901
9.87E-02,0.751007184
9.87E-02,0.750865461
9.88E-02,0.750723736
9.87E-02,0.750582012
9.87E-02,0.750440288
9.89E-02,0.750298565
9.88E-02,0.750156845
9.88E-02,0.750015127
9.89E-02,0.749873407
9.88E-02,0.749731687
9.90E-02,0.749589963
9.90E-02,0.749448238
9.90E-02,0.749306512
9.90E-02,0.749164787
9.90E-02,0.749023067
9.90E-02,0.748881348
9.90E-02,0.748739629
9.90E-02,0.748597911
9.90E-02,0.748456193
9.90E-02,0.748314471
9.90E-02,0.748172749
9.91E-02,0.748031027
9.90E-02,0.747889305
9.91E-02,0.747747579
9.92E-02,0.74760585
9.91E-02,0.747464124
9.92E-02,0.747322399
9.92E-02,0.747180672
9.93E-02,0.747038946
9.93E-02,0.74689722
9.92E-02,0.746755492
9.94E-02,0.746613766
9.92E-02,0.746472041
9.93E-02,0.746330318
9.93E-02,0.746188595
9.93E-02,0.746046873
9.92E-02,0.745905148
9.94E-02,0.745763424
9.95E-02,0.745621702
9.94E-02,0.74547998
9.94E-02,0.745338259
9.95E-02,0.745196539
9.95E-02,0.745054817
9.95E-02,0.744913094
9.95E-02,0.744771373
9.96E-02,0.744629653
9.96E-02,0.744487934
9.96E-02,0.744346212
9.96E-02,0.744204486
9.97E-02,0.744062765
9.97E-02,0.743921041
9.96E-02,0.743779315
9.98E-02,0.743637591
9.97E-02,0.743495865
9.98E-02,0.743354141
9.99E-02,0.743212421
9.98E-02,0.743070694
9.99E-02,0.742928971
9.99E-02,0.742787251
1.00E-01,0.74264553
9.99E-02,0.742503813
1.00E-01,0.742362091
1.00E-01,0.742220372
1.00E-01,0.742078653
1.00E-01,0.74193693
1.00E-01,0.741795209
1.00E-01,0.741653488
1.00E-01,0.741511765
1.00E-01,0.741370042
1.00E-01,0.741228316
1.00E-01,0.741086596
1.00E-01,0.740944875
1.00E-01,0.740803155
1.00E-01,0.740661437
1.00E-01,0.740519717
1.00E-01,0.740377998
1.00E-01,0.740236278
1.00E-01,0.740094562
1.00E-01,0.739952846
1.00E-01,0.739811129
1.00E-01,0.739669413
1.01E-01,0.739527696
1.00E-01,0.73938598
1.01E-01,0.739244263
1.01E-01,0.739102541
1.01E-01,0.73896082
1.01E-01,0.738819101
1.01E-01,0.738677386
1.01E-01,0.73853567
1.01E-01,0.738393949
1.01E-01,0.738252232
1.01E-01,0.738110517
1.01E-01,0.7379688
1.01E-01,0.737827081
1.01E-01,0.737685362
1.01E-01,0.737543644
1.01E-01,0.737401928
1.01E-01,0.737260208
1.01E-01,0.737118488
1.01E-01,0.736976769
1.01E-01,0.736835049
1.01E-01,0.73669333
1.01E-01,0.736551614
1.01E-01,0.736409899
1.02E-01,0.736268181
1.01E-01,0.736126465
1.01E-01,0.735984746
1.01E-01,0.735843027
1.02E-01,0.735701307
1.02E-01,0.73555959
1.02E-01,0.735417872
1.02E-01,0.735276152
1.02E-01,0.735134434
1.02E-01,0.734992717
1.02E-01,0.734851001
1.02E-01,0.734709287
1.02E-01,0.734567577
1.02E-01,0.734425861
1.02E-01,0.734284147
1.02E-01,0.734142431
1.02E-01,0.734000718
1.02E-01,0.733859007
1.02E-01,0.733717291
1.02E-01,0.733575576
1.02E-01,0.73343386
1.02E-01,0.733292146
1.03E-01,0.733150429
1.03E-01,0.733008712
1.03E-01,0.732866995
1.03E-01,0.732725278
1.03E-01,0.732583558
1.03E-01,0.732441842
1.03E-01,0.732300124
1.03E-01,0.732158407
1.03E-01,0.732016687
1.03E-01,0.73187496
1.03E-01,0.731733237
1.03E-01,0.731591512
1.03E-01,0.731449787
1.03E-01,0.731308066
1.04E-01,0.731166341
1.04E-01,0.731024618
1.04E-01,0.730882897
1.04E-01,0.730741174
1.04E-01,0.730599449
1.04E-01,0.730457724
1.04E-01,0.730316002
1.04E-01,0.730174281
1.04E-01,0.730032561
1.04E-01,0.729890843
1.04E-01,0.729749126
1.04E-01,0.729607407
1.05E-01,0.729465689
1.05E-01,0.72932397
1.05E-01,0.729182249
1.05E-01,0.729040531
1.05E-01,0.728898813
1.05E-01,0.728757096
1.05E-01,0.728615377
1.05E-01,0.728473654
1.05E-01,0.728331931
1.05E-01,0.728190214
1.06E-01,0.728048494
1.06E-01,0.727906773
1.06E-01,0.727765051
1.06E-01,0.72762333
1.06E-01,0.727481612
1.06E-01,0.727339896
1.06E-01,0.72719818
1.06E-01,0.727056466
1.06E-01,0.72691475
1.07E-01,0.72677303
1.07E-01,0.726631305
1.07E-01,0.726489584
1.07E-01,0.726347864
1.07E-01,0.726206144
1.07E-01,0.726064427
1.07E-01,0.725922712
1.08E-01,0.725780996
1.08E-01,0.725639279
1.08E-01,0.725497562
1.08E-01,0.725355844
1.08E-01,0.725214124
1.08E-01,0.72507241
1.08E-01,0.724930694
1.09E-01,0.724788977
1.09E-01,0.72464726
1.09E-01,0.724505544
1.09E-01,0.724363828
1.09E-01,0.724222108
1.09E-01,0.724080384
1.09E-01,0.723938664
1.09E-01,0.723796945
1.10E-01,0.723655222
1.10E-01,0.723513501
1.10E-01,0.723371783
1.10E-01,0.723230063
1.10E-01,0.723088344
1.10E-01,0.722946626
1.11E-01,0.722804911
1.11E-01,0.722663196
1.11E-01,0.722521485
1.11E-01,0.722379772
1.11E-01,0.722238057
1.11E-01,0.72209634
1.12E-01,0.721954623
1.12E-01,0.721812907
1.12E-01,0.721671187
1.12E-01,0.721529469
1.12E-01,0.721387754
1.12E-01,0.72124604
1.13E-01,0.721104322
1.13E-01,0.720962599
1.13E-01,0.720820878
1.13E-01,0.72067916
1.13E-01,0.720537441
1.13E-01,0.720395724
1.14E-01,0.720254004
1.14E-01,0.720112286
1.14E-01,0.719970572
1.14E-01,0.719828854
1.14E-01,0.719687135
1.15E-01,0.719545415
1.15E-01,0.719403697
1.15E-01,0.719261975
1.15E-01,0.719120249
1.15E-01,0.71897853
1.16E-01,0.718836812
1.16E-01,0.718695093
1.16E-01,0.718553372
1.16E-01,0.718411652
1.16E-01,0.71826993
1.16E-01,0.718128207
1.17E-01,0.717986485
1.17E-01,0.717844769
1.17E-01,0.717703049
1.17E-01,0.717561329
1.17E-01,0.71741961
1.17E-01,0.717277886
1.18E-01,0.717136161
1.18E-01,0.71699444
1.18E-01,0.716852723
1.18E-01,0.716711005
1.18E-01,0.716569283
1.19E-01,0.716427559
1.19E-01,0.716285841
1.19E-01,0.716144124
1.19E-01,0.716002408
1.19E-01,0.71586069
1.19E-01,0.715718969
1.19E-01,0.715577247
1.20E-01,0.715435526
1.20E-01,0.715293805
1.20E-01,0.715152086
1.20E-01,0.715010366
1.20E-01,0.714868646
1.21E-01,0.714726924
1.21E-01,0.714585204
1.21E-01,0.714443483
1.21E-01,0.714301762
1.21E-01,0.714160041
1.21E-01,0.714018321
1.21E-01,0.713876603
1.22E-01,0.713734883
1.22E-01,0.713593167
1.22E-01,0.713451452
1.22E-01,0.713309737
1.22E-01,0.713168018
1.22E-01,0.713026299
1.23E-01,0.712884579
1.23E-01,0.71274286
1.23E-01,0.712601139
1.23E-01,0.712459422
1.23E-01,0.712317706
1.23E-01,0.712175991
1.23E-01,0.712034274
1.23E-01,0.711892555
1.24E-01,0.711750838
1.24E-01,0.711609116
1.24E-01,0.711467393
1.24E-01,0.71132567
1.24E-01,0.711183952
1.24E-01,0.711042234
1.24E-01,0.710900513
1.24E-01,0.710758791
1.24E-01,0.71061707
1.25E-01,0.710475349
1.25E-01,0.710333629
1.25E-01,0.710191913
1.25E-01,0.710050195
1.25E-01,0.709908477
1.25E-01,0.709766758
1.25E-01,0.709625036
1.25E-01,0.709483316
1.26E-01,0.709341597
1.26E-01,0.709199877
1.26E-01,0.709058157
1.26E-01,0.708916437
1.26E-01,0.708774718
1.26E-01,0.708632994
1.26E-01,0.708491271
1.26E-01,0.708349548
1.26E-01,0.708207821
1.27E-01,0.708066097
1.26E-01,0.707924376
1.27E-01,0.707782655
1.27E-01,0.707640937
1.27E-01,0.707499222
1.27E-01,0.707357504
1.27E-01,0.707215783
1.27E-01,0.707074062
1.27E-01,0.706932341
1.27E-01,0.706790619
1.27E-01,0.706648898
1.27E-01,0.706507172
1.27E-01,0.706365448
1.28E-01,0.706223725
1.28E-01,0.706081998
1.28E-01,0.705940275
1.28E-01,0.705798553
1.28E-01,0.705656831
1.28E-01,0.705515107
1.28E-01,0.705373385
1.28E-01,0.705231661
1.28E-01,0.705089941
1.28E-01,0.704948219
1.28E-01,0.704806495
1.28E-01,0.704664774
1.28E-01,0.704523055
1.28E-01,0.704381333
1.28E-01,0.704239611
1.28E-01,0.704097896
1.29E-01,0.703956178
1.29E-01,0.703814461
1.29E-01,0.703672745
1.29E-01,0.703531028
1.29E-01,0.703389312
1.29E-01,0.703247599
1.29E-01,0.703105883
1.29E-01,0.702964166
1.29E-01,0.702822448
1.29E-01,0.702680731
1.29E-01,0.702539016
1.29E-01,0.702397294
1.29E-01,0.702255573
1.30E-01,0.702113857
1.30E-01,0.701972143
1.29E-01,0.701830425
1.30E-01,0.701688704
1.30E-01,0.701546984
1.30E-01,0.701405259
1.30E-01,0.701263536
1.30E-01,0.701121814
1.30E-01,0.700980094
1.30E-01,0.700838374
1.30E-01,0.700696655
1.30E-01,0.700554939
1.30E-01,0.700413221
1.30E-01,0.700271505
1.30E-01,0.700129787
1.30E-01,0.699988071
1.30E-01,0.699846352
1.30E-01,0.699704634
1.30E-01,0.699562915
1.30E-01,0.699421201
1.30E-01,0.699279486
1.30E-01,0.699137773
1.30E-01,0.698996059
1.31E-01,0.698854343
1.31E-01,0.698712628
1.31E-01,0.698570911
1.31E-01,0.698429193
1.31E-01,0.698287476
1.31E-01,0.69814576
1.31E-01,0.698004043
1.31E-01,0.697862328
1.31E-01,0.697720614
1.31E-01,0.697578897
1.31E-01,0.69743718
1.31E-01,0.697295467
1.31E-01,0.697153754
1.31E-01,0.69701204
1.31E-01,0.696870325
1.31E-01,0.69672861
1.31E-01,0.696586896
1.31E-01,0.696445183
1.31E-01,0.696303469
1.31E-01,0.696161755
1.31E-01,0.696020045
1.32E-01,0.695878335
1.32E-01,0.695736622
1.32E-01,0.695594911
1.32E-01,0.695453203
1.32E-01,0.695311497
1.32E-01,0.695169786
1.32E-01,0.695028074
1.32E-01,0.694886366
1.32E-01,0.694744654
1.32E-01,0.694602941
1.32E-01,0.694461223
1.32E-01,0.694319505
1.32E-01,0.694177788
1.32E-01,0.694036075
1.32E-01,0.693894359
1.32E-01,0.693752642
1.32E-01,0.693610922
1.32E-01,0.693469202
1.32E-01,0.693327482
1.32E-01,0.69318576
1.32E-01,0.693044042
1.32E-01,0.692902325
1.32E-01,0.692760606
1.32E-01,0.692618889
1.32E-01,0.69247717
1.32E-01,0.692335451
1.32E-01,0.692193732
1.32E-01,0.692052012
1.32E-01,0.691910291
1.32E-01,0.691768565
1.33E-01,0.691626842
1.33E-01,0.691485121
1.33E-01,0.6913434
1.32E-01,0.691201678
1.33E-01,0.691059957
1.33E-01,0.690918238
1.33E-01,0.690776522
1.33E-01,0.690634806
1.33E-01,0.69049309
1.33E-01,0.690351375
1.33E-01,0.690209659
1.33E-01,0.69006794
1.33E-01,0.689926221
1.33E-01,0.689784499
1.33E-01,0.689642778
1.33E-01,0.689501059
1.33E-01,0.689359341
1.33E-01,0.689217625
1.33E-01,0.68907591
1.33E-01,0.688934193
1.33E-01,0.688792477
1.33E-01,0.688650758
1.33E-01,0.68850904
1.33E-01,0.68836732
1.33E-01,0.688225602
1.33E-01,0.68808388
1.33E-01,0.687942161
1.33E-01,0.687800441
1.33E-01,0.687658721
1.33E-01,0.687517001
1.33E-01,0.687375281
1.33E-01,0.68723356
1.33E-01,0.68709184
1.33E-01,0.686950121
1.33E-01,0.686808401
1.33E-01,0.686666684
1.33E-01,0.686524965
1.33E-01,0.686383248
1.33E-01,0.686241524
1.33E-01,0.686099802
1.33E-01,0.685958078
1.33E-01,0.685816354
1.34E-01,0.685674633
1.33E-01,0.685532913
1.33E-01,0.685391197
1.33E-01,0.68524948
1.33E-01,0.68510776
1.34E-01,0.684966037
1.33E-01,0.684824318
1.33E-01,0.684682598
1.34E-01,0.684540879
1.34E-01,0.684399157
1.34E-01,0.684257435
1.34E-01,0.684115711
1.34E-01,0.683973989
1.34E-01,0.683832267
1.34E-01,0.683690545
1.34E-01,0.683548819
1.34E-01,0.683407096
1.34E-01,0.683265373
1.34E-01,0.683123651
1.34E-01,0.682981931
1.34E-01,0.682840214
1.34E-01,0.682698496
1.34E-01,0.682556781
1.34E-01,0.682415062
1.34E-01,0.682273342
1.34E-01,0.682131624
1.34E-01,0.681989907
1.34E-01,0.68184819
1.34E-01,0.681706478
1.34E-01,0.681564767
1.34E-01,0.681423056
1.34E-01,0.681281344
1.34E-01,0.681139624
1.34E-01,0.680997904
1.34E-01,0.680856186
1.34E-01,0.680714472
1.34E-01,0.680572757
1.34E-01,0.680431042
1.34E-01,0.680289329
1.34E-01,0.680147614
1.34E-01,0.680005901
1.34E-01,0.679864185
1.34E-01,0.67972247
1.34E-01,0.679580751
1.34E-01,0.679439033
1.34E-01,0.679297313
1.34E-01,0.679155596
1.34E-01,0.67901388
1.34E-01,0.678872164
1.34E-01,0.678730446
1.34E-01,0.678588727
1.34E-01,0.678447008
1.34E-01,0.678305292
1.34E-01,0.678163573
1.34E-01,0.678021854
1.34E-01,0.677880134
1.34E-01,0.677738414
1.34E-01,0.677596695
1.34E-01,0.677454978
1.34E-01,0.677313262
1.34E-01,0.677171543
1.34E-01,0.677029825
1.34E-01,0.676888105
1.34E-01,0.676746387
1.35E-01,0.676604668
1.34E-01,0.676462945
1.35E-01,0.676321228
1.34E-01,0.676179514
1.35E-01,0.676037795
1.35E-01,0.675896077
1.34E-01,0.67575436
1.34E-01,0.675612641
1.35E-01,0.675470922
1.35E-01,0.675329202
1.35E-01,0.675187479
1.35E-01,0.675045757
1.35E-01,0.67490404
1.34E-01,0.674762324
1.35E-01,0.67462061
1.35E-01,0.674478891
1.35E-01,0.67433717
1.35E-01,0.674195446
1.35E-01,0.674053723
1.35E-01,0.673912
1.35E-01,0.673770279
1.35E-01,0.673628559
1.35E-01,0.673486842
1.35E-01,0.673345122
1.35E-01,0.673203397
1.35E-01,0.673061675
1.35E-01,0.672919955
1.35E-01,0.672778239
1.35E-01,0.672636522
1.35E-01,0.672494808
1.35E-01,0.672353096
1.35E-01,0.672211382
1.35E-01,0.672069665
1.35E-01,0.67192795
1.35E-01,0.671786237
1.35E-01,0.671644519
1.35E-01,0.671502801
1.35E-01,0.671361085
1.35E-01,0.671219371
1.35E-01,0.671077656
1.35E-01,0.670935935
1.35E-01,0.670794218
1.35E-01,0.670652501
1.35E-01,0.670510785
1.35E-01,0.670369068
1.35E-01,0.670227353
1.35E-01,0.670085637
1.35E-01,0.66994392
1.35E-01,0.669802202
1.35E-01,0.669660482
1.35E-01,0.66951876
1.35E-01,0.669377042
1.35E-01,0.669235326
1.35E-01,0.669093607
1.35E-01,0.668951896
1.35E-01,0.668810184
1.35E-01,0.668668468
1.35E-01,0.668526753
1.35E-01,0.668385036
1.35E-01,0.668243318
1.35E-01,0.668101602
1.35E-01,0.667959885
1.35E-01,0.667818169
1.35E-01,0.667676453
1.35E-01,0.667534736
1.35E-01,0.667393019
1.35E-01,0.667251308
1.35E-01,0.667109593
1.35E-01,0.666967878
1.35E-01,0.666826163
1.35E-01,0.666684443
1.35E-01,0.666542723
1.35E-01,0.666401006
1.35E-01,0.666259291
1.35E-01,0.666117572
1.35E-01,0.665975851
1.35E-01,0.665834131
1.35E-01,0.665692413
1.35E-01,0.665550694
1.35E-01,0.665408979
1.35E-01,0.665267265
1.35E-01,0.665125547
1.35E-01,0.664983827
1.35E-01,0.664842105
1.35E-01,0.664700384
1.35E-01,0.664558663
1.35E-01,0.66441694
1.35E-01,0.664275218
1.35E-01,0.664133502
1.35E-01,0.663991782
1.35E-01,0.663850064
1.35E-01,0.663708345
1.35E-01,0.663566631
1.35E-01,0.663424915
1.35E-01,0.6632832
1.35E-01,0.663141481
1.35E-01,0.662999758
1.35E-01,0.662858034
1.35E-01,0.66271631
1.35E-01,0.662574588
1.35E-01,0.662432865
1.35E-01,0.662291146
1.35E-01,0.662149428
1.35E-01,0.662007714
1.35E-01,0.661866
1.35E-01,0.661724279
1.35E-01,0.661582562
1.36E-01,0.661440846
1.35E-01,0.661299133
1.36E-01,0.661157418
1.35E-01,0.661015701
1.36E-01,0.66087398
1.35E-01,0.660732258
1.36E-01,0.660590536
1.36E-01,0.660448815
1.36E-01,0.660307093
1.36E-01,0.660165369
1.36E-01,0.660023647
1.35E-01,0.65988192
1.36E-01,0.659740197
1.36E-01,0.659598478
1.36E-01,0.65945676
1.36E-01,0.659315041
1.36E-01,0.65917332
1.36E-01,0.659031604
1.36E-01,0.658889885
1.36E-01,0.658748167
1.36E-01,0.658606448
1.36E-01,0.65846473
1.36E-01,0.65832301
1.36E-01,0.658181289
1.36E-01,0.658039572
1.36E-01,0.657897856
1.36E-01,0.657756135
1.36E-01,0.657614414
1.36E-01,0.657472691
1.36E-01,0.657330967
1.36E-01,0.657189248
1.36E-01,0.657047531
1.36E-01,0.656905814
1.36E-01,0.656764097
1.36E-01,0.656622377
1.36E-01,0.656480658
1.36E-01,0.656338938
1.36E-01,0.65619722
1.36E-01,0.656055501
1.36E-01,0.655913782
1.36E-01,0.655772065
1.36E-01,0.655630347
1.36E-01,0.655488629
1.36E-01,0.655346911
1.36E-01,0.655205196
1.36E-01,0.655063481
1.36E-01,0.654921763
1.36E-01,0.654780049
1.36E-01,0.654638335
1.36E-01,0.654496616
1.36E-01,0.654354896
1.36E-01,0.654213177
1.36E-01,0.654071458
1.36E-01,0.65392974
1.36E-01,0.653788024
1.36E-01,0.653646307
1.36E-01,0.65350459
1.36E-01,0.653362873
1.36E-01,0.653221158
1.36E-01,0.653079443
1.36E-01,0.652937724
1.36E-01,0.652796003
1.36E-01,0.652654281
1.36E-01,0.652512561
1.36E-01,0.652370842
1.36E-01,0.652229125
1.36E-01,0.652087408
1.36E-01,0.651945689
1.36E-01,0.651803967
1.36E-01,0.651662249
1.36E-01,0.651520527
1.36E-01,0.651378808
1.36E-01,0.651237093
1.36E-01,0.651095375
1.36E-01,0.650953656
1.36E-01,0.650811934
1.36E-01,0.650670212
1.36E-01,0.650528492
1.36E-01,0.650386773
1.36E-01,0.650245055
1.36E-01,0.650103336
1.36E-01,0.649961617
1.36E-01,0.649819898
1.36E-01,0.649678177
1.36E-01,0.649536454
1.36E-01,0.649394731
1.36E-01,0.64925301
1.36E-01,0.649111289
1.36E-01,0.648969567
1.36E-01,0.648827845
1.36E-01,0.648686125
1.36E-01,0.648544404
1.36E-01,0.648402685
1.36E-01,0.648260967
1.36E-01,0.648119248
1.36E-01,0.647977529
1.36E-01,0.647835813
1.36E-01,0.647694096
1.36E-01,0.647552374
1.36E-01,0.647410653
1.36E-01,0.647268932
1.36E-01,0.647127214
1.36E-01,0.646985496
1.36E-01,0.646843778
1.36E-01,0.646702063
1.36E-01,0.646560349
1.36E-01,0.646418631
1.36E-01,0.646276915
1.36E-01,0.646135199
1.36E-01,0.645993481
1.36E-01,0.645851764
1.36E-01,0.645710047
1.36E-01,0.645568331
1.36E-01,0.645426612
1.36E-01,0.645284891
1.36E-01,0.64514317
1.36E-01,0.645001449
1.36E-01,0.64485973
1.36E-01,0.644718012
1.36E-01,0.644576295
1.36E-01,0.644434576
1.36E-01,0.644292856
1.36E-01,0.644151136
1.36E-01,0.644009413
1.36E-01,0.643867691
1.36E-01,0.643725967
1.36E-01,0.643584244
1.36E-01,0.643442523
1.36E-01,0.643300803
1.36E-01,0.643159086
1.36E-01,0.643017371
1.36E-01,0.642875654
1.36E-01,0.642733936
1.36E-01,0.642592214
1.36E-01,0.642450493
1.36E-01,0.642308774
1.36E-01,0.642167057
1.36E-01,0.642025341
1.36E-01,0.641883627
1.36E-01,0.641741909
1.36E-01,0.64160019
1.36E-01,0.641458473
1.36E-01,0.641316758
1.36E-01,0.641175043
1.36E-01,0.641033329
1.36E-01,0.640891618
1.36E-01,0.640749906
1.36E-01,0.640608188
1.36E-01,0.64046647
1.36E-01,0.640324753
1.37E-01,0.640183037
1.36E-01,0.640041319
1.36E-01,0.639899604
1.36E-01,0.639757884
1.36E-01,0.639616163
1.36E-01,0.639474446
1.36E-01,0.639332728
1.36E-01,0.639191008
1.36E-01,0.639049285
1.36E-01,0.638907563
1.36E-01,0.638765841
1.36E-01,0.638624118
1.36E-01,0.638482398
1.36E-01,0.638340676
1.36E-01,0.63819895
1.36E-01,0.638057223
1.37E-01,0.637915501
1.36E-01,0.63777378
1.36E-01,0.637632058
1.36E-01,0.637490337
1.36E-01,0.637348619
1.37E-01,0.637206901
1.36E-01,0.637065182
1.37E-01,0.636923465
1.36E-01,0.636781747
1.37E-01,0.636640029
1.36E-01,0.636498309
1.37E-01,0.636356588
1.36E-01,0.63621487
1.37E-01,0.63607316
1.37E-01,0.635931449
1.36E-01,0.635789734
1.36E-01,0.635648018
1.37E-01,0.635506299
1.37E-01,0.63536458
1.37E-01,0.635222861
1.36E-01,0.635081142
1.36E-01,0.634939421
1.36E-01,0.634797703
1.36E-01,0.634655985
1.37E-01,0.634514266
1.37E-01,0.634372544
1.37E-01,0.634230825
1.37E-01,0.63408911
1.37E-01,0.633947391
1.37E-01,0.633805673
1.37E-01,0.633663954
1.37E-01,0.633522235
1.37E-01,0.633380518
1.37E-01,0.633238799
1.37E-01,0.633097082
1.37E-01,0.632955366
1.37E-01,0.632813654
1.37E-01,0.632671938
1.37E-01,0.632530221
1.37E-01,0.632388506
1.37E-01,0.632246787
1.37E-01,0.63210507
1.37E-01,0.631963355
1.37E-01,0.63182164
1.37E-01,0.631679922
1.36E-01,0.631538201
1.37E-01,0.631396479
1.37E-01,0.631254758
1.37E-01,0.631113039
1.37E-01,0.63097132
1.37E-01,0.630829603
1.37E-01,0.630687887
1.37E-01,0.630546169
1.37E-01,0.630404447
1.37E-01,0.630262729
1.37E-01,0.630121012
1.37E-01,0.629979296
1.37E-01,0.629837577
1.37E-01,0.629695857
1.37E-01,0.629554137
1.37E-01,0.629412422
1.37E-01,0.62927071
1.37E-01,0.629128995
1.37E-01,0.628987278
1.37E-01,0.628845561
1.37E-01,0.628703844
1.37E-01,0.628562125
1.37E-01,0.628420404
1.37E-01,0.628278683
1.37E-01,0.62813696
1.37E-01,0.627995236
1.37E-01,0.627853513
1.37E-01,0.62771179
1.37E-01,0.627570063
1.37E-01,0.627428338
1.37E-01,0.627286616
1.37E-01,0.627144893
1.37E-01,0.627003173
1.37E-01,0.626861451
1.37E-01,0.626719728
1.37E-01,0.626578006
1.37E-01,0.626436288
1.37E-01,0.626294568
1.37E-01,0.626152848
1.37E-01,0.626011128
1.37E-01,0.62586941
1.37E-01,0.625727691
1.37E-01,0.625585971
1.37E-01,0.625444254
1.37E-01,0.625302536
1.37E-01,0.625160819
1.37E-01,0.625019097
1.37E-01,0.624877378
1.37E-01,0.624735657
1.37E-01,0.62459394
1.37E-01,0.624452222
1.37E-01,0.624310503
1.37E-01,0.624168784
1.37E-01,0.624027066
1.37E-01,0.623885348
1.37E-01,0.623743629
1.37E-01,0.623601912
1.37E-01,0.623460193
1.37E-01,0.623318473
1.37E-01,0.623176751
1.37E-01,0.623035032
1.37E-01,0.622893311
1.37E-01,0.62275159
1.37E-01,0.622609869
1.37E-01,0.622468148
1.37E-01,0.622326425
1.37E-01,0.622184702
1.37E-01,0.62204298
1.37E-01,0.621901256
1.37E-01,0.621759534
1.37E-01,0.621617815
1.37E-01,0.621476095
1.37E-01,0.621334374
1.37E-01,0.621192652
1.37E-01,0.621050932
1.37E-01,0.620909211
1.37E-01,0.62076749
1.37E-01,0.620625769
1.37E-01,0.620484047
1.37E-01,0.620342328
1.37E-01,0.620200609
1.37E-01,0.620058893
1.37E-01,0.619917175
1.37E-01,0.619775454
1.37E-01,0.619633733
1.37E-01,0.619492017
1.37E-01,0.619350298
1.37E-01,0.619208578
1.37E-01,0.619066858
1.37E-01,0.618925138
1.37E-01,0.618783419
1.37E-01,0.618641698
1.37E-01,0.618499978
1.37E-01,0.618358257
1.37E-01,0.618216538
1.37E-01,0.618074815
1.37E-01,0.617933094
1.37E-01,0.617791366
1.37E-01,0.617649641
1.37E-01,0.617507917
1.37E-01,0.617366192
1.37E-01,0.617224469
1.37E-01,0.617082746
1.37E-01,0.616941024
1.37E-01,0.616799299
1.37E-01,0.616657575
1.37E-01,0.616515852
1.37E-01,0.616374131
1.37E-01,0.616232409
1.37E-01,0.616090686
1.37E-01,0.615948963
1.37E-01,0.615807236
1.37E-01,0.61566551
1.37E-01,0.615523786
1.37E-01,0.615382065
1.37E-01,0.615240342
1.37E-01,0.615098616
1.37E-01,0.614956891
1.37E-01,0.614815163
1.37E-01,0.614673438
1.37E-01,0.614531716
1.37E-01,0.614389991
1.37E-01,0.614248268
1.37E-01,0.614106545
1.37E-01,0.613964824
1.37E-01,0.613823106
1.37E-01,0.613681391
1.37E-01,0.613539676
1.37E-01,0.613397959
1.37E-01,0.613256241
1.37E-01,0.613114523
1.37E-01,0.612972805
1.37E-01,0.612831089
1.37E-01,0.612689368
1.37E-01,0.612547647
1.37E-01,0.612405927
1.37E-01,0.612264203
1.37E-01,0.612122479
1.37E-01,0.611980755
1.37E-01,0.611839033
1.37E-01,0.61169731
1.37E-01,0.611555589
1.37E-01,0.611413869
1.37E-01,0.611272153
1.37E-01,0.611130438
1.37E-01,0.610988721
1.37E-01,0.610847002
1.37E-01,0.610705282
1.37E-01,0.61056356
1.37E-01,0.610421838
1.37E-01,0.610280118
1.37E-01,0.610138396
1.37E-01,0.609996679
1.37E-01,0.609854962
1.37E-01,0.609713243
1.37E-01,0.609571522
1.37E-01,0.609429803
1.37E-01,0.609288081
1.37E-01,0.609146358
1.37E-01,0.609004635
1.37E-01,0.608862908
1.37E-01,0.608721184
1.37E-01,0.608579458
1.37E-01,0.608437729
1.37E-01,0.608296003
1.37E-01,0.608154281
1.37E-01,0.608012561
1.37E-01,0.607870842
1.37E-01,0.607729125
1.37E-01,0.60758741
1.37E-01,0.607445687
1.37E-01,0.607303964
1.37E-01,0.607162241
1.37E-01,0.607020516
1.37E-01,0.606878794
1.37E-01,0.606737073
1.38E-01,0.606595353
1.37E-01,0.606453633
1.37E-01,0.606311911
1.37E-01,0.606170192
1.37E-01,0.60602847
1.37E-01,0.605886749
1.37E-01,0.605745026
1.37E-01,0.605603306
1.37E-01,0.605461584
1.37E-01,0.605319864
1.38E-01,0.605178144
1.37E-01,0.605036424
1.37E-01,0.604894705
1.37E-01,0.604752988
1.37E-01,0.60461127
1.37E-01,0.604469552
1.37E-01,0.604327828
1.38E-01,0.604186103
1.38E-01,0.604044381
1.37E-01,0.603902661
1.37E-01,0.60376094
1.37E-01,0.603619223
1.37E-01,0.603477503
1.37E-01,0.60333578
1.37E-01,0.603194059
1.38E-01,0.603052339
1.38E-01,0.602910618
1.37E-01,0.6027689
1.37E-01,0.602627181
1.38E-01,0.602485458
1.38E-01,0.602343738
1.38E-01,0.602202019
1.38E-01,0.602060301
1.38E-01,0.60191858
1.37E-01,0.601776858
1.37E-01,0.601635137
1.38E-01,0.601493414
1.37E-01,0.601351689
1.38E-01,0.601209966
1.38E-01,0.601068246
1.38E-01,0.600926528
1.38E-01,0.600784813
1.38E-01,0.600643094
1.38E-01,0.600501376
1.38E-01,0.600359654
1.38E-01,0.600217936
1.38E-01,0.600076216
1.38E-01,0.599934494
1.38E-01,0.599792771
1.38E-01,0.599651046
1.38E-01,0.599509324
1.38E-01,0.599367602
1.38E-01,0.599225879
1.38E-01,0.599084154
1.38E-01,0.598942431
1.38E-01,0.598800704
1.38E-01,0.598658977
1.38E-01,0.598517249
1.38E-01,0.598375525
1.38E-01,0.598233803
1.38E-01,0.598092077
1.38E-01,0.597950356
1.38E-01,0.597808637
1.38E-01,0.597666917
1.38E-01,0.597525197
1.38E-01,0.597383472
1.38E-01,0.597241743
1.38E-01,0.597100018
1.38E-01,0.596958293
1.38E-01,0.596816566
1.38E-01,0.596674839
1.38E-01,0.59653311
1.38E-01,0.596391382
1.38E-01,0.596249652
1.38E-01,0.596107921
1.38E-01,0.595966189
1.38E-01,0.595824457
1.38E-01,0.595682727
1.38E-01,0.595540995
1.38E-01,0.595399266
1.38E-01,0.595257543
1.38E-01,0.59511582
1.38E-01,0.594974093
1.38E-01,0.594832368
1.38E-01,0.594690646
1.38E-01,0.59454892
1.38E-01,0.594407193
1.38E-01,0.594265467
1.38E-01,0.594123742
1.38E-01,0.593982015
1.38E-01,0.593840291
1.38E-01,0.593698566
1.38E-01,0.593556843
1.38E-01,0.593415119
1.38E-01,0.593273396
1.38E-01,0.593131678
1.38E-01,0.592989955
1.38E-01,0.592848231
1.38E-01,0.592706507
1.38E-01,0.592564785
1.38E-01,0.592423063
1.38E-01,0.592281341
1.38E-01,0.592139621
1.38E-01,0.591997902
1.38E-01,0.59185618
1.38E-01,0.591714461
1.38E-01,0.591572743
1.38E-01,0.591431019
1.38E-01,0.591289297
1.38E-01,0.591147576
1.38E-01,0.591005854
1.38E-01,0.590864133
1.38E-01,0.590722415
1.38E-01,0.590580697
1.38E-01,0.590438977
1.38E-01,0.590297253
1.38E-01,0.590155531
1.38E-01,0.590013813
1.38E-01,0.589872094
1.38E-01,0.589730374
1.38E-01,0.589588653
1.38E-01,0.589446932
1.38E-01,0.589305206
1.38E-01,0.58916348
1.38E-01,0.589021752
1.38E-01,0.588880028
1.38E-01,0.588738305
1.38E-01,0.588596581
1.38E-01,0.588454858
1.38E-01,0.588313135
1.38E-01,0.588171411
1.38E-01,0.588029689
1.38E-01,0.587887966
1.38E-01,0.58774624
1.38E-01,0.587604512
1.38E-01,0.587462789
1.38E-01,0.587321064
1.38E-01,0.58717934
1.38E-01,0.587037617
1.38E-01,0.586895895
1.38E-01,0.586754175
1.38E-01,0.586612456
1.38E-01,0.586470735
1.38E-01,0.586329013
1.38E-01,0.58618729
1.38E-01,0.586045569
1.38E-01,0.585903849
1.38E-01,0.585762128
1.38E-01,0.585620403
1.38E-01,0.585478675
1.38E-01,0.58533695
1.38E-01,0.58519523
1.38E-01,0.585053509
1.38E-01,0.584911789
1.38E-01,0.584770066
1.38E-01,0.584628342
1.38E-01,0.584486616
1.38E-01,0.584344891
1.38E-01,0.58420317
1.38E-01,0.584061451
1.38E-01,0.583919729
1.38E-01,0.583778006
1.38E-01,0.583636285
1.38E-01,0.583494563
1.38E-01,0.583352841
1.38E-01,0.583211117
1.38E-01,0.583069394
1.38E-01,0.582927672
1.38E-01,0.582785951
1.38E-01,0.582644234
1.38E-01,0.582502514
1.38E-01,0.58236079
1.39E-01,0.582219064
1.38E-01,0.582077337
1.38E-01,0.58193561
1.38E-01,0.581793884
1.38E-01,0.581652162
1.39E-01,0.581510442
1.39E-01,0.581368723
1.38E-01,0.581227004
1.39E-01,0.581085286
1.39E-01,0.580943565
1.38E-01,0.580801846
1.39E-01,0.580660125
1.38E-01,0.580518405
1.38E-01,0.580376685
1.39E-01,0.580234965
1.39E-01,0.580093249
1.39E-01,0.579951532
1.39E-01,0.579809813
1.39E-01,0.579668091
1.38E-01,0.57952637
1.39E-01,0.579384646
1.39E-01,0.579242923
1.39E-01,0.579101194
1.39E-01,0.578959468
1.39E-01,0.578817743
1.39E-01,0.578676018
1.39E-01,0.578534294
1.39E-01,0.578392567
1.39E-01,0.578250841
1.39E-01,0.578109116
1.39E-01,0.577967394
1.39E-01,0.577825668
1.39E-01,0.577683941
1.39E-01,0.577542214
1.39E-01,0.57740049
1.39E-01,0.577258766
1.39E-01,0.57711704
1.39E-01,0.576975318
1.39E-01,0.576833593
1.39E-01,0.576691871
1.39E-01,0.576550147
1.39E-01,0.576408421
1.39E-01,0.576266695
1.39E-01,0.576124971
1.39E-01,0.575983252
1.39E-01,0.575841529
1.39E-01,0.575699807
1.39E-01,0.575558083
1.39E-01,0.57541636
1.39E-01,0.575274634
1.39E-01,0.575132912
1.39E-01,0.574991193
1.39E-01,0.574849473
1.39E-01,0.574707746
1.39E-01,0.574566015
1.39E-01,0.574424288
1.39E-01,0.574282562
1.39E-01,0.574140838
1.39E-01,0.573999115
1.39E-01,0.573857393
1.39E-01,0.573715673
1.39E-01,0.573573953
1.39E-01,0.573432233
1.39E-01,0.573290511
1.39E-01,0.57314879
1.39E-01,0.573007068
1.39E-01,0.572865346
1.39E-01,0.57272362
1.39E-01,0.572581895
1.39E-01,0.57244017
1.39E-01,0.572298446
1.39E-01,0.572156721
1.39E-01,0.572014993
1.39E-01,0.571873267
1.39E-01,0.571731539
1.39E-01,0.571589812
1.39E-01,0.571448084
1.39E-01,0.571306358
1.39E-01,0.571164635
1.39E-01,0.571022914
1.39E-01,0.57088119
1.39E-01,0.570739466
1.39E-01,0.57059774
1.39E-01,0.570456015
1.39E-01,0.570314293
1.39E-01,0.57017257
1.39E-01,0.570030848
1.39E-01,0.569889124
1.39E-01,0.569747399
1.39E-01,0.569605668
1.39E-01,0.569463935
1.39E-01,0.569322204
1.39E-01,0.569180477
1.39E-01,0.56903875
1.39E-01,0.568897022
1.40E-01,0.568755293
1.40E-01,0.56861356
1.40E-01,0.56847183
1.40E-01,0.5683301
1.40E-01,0.568188369
1.40E-01,0.56804664
1.40E-01,0.567904914
1.40E-01,0.567763188
1.40E-01,0.567621457
1.40E-01,0.567479727
1.40E-01,0.567337998
1.40E-01,0.567196269
1.40E-01,0.567054543
1.40E-01,0.566912818
1.40E-01,0.566771094
1.40E-01,0.566629368
1.40E-01,0.566487643
1.40E-01,0.56634592
1.40E-01,0.566204196
1.40E-01,0.56606247
1.40E-01,0.565920746
1.40E-01,0.565779023
1.40E-01,0.565637301
1.40E-01,0.565495578
1.40E-01,0.565353857
1.40E-01,0.565212135
1.40E-01,0.565070415
1.40E-01,0.564928698
1.40E-01,0.564786981
1.40E-01,0.564645264
1.40E-01,0.564503542
1.40E-01,0.564361818
1.40E-01,0.564220094
1.40E-01,0.564078373
1.40E-01,0.563936652
1.40E-01,0.563794931
1.40E-01,0.563653208
1.40E-01,0.563511481
1.40E-01,0.56336976
1.40E-01,0.563228037
1.40E-01,0.563086315
1.41E-01,0.562944593
1.41E-01,0.562802871
1.41E-01,0.56266115
1.40E-01,0.562519428
1.41E-01,0.562377706
1.40E-01,0.562235983
1.41E-01,0.562094262
1.41E-01,0.561952536
1.41E-01,0.561810813
1.41E-01,0.561669088
1.41E-01,0.561527364
1.41E-01,0.561385642
1.41E-01,0.561243916
1.41E-01,0.561102191
1.41E-01,0.560960469
1.41E-01,0.560818746
1.41E-01,0.560677023
1.41E-01,0.560535299
1.41E-01,0.560393573
1.41E-01,0.560251846
1.41E-01,0.560110127
1.41E-01,0.559968405
1.41E-01,0.559826683
1.41E-01,0.559684959
1.41E-01,0.559543237
1.41E-01,0.559401512
1.41E-01,0.559259788
1.41E-01,0.559118063
1.41E-01,0.558976341
1.41E-01,0.558834621
1.42E-01,0.558692901
1.42E-01,0.55855118
1.42E-01,0.558409458
1.42E-01,0.558267732
1.42E-01,0.558126005
1.42E-01,0.557984277
1.42E-01,0.557842549
1.42E-01,0.557700819
1.42E-01,0.557559091
1.42E-01,0.557417365
1.42E-01,0.557275643
1.42E-01,0.55713392
1.42E-01,0.556992198
1.42E-01,0.556850477
1.42E-01,0.556708757
1.42E-01,0.556567035
1.42E-01,0.556425313
1.42E-01,0.556283587
1.42E-01,0.55614186
1.42E-01,0.556000136
1.42E-01,0.555858416
1.42E-01,0.555716696
1.42E-01,0.555574971
1.43E-01,0.555433247
1.43E-01,0.555291522
1.43E-01,0.555149796
1.43E-01,0.555008064
1.43E-01,0.554866322
1.43E-01,0.554724571
1.43E-01,0.554582811
1.43E-01,0.554441046
1.43E-01,0.554299279
1.43E-01,0.554157512
1.43E-01,0.554015741
1.43E-01,0.553873966
1.43E-01,0.553732188
1.43E-01,0.553590414
1.43E-01,0.553448635
1.43E-01,0.553306861
1.44E-01,0.553165085
1.44E-01,0.553023302
1.44E-01,0.552881526
1.44E-01,0.552739758
1.44E-01,0.552597995
1.44E-01,0.552456237
1.44E-01,0.552314486
1.44E-01,0.552172731
1.44E-01,0.552030974
1.44E-01,0.551889215
1.44E-01,0.551747451
1.44E-01,0.551605682
1.44E-01,0.551463911
1.44E-01,0.551322141
1.44E-01,0.551180371
1.45E-01,0.551038602
1.45E-01,0.550896834
1.45E-01,0.550755069
1.45E-01,0.550613302
1.45E-01,0.550471535
1.45E-01,0.550329762
1.45E-01,0.550187993
1.45E-01,0.550046226
1.45E-01,0.549904461
1.45E-01,0.549762693
1.45E-01,0.549620924
1.45E-01,0.549479156
1.45E-01,0.549337387
1.45E-01,0.549195614
1.46E-01,0.549053841
1.46E-01,0.548912067
1.46E-01,0.548770295
1.46E-01,0.548628523
1.46E-01,0.548486753
1.46E-01,0.548344982
1.46E-01,0.54820321
1.46E-01,0.548061431
1.46E-01,0.547919654
1.46E-01,0.547777882
1.46E-01,0.547636107
1.46E-01,0.547494331
1.46E-01,0.547352552
1.46E-01,0.547210775
1.47E-01,0.547068994
1.47E-01,0.546927214
1.47E-01,0.546785431
1.47E-01,0.546643646
1.47E-01,0.546501864
1.47E-01,0.546360079
1.47E-01,0.546218293
1.47E-01,0.546076504
1.47E-01,0.545934719
1.47E-01,0.545792936
1.47E-01,0.545651157
1.47E-01,0.545509379
1.47E-01,0.545367606
1.47E-01,0.545225836
1.48E-01,0.545084065
1.48E-01,0.544942297
1.48E-01,0.544800525
1.48E-01,0.544658756
1.48E-01,0.544516985
1.48E-01,0.544375216
1.48E-01,0.54423344
1.48E-01,0.544091665
1.48E-01,0.543949891
1.48E-01,0.543808117
1.48E-01,0.543666342
1.48E-01,0.543524566
1.48E-01,0.543382791
1.48E-01,0.543241016
1.48E-01,0.543099239
1.49E-01,0.54295746
1.49E-01,0.542815681
1.49E-01,0.542673904
1.49E-01,0.542532128
1.49E-01,0.542390351
1.49E-01,0.542248576
1.49E-01,0.5421068
1.49E-01,0.541965022
1.49E-01,0.541823243
1.49E-01,0.541681465
1.49E-01,0.541539686
1.49E-01,0.541397907
1.49E-01,0.541256127
1.49E-01,0.541114345
1.50E-01,0.540972564
1.50E-01,0.540830784
1.50E-01,0.540689002
1.50E-01,0.540547219
1.50E-01,0.540405432
1.50E-01,0.540263649
1.50E-01,0.540121869
1.50E-01,0.539980092
1.50E-01,0.539838314
1.50E-01,0.539696535
1.50E-01,0.539554756
1.50E-01,0.539412979
1.51E-01,0.539271202
1.51E-01,0.539129421
1.51E-01,0.538987637
1.51E-01,0.538845851
1.51E-01,0.538704068
1.51E-01,0.538562282
1.51E-01,0.538420496
1.51E-01,0.538278712
1.51E-01,0.538136928
1.51E-01,0.537995146
1.51E-01,0.537853361
1.51E-01,0.537711576
1.51E-01,0.537569796
1.52E-01,0.537428017
1.52E-01,0.537286235
1.52E-01,0.537144457
1.52E-01,0.537002676
1.52E-01,0.536860895
1.52E-01,0.536719114
1.52E-01,0.536577328
1.52E-01,0.536435543
1.52E-01,0.536293762
1.52E-01,0.536151983
1.52E-01,0.536010203
1.52E-01,0.535868424
1.52E-01,0.535726644
1.53E-01,0.535584866
1.53E-01,0.535443086
1.53E-01,0.535301304
1.53E-01,0.535159526
1.53E-01,0.535017749
1.53E-01,0.534875968
1.53E-01,0.534734189
1.53E-01,0.534592409
1.53E-01,0.534450627
1.53E-01,0.53430885
1.53E-01,0.534167072
1.53E-01,0.534025294
1.53E-01,0.533883516
1.54E-01,0.533741735
1.54E-01,0.533599958
1.54E-01,0.53345818
1.54E-01,0.533316401
1.54E-01,0.533174622
1.54E-01,0.533032843
1.54E-01,0.532891067
1.54E-01,0.53274929
1.54E-01,0.532607513
1.54E-01,0.532465736
1.54E-01,0.532323957
1.55E-01,0.532182176
1.55E-01,0.532040397
1.55E-01,0.531898618
1.55E-01,0.531756842
1.55E-01,0.531615062
1.55E-01,0.531473281
1.55E-01,0.531331502
1.55E-01,0.531189723
1.55E-01,0.531047945
1.55E-01,0.530906164
1.55E-01,0.530764386
1.56E-01,0.53062261
1.56E-01,0.530480836
1.56E-01,0.530339057
1.56E-01,0.530197275
1.56E-01,0.530055493
1.56E-01,0.529913707
1.56E-01,0.529771924
1.56E-01,0.52963014
1.56E-01,0.529488356
1.56E-01,0.529346566
1.56E-01,0.529204774
1.57E-01,0.529062975
1.57E-01,0.528921179
1.57E-01,0.528779382
1.57E-01,0.52863758
1.57E-01,0.528495777
1.57E-01,0.528353973
1.57E-01,0.528212166
1.57E-01,0.528070358
1.57E-01,0.52792855
1.57E-01,0.527786744
1.57E-01,0.52764494
1.58E-01,0.52750314
1.58E-01,0.527361338
1.58E-01,0.527219535
1.58E-01,0.527077734
1.58E-01,0.526935933
1.58E-01,0.526794131
1.58E-01,0.526652328
1.58E-01,0.526510522
1.58E-01,0.526368715
1.58E-01,0.526226909
1.59E-01,0.526085107
1.59E-01,0.525943302
1.59E-01,0.525801495
1.59E-01,0.525659689
1.59E-01,0.525517878
1.59E-01,0.525376065
1.59E-01,0.525234254
1.59E-01,0.525092439
1.59E-01,0.524950624
1.59E-01,0.524808809
1.59E-01,0.524666996
1.60E-01,0.524525182
1.60E-01,0.524383369
1.60E-01,0.524241557
1.60E-01,0.524099747
1.60E-01,0.52395794
1.60E-01,0.523816128
1.60E-01,0.523674318
1.60E-01,0.523532507
1.60E-01,0.523390698
1.60E-01,0.523248888
1.60E-01,0.523107081
1.60E-01,0.522965274
1.61E-01,0.52282347
1.61E-01,0.52268166
1.61E-01,0.522539853
1.61E-01,0.522398046
1.61E-01,0.522256241
1.61E-01,0.522114437
1.61E-01,0.521972632
1.61E-01,0.521830828
1.61E-01,0.521689023
1.61E-01,0.521547212
1.61E-01,0.521405399
1.62E-01,0.521263587
1.62E-01,0.521121774
1.62E-01,0.520979965
1.62E-01,0.520838155
1.62E-01,0.520696349
1.62E-01,0.520554547
1.62E-01,0.520412742
1.62E-01,0.520270939
1.62E-01,0.520129136
1.62E-01,0.519987333
1.62E-01,0.51984553
1.63E-01,0.519703729
1.63E-01,0.51956193
1.63E-01,0.519420135
1.63E-01,0.519278335
1.63E-01,0.519136533
1.63E-01,0.518994734
1.63E-01,0.518852931
1.63E-01,0.518711126
1.63E-01,0.518569322
1.63E-01,0.518427522
1.63E-01,0.518285719
1.64E-01,0.518143913
1.64E-01,0.518002108
1.64E-01,0.5178603
1.64E-01,0.517718494
1.64E-01,0.517576682
1.64E-01,0.517434871
1.64E-01,0.517293063
1.64E-01,0.517151253
1.64E-01,0.517009445
1.64E-01,0.516867637
1.64E-01,0.516725833
1.64E-01,0.516584027
1.64E-01,0.516442221
1.64E-01,0.516300415
1.65E-01,0.516158607
1.65E-01,0.516016794
1.65E-01,0.515874984
1.65E-01,0.515733178
1.65E-01,0.515591375
1.65E-01,0.515449572
1.65E-01,0.515307769
1.65E-01,0.515165966
1.65E-01,0.515024162
1.65E-01,0.51488236
1.65E-01,0.514740557
1.65E-01,0.514598751
1.65E-01,0.514456947
1.65E-01,0.514315144
1.66E-01,0.514173341
1.66E-01,0.514031538
1.66E-01,0.513889738
1.66E-01,0.513747936
1.66E-01,0.513606133
1.66E-01,0.513464329
1.66E-01,0.513322526
1.66E-01,0.513180726
1.66E-01,0.513038924
1.66E-01,0.512897121
1.66E-01,0.512755315
1.66E-01,0.512613512
1.66E-01,0.512471708
1.66E-01,0.512329904
1.67E-01,0.512188102
1.67E-01,0.512046302
1.67E-01,0.5119045
1.67E-01,0.511762695
1.67E-01,0.511620895
1.67E-01,0.511479096
1.67E-01,0.511337297
1.67E-01,0.511195497
1.67E-01,0.511053697
1.67E-01,0.5109119
1.67E-01,0.510770099
1.67E-01,0.510628294
1.67E-01,0.510486491
1.67E-01,0.51034469
1.67E-01,0.510202887
1.68E-01,0.510061086
1.68E-01,0.509919281
1.68E-01,0.509777479
1.68E-01,0.509635676
1.68E-01,0.509493872
1.68E-01,0.509352066
1.68E-01,0.509210259
1.68E-01,0.509068457
1.68E-01,0.508926652
1.68E-01,0.508784847
1.68E-01,0.508643038
1.68E-01,0.508501232
1.68E-01,0.508359423
1.68E-01,0.508217616
1.68E-01,0.508075808
1.68E-01,0.507933998
1.69E-01,0.50779219
1.69E-01,0.507650384
1.69E-01,0.50750858
1.69E-01,0.507366773
1.69E-01,0.507224961
1.69E-01,0.507083151
1.69E-01,0.506941347
1.69E-01,0.50679954
1.69E-01,0.506657733
1.69E-01,0.506515926
1.69E-01,0.506374118
1.69E-01,0.506232311
1.69E-01,0.506090502
1.69E-01,0.505948694
1.70E-01,0.505806884
1.70E-01,0.505665076
1.70E-01,0.505523267
1.70E-01,0.505381456
1.70E-01,0.50523965
1.70E-01,0.505097843
1.70E-01,0.504956036
1.70E-01,0.504814226
1.70E-01,0.504672418
1.70E-01,0.504530609
1.70E-01,0.5043888
1.70E-01,0.504246992
1.70E-01,0.504105189
1.70E-01,0.503963386
1.71E-01,0.503821579
1.71E-01,0.503679773
1.71E-01,0.503537965
1.71E-01,0.50339616
1.71E-01,0.503254356
1.71E-01,0.50311255
1.71E-01,0.502970744
1.71E-01,0.50282894
1.71E-01,0.502687136
1.71E-01,0.502545331
1.71E-01,0.502403524
1.71E-01,0.502261717
1.71E-01,0.502119911
1.71E-01,0.501978106
1.71E-01,0.5018363
1.72E-01,0.501694493
1.72E-01,0.501552688
1.72E-01,0.501410885
1.72E-01,0.50126908
1.72E-01,0.501127275
1.72E-01,0.500985474
1.72E-01,0.50084367
1.72E-01,0.500701868
1.72E-01,0.500560066
1.72E-01,0.500418262
1.72E-01,0.500276458
1.72E-01,0.500134655
1.72E-01,0.499992852
1.73E-01,0.499851043
1.73E-01,0.499709232
1.73E-01,0.499567424
1.73E-01,0.499425618
1.73E-01,0.499283815
1.73E-01,0.499142012
1.73E-01,0.499000207
1.73E-01,0.4988584
1.73E-01,0.498716595
1.73E-01,0.498574788
1.73E-01,0.49843298
1.73E-01,0.498291174
1.73E-01,0.498149368
1.73E-01,0.498007565
1.74E-01,0.497865759
1.74E-01,0.497723953
1.74E-01,0.497582149
1.74E-01,0.497440346
1.74E-01,0.497298539
1.74E-01,0.497156732
1.74E-01,0.497014925
1.74E-01,0.49687312
1.74E-01,0.496731315
1.74E-01,0.49658951
1.74E-01,0.496447706
1.74E-01,0.496305899
1.75E-01,0.496164096
1.75E-01,0.496022288
1.75E-01,0.495880478
1.75E-01,0.495738662
1.75E-01,0.495596849
1.75E-01,0.495455039
1.75E-01,0.49531323
1.75E-01,0.495171425
1.75E-01,0.495029619
1.75E-01,0.494887814
1.76E-01,0.494746011
1.76E-01,0.494604205
1.76E-01,0.494462401
1.76E-01,0.494320595
1.76E-01,0.494178792
1.76E-01,0.494036989
1.76E-01,0.493895188
1.76E-01,0.493753384
1.76E-01,0.493611583
1.76E-01,0.493469779
1.77E-01,0.493327976
1.76E-01,0.493186175
1.77E-01,0.493044373
1.77E-01,0.49290257
1.77E-01,0.492760767
1.77E-01,0.492618963
1.77E-01,0.492477158
1.77E-01,0.492335357
1.77E-01,0.492193555
1.77E-01,0.492051754
1.77E-01,0.491909948
1.77E-01,0.491768141
1.78E-01,0.491626334
1.78E-01,0.491484525
1.78E-01,0.491342716
1.78E-01,0.491200907
1.78E-01,0.491059099
1.78E-01,0.490917289
1.78E-01,0.490775485
1.78E-01,0.490633677
1.78E-01,0.490491871
1.79E-01,0.490350065
1.79E-01,0.490208258
1.79E-01,0.490066451
1.79E-01,0.489924645
1.79E-01,0.489782838
1.79E-01,0.48964103
1.79E-01,0.489499221
1.79E-01,0.489357412
1.79E-01,0.489215604
1.80E-01,0.489073797
1.80E-01,0.488931989
1.80E-01,0.488790177
1.80E-01,0.488648368
1.80E-01,0.488506559
1.80E-01,0.488364746
1.80E-01,0.488222934
1.80E-01,0.488081126
1.81E-01,0.487939318
1.81E-01,0.487797513
1.81E-01,0.487655706
1.81E-01,0.487513898
1.81E-01,0.48737209
1.81E-01,0.487230283
1.81E-01,0.487088474
1.81E-01,0.486946663
1.81E-01,0.486804854
1.82E-01,0.486663046
1.82E-01,0.486521238
1.82E-01,0.486379426
1.82E-01,0.486237614
1.82E-01,0.486095801
1.82E-01,0.48595399
1.82E-01,0.485812174
1.82E-01,0.485670358
1.82E-01,0.485528544
1.83E-01,0.485386729
1.83E-01,0.485244915
1.83E-01,0.485103102
1.83E-01,0.484961288
1.83E-01,0.484819474
1.83E-01,0.484677662
1.83E-01,0.484535846
1.83E-01,0.48439403
1.84E-01,0.484252213
1.84E-01,0.484110393
1.84E-01,0.483968577
1.84E-01,0.483826763
1.84E-01,0.483684949
1.84E-01,0.483543137
1.84E-01,0.483401322
1.84E-01,0.483259506
1.84E-01,0.483117688
1.85E-01,0.482975871
1.85E-01,0.482834056
1.85E-01,0.48269224
1.85E-01,0.482550424
1.85E-01,0.482408608
1.85E-01,0.482266792
1.85E-01,0.482124977
1.85E-01,0.481983163
1.86E-01,0.481841348
1.86E-01,0.481699535
1.86E-01,0.481557723
1.86E-01,0.481415913
1.86E-01,0.481274102
1.86E-01,0.481132291
1.86E-01,0.480990477
1.86E-01,0.480848663
1.86E-01,0.480706845
1.87E-01,0.48056503
1.87E-01,0.480423213
1.87E-01,0.480281396
1.87E-01,0.480139578
1.87E-01,0.479997761
1.87E-01,0.479855943
1.87E-01,0.479714127
1.87E-01,0.479572313
1.88E-01,0.479430496
1.88E-01,0.479288681
1.88E-01,0.479146866
1.88E-01,0.479005053
1.88E-01,0.478863239
1.88E-01,0.478721422
1.88E-01,0.478579606
1.88E-01,0.47843779
1.89E-01,0.478295971
1.89E-01,0.478154149
1.89E-01,0.47801233
1.89E-01,0.47787051
1.89E-01,0.477728689
1.89E-01,0.477586868
1.89E-01,0.477445049
1.90E-01,0.477303228
1.89E-01,0.477161408
1.90E-01,0.477019586
1.90E-01,0.476877765
1.90E-01,0.476735942
1.90E-01,0.476594119
1.90E-01,0.476452294
1.90E-01,0.476310471
1.90E-01,0.476168647
1.90E-01,0.476026823
1.91E-01,0.475885003
1.91E-01,0.475743187
1.91E-01,0.475601369
1.91E-01,0.475459549
1.91E-01,0.47531773
1.91E-01,0.475175909
1.91E-01,0.475034086
1.91E-01,0.474892265
1.91E-01,0.474750445
1.91E-01,0.474608626
1.92E-01,0.474466811
1.92E-01,0.474324994
1.92E-01,0.474183177
1.92E-01,0.47404136
1.92E-01,0.473899544
1.92E-01,0.473757721
1.92E-01,0.473615915
1.92E-01,0.473474093
1.92E-01,0.473332271
1.93E-01,0.47319045
1.92E-01,0.473048629
1.93E-01,0.472906807
1.93E-01,0.472764985
1.93E-01,0.472623163
1.93E-01,0.472481339
1.93E-01,0.472339517
1.93E-01,0.472197694
1.93E-01,0.472055869
1.93E-01,0.471914042
1.93E-01,0.471772214
1.93E-01,0.471630384
1.94E-01,0.471488566
1.94E-01,0.471346739
1.94E-01,0.471204912
1.94E-01,0.471063088
1.94E-01,0.470921261
1.94E-01,0.470779436
1.94E-01,0.47063761
1.94E-01,0.470495797
1.94E-01,0.470353972
1.94E-01,0.470212147
1.95E-01,0.470070318
1.95E-01,0.469928487
1.95E-01,0.469786661
1.95E-01,0.469644836
1.95E-01,0.469503012
1.95E-01,0.469361184
1.95E-01,0.469219369
1.95E-01,0.469077547
1.95E-01,0.46893572
1.95E-01,0.468793893
1.96E-01,0.468652068
1.96E-01,0.468510244
1.96E-01,0.46836842
1.96E-01,0.468226596
1.96E-01,0.468084768
1.96E-01,0.467942942
1.96E-01,0.467801116
1.96E-01,0.46765929
1.96E-01,0.467517467
1.96E-01,0.467375643
1.96E-01,0.467233819
1.96E-01,0.46709201
1.97E-01,0.466950191
1.97E-01,0.466808373
1.97E-01,0.466666549
1.97E-01,0.466524737
1.97E-01,0.466382921
1.97E-01,0.466241092
1.97E-01,0.466099262
1.97E-01,0.465957433
1.97E-01,0.465815604
1.97E-01,0.465673777
1.97E-01,0.465531948
1.98E-01,0.465390121
1.98E-01,0.465248293
1.98E-01,0.465106464
1.98E-01,0.464964632
1.98E-01,0.464822799
1.98E-01,0.464680963
1.98E-01,0.464539128
1.98E-01,0.464397293
1.98E-01,0.464255457
1.99E-01,0.464113622
1.99E-01,0.463971786
1.99E-01,0.463829951
1.99E-01,0.46368812
1.99E-01,0.46354629
1.99E-01,0.46340446
1.99E-01,0.463262631
1.99E-01,0.463120805
1.99E-01,0.462978975
1.99E-01,0.462837158
1.99E-01,0.46269536
2.00E-01,0.462553539
2.00E-01,0.462411718
2.00E-01,0.462269894
2.00E-01,0.462128066
2.00E-01,0.461986235
2.00E-01,0.461844405
2.00E-01,0.461702572
2.00E-01,0.461560741
2.00E-01,0.461418909
2.00E-01,0.461277077
2.00E-01,0.461135246
2.01E-01,0.460993418
2.01E-01,0.460851587
2.01E-01,0.460709757
2.01E-01,0.460567929
2.01E-01,0.460426101
2.01E-01,0.460284271
2.01E-01,0.46014244
2.01E-01,0.460000616
2.01E-01,0.459858794
2.02E-01,0.45971697
2.02E-01,0.459575147
2.02E-01,0.459433319
2.02E-01,0.45929149
2.02E-01,0.45914966
2.02E-01,0.459007829
2.02E-01,0.458865999
2.02E-01,0.45872417
2.03E-01,0.458582341
2.03E-01,0.45844051
2.03E-01,0.458298679
2.03E-01,0.45815685
2.03E-01,0.458015022
2.03E-01,0.457873191
2.03E-01,0.45773136
2.03E-01,0.457589538
2.03E-01,0.457447711
2.03E-01,0.457305888
2.03E-01,0.457164059
2.04E-01,0.45702223
2.04E-01,0.4568804
2.04E-01,0.456738583
2.04E-01,0.456596752
2.04E-01,0.456454924
2.04E-01,0.456313096
2.04E-01,0.456171271
2.04E-01,0.456029442
2.05E-01,0.455887613
2.05E-01,0.455745781
2.05E-01,0.455603952
2.05E-01,0.455462121
2.05E-01,0.45532029
2.05E-01,0.455178464
2.05E-01,0.455036636
2.05E-01,0.454894807
2.05E-01,0.454752976
2.06E-01,0.454611148
2.06E-01,0.454469321
2.06E-01,0.454327495
2.06E-01,0.454185669
2.06E-01,0.454043841
2.06E-01,0.453902014
2.06E-01,0.453760187
2.06E-01,0.453618362
2.06E-01,0.453476534
2.06E-01,0.453334705
2.07E-01,0.453192878
2.07E-01,0.453051051
2.07E-01,0.452909223
2.07E-01,0.452767394
2.07E-01,0.452625565
2.07E-01,0.452483734
2.07E-01,0.452341904
2.07E-01,0.452200073
2.08E-01,0.452058243
2.08E-01,0.451916413
2.08E-01,0.451774585
2.08E-01,0.451632754
2.08E-01,0.451490925
2.08E-01,0.451349097
2.08E-01,0.451207269
2.08E-01,0.451065438
2.09E-01,0.450923603
2.09E-01,0.450781772
2.09E-01,0.450639944
2.09E-01,0.450498116
2.09E-01,0.45035629
2.09E-01,0.450214464
2.09E-01,0.450072639
2.09E-01,0.449930812
2.09E-01,0.449788987
2.10E-01,0.449647158
2.10E-01,0.44950533
2.10E-01,0.449363503
2.10E-01,0.449221677
2.10E-01,0.449079849
2.10E-01,0.448938023
2.10E-01,0.448796193
2.11E-01,0.448654362
2.11E-01,0.448512531
2.11E-01,0.448370702
2.11E-01,0.448228876
2.11E-01,0.448087049
2.11E-01,0.447945225
2.11E-01,0.447803398
2.11E-01,0.447661569
2.12E-01,0.447519737
2.12E-01,0.447377903
2.12E-01,0.447236069
2.12E-01,0.447094233
2.12E-01,0.446952397
2.12E-01,0.446810561
2.12E-01,0.446668729
2.12E-01,0.446526897
2.13E-01,0.446385066
2.13E-01,0.446243233
2.13E-01,0.4461014
2.13E-01,0.445959568
2.13E-01,0.445817737
2.13E-01,0.445675904
2.13E-01,0.44553407
2.13E-01,0.445392239
2.13E-01,0.445250406
2.14E-01,0.445108571
2.14E-01,0.444966735
2.14E-01,0.4448249
2.14E-01,0.444683068
2.14E-01,0.444541237
2.14E-01,0.444399405
2.14E-01,0.444257574
2.14E-01,0.444115741
2.15E-01,0.443973906
2.15E-01,0.443832072
2.15E-01,0.443690239
2.15E-01,0.443548402
2.15E-01,0.443406567
2.15E-01,0.443264732
2.15E-01,0.443122896
2.15E-01,0.442981063
2.15E-01,0.442839227
2.16E-01,0.442697388
2.16E-01,0.442555549
2.16E-01,0.442413711
2.16E-01,0.442271875
2.16E-01,0.442130037
2.16E-01,0.441988202
2.16E-01,0.441846368
2.16E-01,0.441704534
2.16E-01,0.441562701
2.16E-01,0.441420866
2.17E-01,0.441279032
2.17E-01,0.441137198
2.17E-01,0.440995366
2.17E-01,0.440853533
2.17E-01,0.440711699
2.17E-01,0.440569865
2.17E-01,0.440428033
2.17E-01,0.4402862
2.17E-01,0.440144365
2.18E-01,0.440002531
2.18E-01,0.439860698
2.18E-01,0.439718864
2.18E-01,0.43957703
2.18E-01,0.439435197
2.18E-01,0.439293365
2.18E-01,0.439151531
2.18E-01,0.439009699
2.18E-01,0.438867866
2.18E-01,0.438726033
2.18E-01,0.438584198
2.19E-01,0.438442363
2.19E-01,0.43830053
2.19E-01,0.438158696
2.19E-01,0.438016864
2.19E-01,0.437875032
2.19E-01,0.437733203
2.19E-01,0.437591368
2.19E-01,0.437449532
2.19E-01,0.437307693
2.19E-01,0.437165855
2.19E-01,0.437024018
2.19E-01,0.436882185
2.19E-01,0.436740354
2.19E-01,0.436598524
2.19E-01,0.436456691
2.19E-01,0.436314857
2.20E-01,0.436173022
2.20E-01,0.436031188
2.20E-01,0.435889354
2.20E-01,0.435747518
2.20E-01,0.435605683
2.20E-01,0.435463846
2.20E-01,0.435322009
2.20E-01,0.435180172
2.20E-01,0.435038332
2.20E-01,0.434896494
2.20E-01,0.434754653
2.20E-01,0.434612814
2.20E-01,0.434470975
2.20E-01,0.434329132
2.20E-01,0.43418729
2.20E-01,0.434045449
2.20E-01,0.433903611
2.20E-01,0.433761769
2.20E-01,0.433619927
2.21E-01,0.433478089
2.21E-01,0.433336251
2.21E-01,0.43319441
2.21E-01,0.433052574
2.21E-01,0.43291074
2.21E-01,0.432768904
2.21E-01,0.432627068
2.21E-01,0.43248523
2.21E-01,0.432343393
2.21E-01,0.432201557
2.21E-01,0.43205972
2.21E-01,0.431917882
2.21E-01,0.431776043
2.21E-01,0.431634206
2.21E-01,0.43149237
2.21E-01,0.431350533
2.21E-01,0.431208698
2.21E-01,0.431066865
2.21E-01,0.430925032
2.21E-01,0.430783202
2.21E-01,0.430641369
2.22E-01,0.430499536
2.21E-01,0.430357703
2.21E-01,0.43021587
2.21E-01,0.430074038
2.22E-01,0.429932202
2.22E-01,0.429790367
2.22E-01,0.429648532
2.22E-01,0.429506696
2.22E-01,0.429364859
2.22E-01,0.429223021
2.22E-01,0.429081184
2.22E-01,0.428939348
2.22E-01,0.428797511
2.22E-01,0.428655677
2.22E-01,0.428513845
2.22E-01,0.428372013
2.22E-01,0.428230182
2.22E-01,0.428088349
2.22E-01,0.427946516
2.22E-01,0.427804682
2.22E-01,0.427662849
2.22E-01,0.427521014
2.22E-01,0.42737918
2.22E-01,0.427237345
2.22E-01,0.427095507
2.22E-01,0.42695367
2.22E-01,0.426811831
2.22E-01,0.426669991
2.22E-01,0.426528155
2.22E-01,0.426386322
2.22E-01,0.426244485
2.22E-01,0.426102646
2.22E-01,0.425960811
2.23E-01,0.425818977
2.23E-01,0.425677145
2.22E-01,0.42553531
2.23E-01,0.425393473
2.23E-01,0.425251634
2.23E-01,0.425109797
2.23E-01,0.424967959
2.23E-01,0.424826124
2.23E-01,0.42468429
2.23E-01,0.424542453
2.23E-01,0.424400621
2.23E-01,0.424258788
2.23E-01,0.424116952
2.23E-01,0.423975119
2.23E-01,0.423833288
2.23E-01,0.423691457
2.23E-01,0.423549625
2.23E-01,0.423407792
2.23E-01,0.42326596
2.23E-01,0.423124129
2.23E-01,0.422982294
2.23E-01,0.42284046
2.23E-01,0.422698627
2.23E-01,0.422556796
2.23E-01,0.422414964
2.23E-01,0.422273132
2.23E-01,0.422131303
2.23E-01,0.421989473
2.23E-01,0.421847645
2.23E-01,0.421705816
2.23E-01,0.421563989
2.23E-01,0.421422162
2.23E-01,0.421280331
2.23E-01,0.421138495
2.23E-01,0.420996659
2.23E-01,0.420854823
2.23E-01,0.420712992
2.23E-01,0.420571161
2.24E-01,0.420429328
2.24E-01,0.420287494
2.24E-01,0.420145661
2.24E-01,0.420003832
2.24E-01,0.419862001
2.24E-01,0.419720168
2.24E-01,0.419578337
2.24E-01,0.419436508
2.24E-01,0.419294678
2.24E-01,0.419152846
2.24E-01,0.419011013
2.24E-01,0.418869184
2.24E-01,0.418727356
2.24E-01,0.418585529
2.24E-01,0.418443701
2.24E-01,0.418301873
2.24E-01,0.418160046
2.24E-01,0.418018222
2.24E-01,0.417876397
2.24E-01,0.417734571
2.24E-01,0.417592745
2.24E-01,0.417450919
2.24E-01,0.417309087
2.24E-01,0.417167257
2.24E-01,0.417025425
2.24E-01,0.416883594
2.24E-01,0.416741766
2.24E-01,0.416599935
2.24E-01,0.416458107
2.24E-01,0.416316282
2.24E-01,0.416174457
2.24E-01,0.416032629
2.24E-01,0.415890801
2.24E-01,0.415748973
2.24E-01,0.415607147
2.24E-01,0.415465323
2.25E-01,0.415323498
2.24E-01,0.415181673
2.24E-01,0.415039852
2.25E-01,0.414898031
2.25E-01,0.414756203
2.25E-01,0.414614376
2.25E-01,0.414472552
2.25E-01,0.41433073
2.25E-01,0.414188909
2.25E-01,0.414047086
2.25E-01,0.413905259
2.25E-01,0.413763432
2.25E-01,0.413621605
2.25E-01,0.413479775
2.25E-01,0.413337945
2.25E-01,0.413196119
2.25E-01,0.413054295
2.25E-01,0.412912469
2.25E-01,0.412770644
2.25E-01,0.412628821
2.25E-01,0.412487
2.25E-01,0.412345181
2.25E-01,0.412203361
2.25E-01,0.41206154
2.25E-01,0.41191972
2.25E-01,0.411777897
2.25E-01,0.411636072
2.25E-01,0.411494247
2.25E-01,0.411352427
2.25E-01,0.411210605
2.25E-01,0.411068785
2.25E-01,0.410926965
2.26E-01,0.410785145
2.25E-01,0.410643323
2.26E-01,0.4105015
2.26E-01,0.410359674
2.26E-01,0.410217851
2.26E-01,0.410076029
2.26E-01,0.409934207
2.26E-01,0.409792385
2.26E-01,0.409650566
2.26E-01,0.409508746
2.26E-01,0.409366925
2.26E-01,0.409225107
2.26E-01,0.409083286
2.26E-01,0.408941468
2.26E-01,0.408799652
2.26E-01,0.408657832
2.26E-01,0.408516014
2.26E-01,0.408374195
2.26E-01,0.408232379
2.26E-01,0.408090563
2.26E-01,0.407948745
2.26E-01,0.407806928
2.26E-01,0.407665113
2.26E-01,0.407523298
2.26E-01,0.407381481
2.26E-01,0.407239664
2.26E-01,0.407097844
2.26E-01,0.406956023
2.26E-01,0.406814202
2.26E-01,0.406672382
2.26E-01,0.406530561
2.27E-01,0.406388743
2.27E-01,0.406246928
2.27E-01,0.406105115
2.27E-01,0.405963302
2.27E-01,0.405821487
2.27E-01,0.40567967
2.27E-01,0.405537853
2.27E-01,0.405396036
2.27E-01,0.405254223
2.27E-01,0.405112423
2.27E-01,0.404970631
2.27E-01,0.404828845
2.27E-01,0.404687061
2.27E-01,0.404545276
2.27E-01,0.404403494
2.27E-01,0.404261717
2.27E-01,0.404119944
2.27E-01,0.403978173
2.27E-01,0.403836406
2.27E-01,0.403694641
2.27E-01,0.403552882
2.27E-01,0.403411119
2.28E-01,0.403269359
2.28E-01,0.403127595
2.28E-01,0.402985834
2.28E-01,0.402844071
2.28E-01,0.402702308
2.28E-01,0.402560548
2.28E-01,0.402418787
2.28E-01,0.402277029
2.28E-01,0.40213527
2.28E-01,0.401993509
2.28E-01,0.401851747
2.28E-01,0.401709986
2.28E-01,0.401568224
2.28E-01,0.401426459
2.28E-01,0.401284695
2.28E-01,0.401142936
2.28E-01,0.401001176
2.28E-01,0.400859418
2.28E-01,0.400717657
2.28E-01,0.400575899
2.28E-01,0.400434142
2.29E-01,0.400292384
2.28E-01,0.40015063
2.29E-01,0.400008873
2.29E-01,0.399867118
2.29E-01,0.399725364
2.29E-01,0.39958361
2.29E-01,0.399441854
2.29E-01,0.399300101
2.29E-01,0.399158348
2.29E-01,0.399016598
2.29E-01,0.398874842
2.29E-01,0.398733089
2.29E-01,0.398591336
2.29E-01,0.398449582
2.29E-01,0.398307828
2.29E-01,0.398166074
2.29E-01,0.398024321
2.30E-01,0.397882567
2.30E-01,0.397740817
2.30E-01,0.397599063
2.30E-01,0.39745731
2.30E-01,0.397315558
2.30E-01,0.397173806
2.30E-01,0.397032054
2.30E-01,0.396890303
2.30E-01,0.396748549
2.30E-01,0.396606794
2.30E-01,0.396465038
2.30E-01,0.396323279
2.30E-01,0.396181523
2.30E-01,0.396039766
2.30E-01,0.395898009
2.30E-01,0.395756247
2.31E-01,0.395614485
2.31E-01,0.395472728
2.31E-01,0.395330972
2.31E-01,0.395189218
2.31E-01,0.395047463
2.31E-01,0.394905706
2.31E-01,0.394763954
2.31E-01,0.394622205
2.31E-01,0.394480453
2.31E-01,0.394338697
2.31E-01,0.39419694
2.31E-01,0.394055185
2.32E-01,0.393913428
2.32E-01,0.393771672
2.32E-01,0.393629914
2.32E-01,0.393488155
2.32E-01,0.393346398
2.32E-01,0.393204638
2.32E-01,0.393062882
2.32E-01,0.392921131
2.32E-01,0.392779379
2.32E-01,0.392637627
2.33E-01,0.392495874
2.33E-01,0.392354124
2.33E-01,0.392212373
2.33E-01,0.392070622
2.33E-01,0.391928866
2.33E-01,0.391787114
2.33E-01,0.391645363
2.33E-01,0.391503616
2.33E-01,0.39136187
2.34E-01,0.391220126
2.34E-01,0.391078381
2.34E-01,0.390936637
2.34E-01,0.390794893
2.34E-01,0.390653134
2.34E-01,0.390511365
2.34E-01,0.390369592
2.35E-01,0.390227816
2.35E-01,0.390086033
2.35E-01,0.389944247
2.35E-01,0.389802456
2.35E-01,0.389660669
2.35E-01,0.389518883
2.35E-01,0.38937709
2.35E-01,0.389235299
2.36E-01,0.389093505
2.36E-01,0.38895171
2.36E-01,0.388809912
2.36E-01,0.388668113
2.36E-01,0.388526315
2.36E-01,0.388384512
2.37E-01,0.388242708
2.37E-01,0.388100901
2.37E-01,0.387959095
2.37E-01,0.387817291
2.37E-01,0.387675498
2.37E-01,0.3875337
2.37E-01,0.387391901
2.38E-01,0.387250099
2.38E-01,0.387108298
2.38E-01,0.386966498
2.38E-01,0.386824694
2.38E-01,0.38668289
2.38E-01,0.386541084
2.39E-01,0.386399287
2.39E-01,0.386257501
2.39E-01,0.386115722
2.39E-01,0.385973943
2.39E-01,0.385832169
2.39E-01,0.385690399
2.40E-01,0.385548631
2.40E-01,0.385406865
2.40E-01,0.385265098
2.40E-01,0.385123333
2.40E-01,0.384981571
2.41E-01,0.384839813
2.41E-01,0.384698055
2.41E-01,0.384556299
2.41E-01,0.384414547
2.41E-01,0.384272796
2.41E-01,0.384131043
2.42E-01,0.383989293
2.42E-01,0.383847541
2.42E-01,0.383705788
2.42E-01,0.383564037
2.42E-01,0.383422287
2.42E-01,0.383280536
2.43E-01,0.383138786
2.43E-01,0.382997037
2.43E-01,0.382855293
2.43E-01,0.382713553
2.43E-01,0.382571811
2.43E-01,0.382430069
2.44E-01,0.382288322
2.44E-01,0.382146579
2.44E-01,0.382004834
2.44E-01,0.381863084
2.44E-01,0.381721331
2.44E-01,0.381579583
2.45E-01,0.381437838
2.45E-01,0.381296094
2.45E-01,0.381154346
2.45E-01,0.3810126
2.45E-01,0.380870855
2.45E-01,0.380729114
2.45E-01,0.38058737
2.45E-01,0.380445625
2.46E-01,0.380303879
2.46E-01,0.380162134
2.46E-01,0.380020389
2.46E-01,0.379878644
2.46E-01,0.379736898
2.46E-01,0.379595154
2.46E-01,0.379453409
2.46E-01,0.379311662
2.47E-01,0.379169913
2.47E-01,0.379028164
2.47E-01,0.378886419
2.47E-01,0.378744675
2.47E-01,0.378602931
2.47E-01,0.37846119
2.47E-01,0.378319447
2.47E-01,0.378177706
2.47E-01,0.378035963
2.48E-01,0.377894216
2.48E-01,0.377752468
2.48E-01,0.377610722
2.48E-01,0.377468973
2.48E-01,0.377327225
2.48E-01,0.377185478
2.48E-01,0.377043734
2.48E-01,0.376901991
2.48E-01,0.376760244
2.49E-01,0.376618498
2.48E-01,0.376476756
2.49E-01,0.376335012
2.49E-01,0.376193269
2.49E-01,0.376051524
2.49E-01,0.37590978
2.49E-01,0.375768036
2.49E-01,0.375626294
2.49E-01,0.37548455
2.49E-01,0.375342804
2.49E-01,0.375201059
2.50E-01,0.37505932
2.50E-01,0.374917582
2.50E-01,0.374775842
2.50E-01,0.374634099
2.50E-01,0.374492354
2.50E-01,0.37435061
2.50E-01,0.374208865
2.50E-01,0.374067119
2.50E-01,0.373925372
2.50E-01,0.373783627
2.50E-01,0.373641881
2.51E-01,0.373500137
2.51E-01,0.373358395
2.51E-01,0.373216652
2.51E-01,0.373074912
2.51E-01,0.372933173
2.51E-01,0.372791433
2.51E-01,0.372649689
2.51E-01,0.372507947
2.51E-01,0.372366203
2.51E-01,0.372224456
2.52E-01,0.372082712
2.52E-01,0.371940969
2.52E-01,0.371799228
2.52E-01,0.371657485
2.52E-01,0.371515742
2.52E-01,0.371374
2.52E-01,0.37123226
2.52E-01,0.371090517
2.52E-01,0.370948772
2.52E-01,0.370807029
2.52E-01,0.370665286
2.53E-01,0.370523545
2.53E-01,0.370381806
2.53E-01,0.370240069
2.53E-01,0.37009833
2.53E-01,0.36995659
2.53E-01,0.36981485
2.53E-01,0.369673106
2.53E-01,0.369531364
2.53E-01,0.369389623
2.53E-01,0.369247883
2.54E-01,0.36910614
2.54E-01,0.368964395
2.54E-01,0.368822651
2.54E-01,0.368680905
2.54E-01,0.368539162
2.54E-01,0.36839742
2.54E-01,0.368255679
2.54E-01,0.368113946
2.54E-01,0.367972212
2.55E-01,0.367830476
2.55E-01,0.367688744
2.55E-01,0.367547006
2.55E-01,0.367405266
2.55E-01,0.367263526
2.55E-01,0.367121785
2.55E-01,0.366980044
2.55E-01,0.366838305
2.55E-01,0.36669657
2.56E-01,0.366554829
2.56E-01,0.366413087
2.56E-01,0.366271347
2.56E-01,0.366129605
2.56E-01,0.365987864
2.56E-01,0.365846126
2.56E-01,0.365704388
2.56E-01,0.365562651
2.56E-01,0.365420912
2.56E-01,0.365279175
2.57E-01,0.365137436
2.56E-01,0.364995699
2.57E-01,0.364853964
2.57E-01,0.364712227
2.57E-01,0.364570488
2.57E-01,0.364428753
2.57E-01,0.364287016
2.57E-01,0.364145281
2.57E-01,0.364003545
2.57E-01,0.363861815
2.58E-01,0.363720086
2.58E-01,0.363578355
2.58E-01,0.363436625
2.58E-01,0.363294898
2.58E-01,0.363153175
2.58E-01,0.363011451
2.58E-01,0.362869728
2.58E-01,0.362728002
2.58E-01,0.362586279
2.59E-01,0.362444556
2.59E-01,0.362302832
2.59E-01,0.362161109
2.59E-01,0.362019384
2.59E-01,0.361877658
2.59E-01,0.361735932
2.59E-01,0.361594204
2.59E-01,0.361452472
2.59E-01,0.361310738
2.60E-01,0.361169007
2.60E-01,0.361027277
2.60E-01,0.360885547
2.60E-01,0.360743816
2.60E-01,0.360602087
2.60E-01,0.360460362
2.60E-01,0.360318638
2.60E-01,0.360176911
2.60E-01,0.360035187
2.61E-01,0.359893463
2.61E-01,0.359751737
2.61E-01,0.35961001
2.61E-01,0.359468283
2.61E-01,0.359326556
2.61E-01,0.359184828
2.61E-01,0.359043097
2.61E-01,0.358901367
2.61E-01,0.358759636
2.62E-01,0.358617903
2.62E-01,0.358476173
2.62E-01,0.358334445
2.62E-01,0.358192716
2.62E-01,0.358050989
2.62E-01,0.357909263
2.62E-01,0.357767536
2.62E-01,0.357625807
2.62E-01,0.35748408
2.63E-01,0.357342355
2.63E-01,0.35720063
2.63E-01,0.357058904
2.63E-01,0.356917178
2.63E-01,0.356775453
2.63E-01,0.35663373
2.63E-01,0.356492005
2.64E-01,0.356350275
2.63E-01,0.356208546
2.64E-01,0.356066816
2.64E-01,0.355925088
2.64E-01,0.355783362
2.64E-01,0.355641636
2.64E-01,0.355499909
2.64E-01,0.355358182
2.64E-01,0.355216455
2.64E-01,0.355074727
2.64E-01,0.354932998
2.65E-01,0.354791268
2.65E-01,0.35464954
2.65E-01,0.354507813
2.65E-01,0.354366091
2.65E-01,0.354224369
2.65E-01,0.354082645
2.65E-01,0.353940923
2.65E-01,0.353799201
2.66E-01,0.353657478
2.66E-01,0.353515754
2.66E-01,0.353374029
2.66E-01,0.353232303
2.66E-01,0.353090578
2.66E-01,0.352948854
2.66E-01,0.352807129
2.66E-01,0.352665403
2.67E-01,0.352523678
2.67E-01,0.352381956
2.67E-01,0.352240234
2.67E-01,0.352098511
2.67E-01,0.35195679
2.67E-01,0.351815071
2.67E-01,0.351673352
2.67E-01,0.35153163
2.67E-01,0.351389905
2.67E-01,0.351248181
2.68E-01,0.351106455
2.68E-01,0.35096473
2.68E-01,0.350823007
2.68E-01,0.35068128
2.68E-01,0.350539557
2.68E-01,0.350397839
2.68E-01,0.350256123
2.69E-01,0.350114398
2.68E-01,0.349972677
2.69E-01,0.349830952
2.69E-01,0.349689229
2.69E-01,0.349547506
2.69E-01,0.349405782
2.69E-01,0.349264058
2.69E-01,0.349122334
2.69E-01,0.34898061
2.70E-01,0.348838883
2.70E-01,0.348697157
2.70E-01,0.348555435
2.70E-01,0.34841371
2.70E-01,0.34827199
2.70E-01,0.348130265
2.70E-01,0.347988548
2.70E-01,0.347846831
2.70E-01,0.347705115
2.70E-01,0.347563396
2.71E-01,0.347421679
2.71E-01,0.347279964
2.71E-01,0.347138249
2.71E-01,0.346996537
2.71E-01,0.346854822
2.71E-01,0.346713102
2.71E-01,0.346571384
2.72E-01,0.346429667
2.72E-01,0.346287949
2.72E-01,0.346146227
2.72E-01,0.346004511
2.72E-01,0.345862786
2.72E-01,0.345721058
2.72E-01,0.345579328
2.72E-01,0.345437603
2.72E-01,0.345295882
2.73E-01,0.345154162
2.73E-01,0.345012436
2.73E-01,0.344870709
2.73E-01,0.344728984
2.73E-01,0.344587257
2.73E-01,0.344445529
2.73E-01,0.344303803
2.73E-01,0.344162077
2.73E-01,0.344020348
2.74E-01,0.34387862
2.74E-01,0.34373689
2.74E-01,0.343595162
2.74E-01,0.343453435
2.74E-01,0.343311712
2.74E-01,0.343169991
2.74E-01,0.343028272
2.74E-01,0.342886551
2.74E-01,0.342744836
2.75E-01,0.342603126
2.75E-01,0.34246141
2.75E-01,0.342319687
2.75E-01,0.342177961
2.75E-01,0.34203624
2.75E-01,0.341894519
2.75E-01,0.341752803
2.76E-01,0.341611087
2.76E-01,0.34146937
2.76E-01,0.341327655
2.76E-01,0.341185934
2.76E-01,0.341044215
2.76E-01,0.340902495
2.76E-01,0.340760775
2.76E-01,0.340619058
2.76E-01,0.34047734
2.76E-01,0.340335625
2.77E-01,0.340193906
2.77E-01,0.340052185
2.77E-01,0.339910462
2.77E-01,0.339768737
2.77E-01,0.339627012
2.77E-01,0.339485293
2.77E-01,0.339343574
2.77E-01,0.339201856
2.78E-01,0.339060161
2.78E-01,0.338918468
2.78E-01,0.338776773
2.78E-01,0.338635077
2.78E-01,0.33849338
2.78E-01,0.338351688
2.78E-01,0.338209996
2.78E-01,0.338068302
2.79E-01,0.337926612
2.79E-01,0.33778492
2.79E-01,0.337643218
2.79E-01,0.337501513
2.79E-01,0.337359803
2.79E-01,0.337218095
2.79E-01,0.337076387
2.79E-01,0.336934682
2.80E-01,0.336792976
2.80E-01,0.336651267
2.80E-01,0.336509559
2.80E-01,0.336367852
2.80E-01,0.336226149
2.80E-01,0.336084445
2.80E-01,0.335942738
2.80E-01,0.33580103
2.80E-01,0.335659329
2.80E-01,0.335517623
2.81E-01,0.335375914
2.81E-01,0.33523421
2.81E-01,0.335092506
2.81E-01,0.334950801
2.81E-01,0.334809095
2.81E-01,0.334667391
2.81E-01,0.334525684
2.82E-01,0.334383978
2.82E-01,0.334242271
2.82E-01,0.334100566
2.82E-01,0.333958862
2.82E-01,0.333817158
2.82E-01,0.333675449
2.82E-01,0.333533742
2.82E-01,0.333392034
2.83E-01,0.333250326
2.83E-01,0.333108617
2.83E-01,0.332966908
2.83E-01,0.332825205
2.83E-01,0.332683506
2.83E-01,0.332541803
2.83E-01,0.3324001
2.83E-01,0.332258398
2.83E-01,0.332116699
2.84E-01,0.331974995
2.84E-01,0.331833288
2.84E-01,0.331691579
2.84E-01,0.331549874
2.84E-01,0.331408166
2.84E-01,0.331266461
2.84E-01,0.331124753
2.84E-01,0.330983043
2.84E-01,0.330841332
2.85E-01,0.330699622
2.85E-01,0.330557915
2.85E-01,0.330416204
2.85E-01,0.330274494
2.85E-01,0.330132785
2.85E-01,0.329991078
2.85E-01,0.329849372
2.86E-01,0.329707666
2.86E-01,0.329565964
2.86E-01,0.32942426
2.86E-01,0.32928255
2.86E-01,0.329140845
2.86E-01,0.328999146
2.86E-01,0.328857443
2.86E-01,0.328715739
2.86E-01,0.328574033
2.86E-01,0.328432325
2.86E-01,0.328290621
2.87E-01,0.32814892
2.87E-01,0.328007219
2.87E-01,0.327865518
2.87E-01,0.327723823
2.87E-01,0.327582128
2.87E-01,0.327440433
2.87E-01,0.327298738
2.87E-01,0.327157044
2.87E-01,0.32701535
2.87E-01,0.32687366
2.87E-01,0.326731965
2.87E-01,0.326590269
2.88E-01,0.326448578
2.88E-01,0.326306886
2.88E-01,0.326165194
2.88E-01,0.3260235
2.88E-01,0.325881807
2.88E-01,0.325740112
2.88E-01,0.325598415
2.88E-01,0.325456719
2.88E-01,0.325315025
2.88E-01,0.325173331
2.88E-01,0.325031641
2.88E-01,0.324889949
2.88E-01,0.324748255
2.89E-01,0.324606562
2.89E-01,0.324464868
2.89E-01,0.324323179
2.89E-01,0.324181488
2.89E-01,0.324039795
2.89E-01,0.323898099
2.89E-01,0.323756403
2.89E-01,0.323614705
2.89E-01,0.323473008
2.89E-01,0.323331312
2.90E-01,0.323189617
2.90E-01,0.323047921
2.90E-01,0.322906228
2.90E-01,0.322764532
2.90E-01,0.322622834
2.90E-01,0.322481136
2.90E-01,0.322339443
2.90E-01,0.322197751
2.90E-01,0.322056062
2.91E-01,0.321914374
2.91E-01,0.321772687
2.91E-01,0.321630998
2.91E-01,0.321489307
2.91E-01,0.321347613
2.91E-01,0.321205919
2.92E-01,0.321064226
2.92E-01,0.320922531
2.92E-01,0.32078084
2.92E-01,0.320639146
2.92E-01,0.320497449
2.92E-01,0.320355753
2.92E-01,0.320214053
2.92E-01,0.320072352
2.93E-01,0.319930656
2.93E-01,0.319788963
2.93E-01,0.319647266
2.93E-01,0.319505569
2.93E-01,0.319363872
2.93E-01,0.319222175
2.93E-01,0.319080477
2.94E-01,0.31893878
2.94E-01,0.318797085
2.94E-01,0.318655388
2.94E-01,0.318513691
2.94E-01,0.318371993
2.94E-01,0.318230295
2.94E-01,0.3180886
2.94E-01,0.317946908
2.94E-01,0.317805214
2.95E-01,0.317663525
2.95E-01,0.317521833
2.95E-01,0.317380141
2.95E-01,0.317238448
2.95E-01,0.317096754
2.95E-01,0.316955061
2.96E-01,0.316813368
2.96E-01,0.316671671
2.96E-01,0.316529974
2.96E-01,0.316388276
2.96E-01,0.316246577
2.96E-01,0.316104875
2.96E-01,0.315963174
2.96E-01,0.31582147
2.97E-01,0.31567977
2.97E-01,0.315538068
2.97E-01,0.315396368
2.97E-01,0.315254671
2.97E-01,0.315112973
2.97E-01,0.314971276
2.97E-01,0.31482958
2.98E-01,0.314687882
2.98E-01,0.314546184
2.98E-01,0.314404484
2.98E-01,0.314262788
2.98E-01,0.31412109
2.98E-01,0.313979392
2.98E-01,0.313837696
2.98E-01,0.313696001
2.99E-01,0.313554307
2.99E-01,0.313412614
2.99E-01,0.313270913
2.99E-01,0.313129213
2.99E-01,0.312987515
2.99E-01,0.312845816
2.99E-01,0.312704121
3.00E-01,0.312562425
3.00E-01,0.312420729
3.00E-01,0.312279034
3.00E-01,0.31213734
3.00E-01,0.311995644
3.00E-01,0.31185395
3.00E-01,0.311712255
3.00E-01,0.311570561
3.01E-01,0.311428872
3.01E-01,0.311287179
3.01E-01,0.311145485
3.01E-01,0.311003792
3.01E-01,0.310862098
3.01E-01,0.310720401
3.01E-01,0.310578703
3.01E-01,0.310437008
3.02E-01,0.310295312
3.02E-01,0.31015361
3.02E-01,0.310011907
3.02E-01,0.309870204
3.02E-01,0.3097285
3.02E-01,0.309586799
3.02E-01,0.309445102
3.03E-01,0.309303403
3.03E-01,0.309161704
3.03E-01,0.309020011
3.03E-01,0.308878314
3.03E-01,0.308736616
3.03E-01,0.308594916
3.03E-01,0.308453217
3.04E-01,0.308311521
3.04E-01,0.308169823
3.04E-01,0.308028125
3.04E-01,0.307886429
3.04E-01,0.307744731
3.04E-01,0.307603039
3.04E-01,0.307461348
3.04E-01,0.307319659
3.04E-01,0.307177971
3.05E-01,0.307036283
3.05E-01,0.306894591
3.05E-01,0.306752899
3.05E-01,0.306611208
3.05E-01,0.30646952
3.05E-01,0.306327828
3.05E-01,0.306186133
3.06E-01,0.306044434
3.06E-01,0.305902736
3.06E-01,0.305761037
3.06E-01,0.30561934
3.06E-01,0.305477642
3.06E-01,0.305335942
3.06E-01,0.305194245
3.06E-01,0.305052551
3.07E-01,0.304910858
3.06E-01,0.304769166
3.07E-01,0.304627477
3.07E-01,0.304485787
3.07E-01,0.304344097
3.07E-01,0.304202404
3.07E-01,0.304060708
3.07E-01,0.303919012
3.08E-01,0.303777316
3.08E-01,0.303635621
3.08E-01,0.303493926
3.08E-01,0.303352232
3.08E-01,0.303210534
3.08E-01,0.303068837
3.08E-01,0.302927142
3.08E-01,0.30278545
3.08E-01,0.302643761
3.09E-01,0.302502072
3.09E-01,0.302360383
3.09E-01,0.302218691
3.09E-01,0.302077003
3.09E-01,0.301935312
3.09E-01,0.301793622
3.09E-01,0.301651933
3.10E-01,0.301510244
3.10E-01,0.301368558
3.10E-01,0.301226871
3.10E-01,0.301085185
3.10E-01,0.300943496
3.10E-01,0.300801806
3.10E-01,0.300660112
3.10E-01,0.300518417
3.11E-01,0.300376721
3.11E-01,0.300235028
3.11E-01,0.300093337
3.11E-01,0.299951646
3.11E-01,0.299809958
3.11E-01,0.299668267
3.11E-01,0.299526579
3.12E-01,0.299384892
3.12E-01,0.299243202
3.12E-01,0.299101513
3.12E-01,0.298959822
3.12E-01,0.298818132
3.12E-01,0.298676441
3.12E-01,0.298534748
3.12E-01,0.298393054
3.12E-01,0.29825136
3.13E-01,0.298109665
3.13E-01,0.297967968
3.13E-01,0.297826268
3.13E-01,0.297684572
3.13E-01,0.297542877
3.13E-01,0.297401181
3.13E-01,0.297259486
3.14E-01,0.29711779
3.14E-01,0.296976094
3.14E-01,0.296834396
3.14E-01,0.296692698
3.14E-01,0.296551005
3.14E-01,0.296409309
3.14E-01,0.296267615
3.15E-01,0.296125918
3.15E-01,0.295984227
3.15E-01,0.295842534
3.15E-01,0.295700843
3.15E-01,0.295559146
3.15E-01,0.295417453
3.15E-01,0.295275762
3.15E-01,0.295134071
3.15E-01,0.294992381
3.16E-01,0.294850691
3.16E-01,0.294709001
3.16E-01,0.294567307
3.16E-01,0.294425617
3.16E-01,0.294283924
3.16E-01,0.294142235
3.16E-01,0.294000542
3.17E-01,0.293858848
3.17E-01,0.293717156
3.17E-01,0.293575467
3.17E-01,0.293433778
3.17E-01,0.293292087
3.17E-01,0.293150396
3.17E-01,0.293008702
3.17E-01,0.292867009
3.18E-01,0.292725316
3.18E-01,0.292583622
3.18E-01,0.292441931
3.18E-01,0.292300238
3.18E-01,0.292158544
3.18E-01,0.292016854
3.18E-01,0.291875167
3.18E-01,0.291733475
3.19E-01,0.291591783
3.19E-01,0.291450088
3.19E-01,0.291308394
3.19E-01,0.291166699
3.19E-01,0.291025002
3.19E-01,0.290883307
3.19E-01,0.290741613
3.19E-01,0.29059992
3.20E-01,0.290458224
3.20E-01,0.290316526
3.20E-01,0.290174827
3.20E-01,0.290033129
3.20E-01,0.289891435
3.20E-01,0.289749738
3.20E-01,0.289608042
3.21E-01,0.289466342
3.21E-01,0.289324642
3.21E-01,0.289182944
3.21E-01,0.28904125
3.21E-01,0.288899554
3.21E-01,0.288757856
3.21E-01,0.288616155
3.22E-01,0.288474458
3.22E-01,0.288332766
3.22E-01,0.288191073
3.22E-01,0.28804938
3.22E-01,0.287907684
3.22E-01,0.287765989
3.22E-01,0.287624291
3.22E-01,0.287482596
3.23E-01,0.287340902
3.23E-01,0.28719921
3.23E-01,0.287057516
3.23E-01,0.286915822
3.23E-01,0.286774128
3.23E-01,0.286632428
3.23E-01,0.286490731
3.23E-01,0.286349035
3.24E-01,0.286207337
3.24E-01,0.286065634
3.24E-01,0.285923932
3.24E-01,0.285782233
3.24E-01,0.285640533
3.24E-01,0.285498834
3.24E-01,0.285357135
3.25E-01,0.285215439
3.25E-01,0.28507374
3.25E-01,0.284932042
3.25E-01,0.284790344
3.25E-01,0.284648647
3.25E-01,0.284506949
3.25E-01,0.284365248
3.26E-01,0.284223549
3.26E-01,0.284081849
3.26E-01,0.283940152
3.26E-01,0.283798455
3.26E-01,0.283656758
3.26E-01,0.283515057
3.26E-01,0.283373359
3.26E-01,0.283231659
3.27E-01,0.28308996
3.27E-01,0.282948262
3.27E-01,0.282806561
3.27E-01,0.28266486
3.27E-01,0.282523155
3.27E-01,0.282381453
3.27E-01,0.28223975
3.27E-01,0.282098051
3.28E-01,0.281956351
3.28E-01,0.281814652
3.28E-01,0.281672953
3.28E-01,0.281531255
3.28E-01,0.281389556
3.28E-01,0.281247858
3.28E-01,0.281106165
3.29E-01,0.280964472
3.29E-01,0.280822779
3.29E-01,0.280681082
3.29E-01,0.280539389
3.29E-01,0.280397694
3.29E-01,0.280255995
3.29E-01,0.280114293
3.30E-01,0.279972597
3.30E-01,0.279830902
3.30E-01,0.279689206
3.30E-01,0.279547508
3.30E-01,0.279405812
3.30E-01,0.279264114
3.30E-01,0.279122415
3.31E-01,0.278980713
3.31E-01,0.278839013
3.31E-01,0.278697316
3.31E-01,0.278555619
3.31E-01,0.27841392
3.31E-01,0.278272219
3.31E-01,0.278130518
3.31E-01,0.277988818
3.32E-01,0.277847117
3.32E-01,0.27770542
3.32E-01,0.277563719
3.32E-01,0.277422019
3.32E-01,0.277280319
3.32E-01,0.277138619
3.32E-01,0.276996922
3.32E-01,0.276855227
3.33E-01,0.276713531
3.33E-01,0.276571837
3.33E-01,0.276430142
3.33E-01,0.276288446
3.33E-01,0.276146753
3.33E-01,0.276005056
3.33E-01,0.275863358
3.34E-01,0.275721659
3.34E-01,0.275579961
3.34E-01,0.275438264
3.34E-01,0.275296563
3.34E-01,0.27515486
3.34E-01,0.275013159
3.35E-01,0.274871461
3.35E-01,0.274729762
3.35E-01,0.274588064
3.35E-01,0.274446363
3.35E-01,0.27430466
3.35E-01,0.274162962
3.35E-01,0.27402126
3.35E-01,0.273879559
3.36E-01,0.273737864
3.36E-01,0.273596166
3.36E-01,0.273454469
3.36E-01,0.273312769
3.36E-01,0.27317107
3.36E-01,0.273029369
3.37E-01,0.272887666
3.37E-01,0.272745965
3.37E-01,0.272604263
3.37E-01,0.272462564
3.37E-01,0.272320865
3.37E-01,0.272179165
3.37E-01,0.272037466
3.37E-01,0.271895768
3.38E-01,0.271754074
3.38E-01,0.27161238
3.38E-01,0.271470678
3.38E-01,0.271328979
3.38E-01,0.271187283
3.38E-01,0.271045586
3.38E-01,0.270903889
3.39E-01,0.270762192
3.39E-01,0.270620492
3.39E-01,0.270478793
3.39E-01,0.270337095
3.39E-01,0.270195396
3.39E-01,0.2700537
3.39E-01,0.269912003
3.40E-01,0.269770311
3.40E-01,0.269628617
3.40E-01,0.269486919
3.40E-01,0.269345223
3.40E-01,0.269203527
3.40E-01,0.26906183
3.40E-01,0.268920129
3.41E-01,0.26877843
3.41E-01,0.268636734
3.41E-01,0.268495036
3.41E-01,0.268353339
3.41E-01,0.268211643
3.41E-01,0.268069947
3.42E-01,0.267928255
3.42E-01,0.267786563
3.42E-01,0.267644865
3.42E-01,0.267503167
3.42E-01,0.267361468
3.42E-01,0.26721977
3.42E-01,0.267078073
3.42E-01,0.266936375
3.42E-01,0.266794677
3.43E-01,0.266652977
3.43E-01,0.266511276
3.43E-01,0.266369576
3.43E-01,0.266227879
3.43E-01,0.26608618
3.43E-01,0.26594448
3.44E-01,0.265802781
3.44E-01,0.265661083
3.44E-01,0.265519386
3.44E-01,0.265377687
3.44E-01,0.265235991
3.44E-01,0.26509429
3.45E-01,0.264952592
3.45E-01,0.264810893
3.45E-01,0.264669193
3.45E-01,0.264527495
3.45E-01,0.264385795
3.45E-01,0.264244098
3.46E-01,0.264102403
3.46E-01,0.263960708
3.46E-01,0.263819011
3.46E-01,0.263677314
3.46E-01,0.263535616
3.46E-01,0.263393917
3.46E-01,0.26325222
3.47E-01,0.263110521
3.47E-01,0.262968822
3.47E-01,0.262827124
3.47E-01,0.262685425
3.47E-01,0.262543726
3.47E-01,0.262402023
3.47E-01,0.262260321
3.47E-01,0.26211862
3.48E-01,0.261976918
3.48E-01,0.261835219
3.48E-01,0.261693515
3.48E-01,0.261551815
3.48E-01,0.261410114
3.48E-01,0.261268411
3.49E-01,0.26112671
3.49E-01,0.260985011
3.49E-01,0.260843315
3.49E-01,0.260701619
3.49E-01,0.260559921
3.49E-01,0.260418225
3.49E-01,0.260276528
3.49E-01,0.260134829
3.50E-01,0.25999313
3.50E-01,0.259851428
3.50E-01,0.259709728
3.50E-01,0.259568033
3.50E-01,0.259426341
3.50E-01,0.25928465
3.51E-01,0.259142957
3.51E-01,0.259001259
3.51E-01,0.258859558
3.51E-01,0.258717857
3.51E-01,0.258576157
3.52E-01,0.258434456
3.52E-01,0.258292759
3.52E-01,0.258151063
3.52E-01,0.258009369
3.52E-01,0.257867679
3.52E-01,0.257725987
3.52E-01,0.25758429
3.52E-01,0.257442593
3.53E-01,0.257300896
3.53E-01,0.257159199
3.53E-01,0.257017502
3.53E-01,0.256875804
3.53E-01,0.256734105
3.53E-01,0.256592408
3.54E-01,0.256450712
3.54E-01,0.256309011
3.54E-01,0.256167308
3.54E-01,0.256025609
3.54E-01,0.255883912
3.54E-01,0.255742212
3.55E-01,0.255600512
3.55E-01,0.255458812
3.55E-01,0.255317117
3.55E-01,0.255175423
3.55E-01,0.255033727
3.55E-01,0.254892032
3.55E-01,0.254750337
3.56E-01,0.254608639
3.56E-01,0.254466942
3.56E-01,0.254325245
3.56E-01,0.254183547
3.56E-01,0.254041849
3.56E-01,0.253900149
3.57E-01,0.253758449
3.57E-01,0.253616749
3.57E-01,0.253475051
3.57E-01,0.253333351
3.57E-01,0.253191653
3.57E-01,0.253049957
3.57E-01,0.252908257
3.58E-01,0.252766557
3.58E-01,0.252624858
3.58E-01,0.252483156
3.58E-01,0.252341458
3.58E-01,0.252199765
3.58E-01,0.25205807
3.59E-01,0.251916376
3.59E-01,0.251774678
3.59E-01,0.251632979
3.59E-01,0.25149128
3.59E-01,0.251349582
3.59E-01,0.251207881
3.59E-01,0.251066179
3.60E-01,0.250924473
3.60E-01,0.250782772
3.60E-01,0.250641075
3.60E-01,0.250499373
3.60E-01,0.250357672
3.60E-01,0.250215974
3.61E-01,0.250074279
3.61E-01,0.249932582
3.61E-01,0.249790887
3.61E-01,0.249649193
3.61E-01,0.249507502
3.61E-01,0.249365808
3.62E-01,0.249224114
3.62E-01,0.249082421
3.62E-01,0.248940729
3.62E-01,0.248799038
3.62E-01,0.248657346
3.62E-01,0.248515653
3.63E-01,0.248373957
3.63E-01,0.248232263
3.63E-01,0.248090566
3.63E-01,0.247948868
3.63E-01,0.247807171
3.63E-01,0.247665473
3.63E-01,0.247523774
3.64E-01,0.247382078
3.64E-01,0.247240382
3.64E-01,0.247098685
3.64E-01,0.246956989
3.64E-01,0.246815295
3.64E-01,0.246673601
3.65E-01,0.246531909
3.65E-01,0.246390219
3.65E-01,0.246248524
3.65E-01,0.246106828
3.65E-01,0.245965132
3.65E-01,0.245823437
3.66E-01,0.245681741
3.66E-01,0.245540045
3.66E-01,0.245398345
3.66E-01,0.245256648
3.66E-01,0.245114953
3.66E-01,0.244973261
3.67E-01,0.244831565
3.67E-01,0.244689868
3.67E-01,0.244548171
3.67E-01,0.244406477
3.67E-01,0.24426478
3.67E-01,0.244123083
3.68E-01,0.243981384
3.68E-01,0.243839685
3.68E-01,0.243697991
3.68E-01,0.243556298
3.68E-01,0.243414609
3.68E-01,0.243272919
3.68E-01,0.24313123
3.69E-01,0.242989538
3.69E-01,0.242847847
3.69E-01,0.242706155
3.69E-01,0.242564463
3.69E-01,0.242422768
3.70E-01,0.24228107
3.70E-01,0.242139375
3.70E-01,0.241997675
3.70E-01,0.241855975
3.70E-01,0.241714276
3.70E-01,0.241572578
3.71E-01,0.24143088
3.71E-01,0.241289185
3.71E-01,0.241147491
3.71E-01,0.241005794
3.71E-01,0.240864096
3.71E-01,0.240722398
3.72E-01,0.2405807
3.72E-01,0.240439001
3.72E-01,0.240297299
3.72E-01,0.2401556
3.72E-01,0.240013905
3.72E-01,0.23987221
3.73E-01,0.239730509
3.73E-01,0.239588811
3.73E-01,0.239447114
3.73E-01,0.239305416
3.73E-01,0.239163716
3.73E-01,0.239022015
3.73E-01,0.238880312
3.74E-01,0.238738612
3.74E-01,0.238596913
3.74E-01,0.238455211
3.74E-01,0.238313512
3.74E-01,0.238171815
3.75E-01,0.238030118
3.75E-01,0.23788842
3.75E-01,0.23774672
3.75E-01,0.237605026
3.75E-01,0.237463334
3.75E-01,0.237321645
3.76E-01,0.237179952
3.76E-01,0.237038257
3.76E-01,0.23689656
3.76E-01,0.236754865
3.76E-01,0.236613167
3.76E-01,0.236471472
3.77E-01,0.236329777
3.77E-01,0.236188081
3.77E-01,0.236046383
3.77E-01,0.235904687
3.77E-01,0.235762991
3.77E-01,0.235621294
3.77E-01,0.235479602
3.78E-01,0.23533791
3.78E-01,0.235196218
3.78E-01,0.235054526
3.78E-01,0.23491283
3.78E-01,0.234771132
3.79E-01,0.234629434
3.79E-01,0.234487738
3.79E-01,0.234346043
3.79E-01,0.23420435
3.79E-01,0.234062656
3.79E-01,0.233920963
3.80E-01,0.233779267
3.80E-01,0.233637566
3.80E-01,0.233495865
3.80E-01,0.233354166
3.80E-01,0.233212469
3.80E-01,0.233070772
3.81E-01,0.232929076
3.81E-01,0.232787379
3.81E-01,0.232645683
3.81E-01,0.232503988
3.81E-01,0.232362293
3.81E-01,0.232220596
3.82E-01,0.232078898
3.82E-01,0.231937202
3.82E-01,0.231795505
3.82E-01,0.231653807
3.82E-01,0.231512108
3.82E-01,0.231370407
3.83E-01,0.231228702
3.83E-01,0.231086997
3.83E-01,0.230945297
3.83E-01,0.230803596
3.83E-01,0.230661897
3.84E-01,0.230520199
3.84E-01,0.2303785
3.84E-01,0.230236805
3.84E-01,0.230095105
3.84E-01,0.229953405
3.84E-01,0.229811706
3.84E-01,0.229670005
3.85E-01,0.229528303
3.85E-01,0.229386604
3.85E-01,0.229244905
3.85E-01,0.229103211
3.85E-01,0.228961522
3.86E-01,0.22881983
3.86E-01,0.228678139
3.86E-01,0.228536447
3.86E-01,0.228394756
3.86E-01,0.228253065
3.86E-01,0.228111375
3.87E-01,0.227969683
3.87E-01,0.227827989
3.87E-01,0.227686299
3.87E-01,0.227544607
3.87E-01,0.22740291
3.88E-01,0.227261213
3.88E-01,0.227119515
3.88E-01,0.226977813
3.88E-01,0.22683611
3.88E-01,0.226694412
3.88E-01,0.226552713
3.89E-01,0.226411017
3.89E-01,0.226269324
3.89E-01,0.22612763
3.89E-01,0.225985936
3.89E-01,0.225844242
3.89E-01,0.225702547
3.90E-01,0.225560852
3.90E-01,0.225419158
3.90E-01,0.225277459
3.90E-01,0.22513576
3.90E-01,0.224994065
3.91E-01,0.224852372
3.91E-01,0.224710676
3.91E-01,0.224568977
3.91E-01,0.224427278
3.91E-01,0.224285581
3.91E-01,0.224143881
3.92E-01,0.224002176
3.92E-01,0.223860473
3.92E-01,0.223718773
3.92E-01,0.223577073
3.92E-01,0.223435373
3.92E-01,0.223293673
3.92E-01,0.223151972
3.93E-01,0.223010272
3.93E-01,0.222868573
3.93E-01,0.222726874
3.93E-01,0.222585177
3.93E-01,0.222443479
3.94E-01,0.22230178
3.94E-01,0.22216008
3.94E-01,0.222018379
3.94E-01,0.221876679
3.94E-01,0.221734983
3.95E-01,0.221593285
3.95E-01,0.221451587
3.95E-01,0.221309888
3.95E-01,0.221168192
3.95E-01,0.221026497
3.95E-01,0.220884799
3.96E-01,0.220743102
3.96E-01,0.220601406
3.96E-01,0.220459706
3.96E-01,0.220318009
3.96E-01,0.220176312
3.96E-01,0.220034616
3.97E-01,0.219892919
3.97E-01,0.219751221
3.97E-01,0.219609524
3.97E-01,0.219467825
3.97E-01,0.219326125
3.98E-01,0.219184424
3.98E-01,0.21904273
3.98E-01,0.218901031
3.98E-01,0.218759334
3.98E-01,0.218617637
3.98E-01,0.218475941
3.98E-01,0.218334243
3.99E-01,0.218192544
3.99E-01,0.218050843
3.99E-01,0.217909144
3.99E-01,0.217767444
3.99E-01,0.217625741
3.99E-01,0.217484039
4.00E-01,0.217342338
4.00E-01,0.217200639
4.00E-01,0.217058943
4.00E-01,0.216917245
4.00E-01,0.216775548
4.00E-01,0.216633852
4.01E-01,0.216492153
4.01E-01,0.216350455
4.01E-01,0.216208759
4.01E-01,0.216067061
4.01E-01,0.215925366
4.02E-01,0.215783668
4.02E-01,0.215641969
4.02E-01,0.215500271
4.02E-01,0.215358571
4.02E-01,0.215216869
4.03E-01,0.21507517
4.03E-01,0.214933476
4.03E-01,0.214791786
4.03E-01,0.214650093
4.03E-01,0.214508398
4.03E-01,0.214366699
4.04E-01,0.214224999
4.04E-01,0.214083293
4.04E-01,0.213941587
4.04E-01,0.213799879
4.04E-01,0.213658175
4.04E-01,0.213516471
4.05E-01,0.213374771
4.05E-01,0.213233071
4.05E-01,0.213091371
4.05E-01,0.212949671
4.05E-01,0.212807969
4.06E-01,0.212666264
4.06E-01,0.212524563
4.06E-01,0.212382861
4.06E-01,0.212241163
4.06E-01,0.212099465
4.06E-01,0.211957765
4.06E-01,0.211816062
4.07E-01,0.21167436
4.07E-01,0.211532654
4.07E-01,0.211390954
4.07E-01,0.211249258
4.07E-01,0.211107563
4.08E-01,0.210965871
4.08E-01,0.210824175
4.08E-01,0.210682476
4.08E-01,0.210540778
4.08E-01,0.210399082
4.09E-01,0.210257382
4.09E-01,0.210115685
4.09E-01,0.209973986
4.09E-01,0.209832288
4.09E-01,0.209690586
4.09E-01,0.209548887
4.09E-01,0.209407183
4.10E-01,0.20926548
4.10E-01,0.209123779
4.10E-01,0.208982083
4.10E-01,0.208840386
4.10E-01,0.208698688
4.10E-01,0.208556987
4.11E-01,0.208415288
4.11E-01,0.208273594
4.11E-01,0.208131904
4.11E-01,0.207990209
4.11E-01,0.207848514
4.12E-01,0.207706815
4.12E-01,0.207565117
4.12E-01,0.207423418
4.12E-01,0.207281718
4.12E-01,0.207140021
4.12E-01,0.206998324
4.13E-01,0.206856625
4.13E-01,0.206714927
4.13E-01,0.20657323
4.13E-01,0.206431531
4.13E-01,0.206289836
4.13E-01,0.206148136
4.14E-01,0.206006431
4.14E-01,0.205864728
4.14E-01,0.205723027
4.14E-01,0.205581327
4.14E-01,0.205439624
4.14E-01,0.205297926
4.15E-01,0.205156225
4.15E-01,0.205014524
4.15E-01,0.204872822
4.15E-01,0.204731119
4.15E-01,0.204589417
4.15E-01,0.204447713
4.16E-01,0.204306003
4.16E-01,0.204164289
4.16E-01,0.204022575
4.16E-01,0.203880857
4.16E-01,0.203739137
4.17E-01,0.203597405
4.17E-01,0.203455673
4.17E-01,0.203313937
4.17E-01,0.203172202
4.17E-01,0.203030464
4.17E-01,0.202888729
4.18E-01,0.202746996
4.18E-01,0.202605258
4.18E-01,0.202463523
4.18E-01,0.202321788
4.18E-01,0.20218005
4.18E-01,0.202038307
4.19E-01,0.20189657
4.19E-01,0.201754827
4.19E-01,0.201613088
4.19E-01,0.201471349
4.19E-01,0.201329609
4.20E-01,0.201187865
4.20E-01,0.201046128
4.20E-01,0.20090439
4.20E-01,0.200762652
4.20E-01,0.200620916
4.20E-01,0.200479177
4.21E-01,0.200337433
4.21E-01,0.200195693
4.21E-01,0.200053954
4.21E-01,0.199912214
4.21E-01,0.199770471
4.21E-01,0.199628728
4.22E-01,0.199486983
4.22E-01,0.19934524
4.22E-01,0.199203495
4.22E-01,0.19906175
4.22E-01,0.198920008
4.22E-01,0.198778268
4.23E-01,0.198636526
4.23E-01,0.198494777
4.23E-01,0.198353037
4.23E-01,0.198211297
4.23E-01,0.198069561
4.23E-01,0.197927819
4.24E-01,0.197786078
4.24E-01,0.197644338
4.24E-01,0.1975026
4.24E-01,0.197360865
4.24E-01,0.197219133
4.25E-01,0.197077401
4.25E-01,0.196935674
4.25E-01,0.196793949
4.25E-01,0.196652212
4.25E-01,0.196510481
4.25E-01,0.196368749
4.26E-01,0.196227015
4.26E-01,0.196085282
4.26E-01,0.195943553
4.26E-01,0.195801823
4.26E-01,0.195660093
4.26E-01,0.195518366
4.27E-01,0.195376638
4.27E-01,0.195234913
4.27E-01,0.195093187
4.27E-01,0.194951458
4.27E-01,0.194809724
4.27E-01,0.194667989
4.28E-01,0.194526256
4.28E-01,0.194384522
4.28E-01,0.19424279
4.28E-01,0.194101049
4.28E-01,0.193959315
4.29E-01,0.193817577
4.29E-01,0.193675838
4.29E-01,0.193534098
4.29E-01,0.193392359
4.29E-01,0.193250621
4.30E-01,0.193108883
4.30E-01,0.192967147
4.30E-01,0.192825413
4.30E-01,0.192683684
4.30E-01,0.19254195
4.30E-01,0.19240022
4.31E-01,0.192258492
4.31E-01,0.192116755
4.31E-01,0.191975017
4.31E-01,0.19183328
4.31E-01,0.191691546
4.31E-01,0.191549806
4.32E-01,0.191408066
4.32E-01,0.191266327
4.32E-01,0.19112459
4.32E-01,0.190982852
4.32E-01,0.190841111
4.32E-01,0.190699372
4.33E-01,0.190557635
4.33E-01,0.190415903
4.33E-01,0.190274174
4.33E-01,0.190132446
4.33E-01,0.189990717
4.33E-01,0.189848986
4.34E-01,0.189707257
4.34E-01,0.189565523
4.34E-01,0.18942379
4.34E-01,0.189282059
4.34E-01,0.189140326
4.34E-01,0.188998594
4.35E-01,0.188856862
4.35E-01,0.188715136
4.35E-01,0.188573407
4.35E-01,0.188431674
4.35E-01,0.188289939
4.35E-01,0.188148202
4.36E-01,0.188006467
4.36E-01,0.18786473
4.36E-01,0.187722989
4.36E-01,0.187581249
4.36E-01,0.187439509
4.36E-01,0.187297771
4.37E-01,0.187156031
4.37E-01,0.187014293
4.37E-01,0.186872558
4.37E-01,0.186730821
4.37E-01,0.186589085
4.37E-01,0.186447344
4.38E-01,0.186305602
4.38E-01,0.186163857
4.38E-01,0.186022113
4.38E-01,0.185880369
4.38E-01,0.185738629
4.39E-01,0.185596892
4.39E-01,0.18545516
4.39E-01,0.185313426
4.39E-01,0.185171692
4.39E-01,0.185029958
4.39E-01,0.184888228
4.40E-01,0.184746495
4.40E-01,0.184604759
4.40E-01,0.184463023
4.40E-01,0.18432129
4.40E-01,0.184179558
4.40E-01,0.18403782
4.41E-01,0.183896079
4.41E-01,0.183754337
4.41E-01,0.183612593
4.41E-01,0.183470856
4.41E-01,0.183329118
4.41E-01,0.18318738
4.42E-01,0.183045648
4.42E-01,0.182903914
4.42E-01,0.182762175
4.42E-01,0.182620437
4.42E-01,0.182478699
4.42E-01,0.18233696
4.42E-01,0.182195222
4.43E-01,0.18205349
4.43E-01,0.18191176
4.43E-01,0.181770029
4.43E-01,0.181628302
4.43E-01,0.181486572
4.44E-01,0.181344841
4.44E-01,0.181203106
4.44E-01,0.181061374
4.44E-01,0.180919641
4.44E-01,0.180777906
4.44E-01,0.180636172
4.45E-01,0.180494437
4.45E-01,0.180352702
4.45E-01,0.180210967
4.45E-01,0.180069232
4.45E-01,0.179927497
4.46E-01,0.179785766
4.46E-01,0.17964403
4.46E-01,0.179502295
4.46E-01,0.179360559
4.46E-01,0.179218824
4.46E-01,0.179077086
4.47E-01,0.178935346
4.47E-01,0.178793606
4.47E-01,0.178651865
4.47E-01,0.178510123
4.47E-01,0.17836838
4.47E-01,0.178226637
4.48E-01,0.1780849
4.48E-01,0.17794316
4.48E-01,0.17780142
4.48E-01,0.177659677
4.48E-01,0.177517935
4.49E-01,0.177376196
4.49E-01,0.177234461
4.49E-01,0.177092722
4.49E-01,0.176950985
4.49E-01,0.176809249
4.49E-01,0.176667511
4.50E-01,0.176525773
4.50E-01,0.176384035
4.50E-01,0.176242297
4.50E-01,0.176100561
4.50E-01,0.175958827
4.50E-01,0.175817093
4.51E-01,0.175675357
4.51E-01,0.175533625
4.51E-01,0.175391891
4.51E-01,0.175250157
4.51E-01,0.175108424
4.51E-01,0.174966688
4.52E-01,0.174824954
4.52E-01,0.174683219
4.52E-01,0.174541484
4.52E-01,0.174399748
4.52E-01,0.174258014
4.52E-01,0.174116283
4.53E-01,0.173974551
4.53E-01,0.173832822
4.53E-01,0.173691095
4.53E-01,0.173549369
4.53E-01,0.173407641
4.53E-01,0.173265911
4.54E-01,0.173124179
4.54E-01,0.17298245
4.54E-01,0.172840719
4.54E-01,0.172698993
4.54E-01,0.172557268
4.54E-01,0.172415543
4.55E-01,0.17227382
4.55E-01,0.172132097
4.55E-01,0.171990374
4.55E-01,0.171848653
4.55E-01,0.171706931
4.55E-01,0.171565206
4.56E-01,0.171423483
4.56E-01,0.171281758
4.56E-01,0.171140035
4.56E-01,0.170998311
4.56E-01,0.170856578
4.56E-01,0.170714851
4.57E-01,0.170573124
4.57E-01,0.170431399
4.57E-01,0.170289675
4.57E-01,0.170147951
4.57E-01,0.170006228
4.57E-01,0.169864508
4.58E-01,0.169722791
4.58E-01,0.169581077
4.58E-01,0.169439365
4.58E-01,0.169297653
4.58E-01,0.169155945
4.58E-01,0.169014235
4.59E-01,0.168872525
4.59E-01,0.168730814
4.59E-01,0.168589107
4.59E-01,0.168447396
4.59E-01,0.168305687
4.59E-01,0.168163979
4.60E-01,0.168022269
4.60E-01,0.167880564
4.60E-01,0.167738857
4.60E-01,0.167597151
4.60E-01,0.167455445
4.60E-01,0.167313741
4.60E-01,0.167172034
4.61E-01,0.167030326
4.61E-01,0.166888616
4.61E-01,0.166746909
4.61E-01,0.166605202
4.61E-01,0.166463498
4.62E-01,0.166321794
4.62E-01,0.166180088
4.62E-01,0.166038385
4.62E-01,0.165896683
4.62E-01,0.165754979
4.62E-01,0.165613277
4.63E-01,0.165471574
4.63E-01,0.165329871
4.63E-01,0.165188167
4.63E-01,0.165046464
4.63E-01,0.164904758
4.63E-01,0.164763051
4.64E-01,0.164621347
4.64E-01,0.164479644
4.64E-01,0.16433794
4.64E-01,0.164196239
4.64E-01,0.164054534
4.64E-01,0.163912829
4.64E-01,0.163771126
4.65E-01,0.163629421
4.65E-01,0.163487713
4.65E-01,0.163346008
4.65E-01,0.163204303
4.65E-01,0.163062599
4.65E-01,0.162920894
4.66E-01,0.162779185
4.66E-01,0.162637475
4.66E-01,0.162495768
4.66E-01,0.162354058
4.66E-01,0.162212353
4.66E-01,0.16207065
4.66E-01,0.161928949
4.67E-01,0.161787249
4.67E-01,0.161645547
4.67E-01,0.161503846
4.67E-01,0.161362144
4.67E-01,0.161220441
4.67E-01,0.161078737
4.68E-01,0.160937034
4.68E-01,0.160795328
4.68E-01,0.160653625
4.68E-01,0.160511925
4.68E-01,0.160370227
4.68E-01,0.160228532
4.69E-01,0.160086834
4.69E-01,0.159945133
4.69E-01,0.159803429
4.69E-01,0.159661725
4.69E-01,0.159520026
4.69E-01,0.159378327
4.70E-01,0.159236627
4.70E-01,0.159094923
4.70E-01,0.15895322
4.70E-01,0.158811519
4.70E-01,0.158669815
4.70E-01,0.158528111
4.71E-01,0.158386408
4.71E-01,0.158244705
4.71E-01,0.158103005
4.71E-01,0.157961302
4.71E-01,0.157819597
4.71E-01,0.15767789
4.71E-01,0.157536185
4.72E-01,0.15739448
4.72E-01,0.157252776
4.72E-01,0.15711107
4.72E-01,0.156969367
4.72E-01,0.156827669
4.72E-01,0.156685968
4.73E-01,0.156544269
4.73E-01,0.156402569
4.73E-01,0.156260872
4.73E-01,0.156119171
4.73E-01,0.155977467
4.74E-01,0.155835766
4.74E-01,0.155694067
4.74E-01,0.155552369
4.74E-01,0.155410665
4.74E-01,0.155268961
4.74E-01,0.155127258
4.74E-01,0.154985557
4.75E-01,0.154843857
4.75E-01,0.154702156
4.75E-01,0.154560455
4.75E-01,0.154418755
4.75E-01,0.154277058
4.75E-01,0.154135355
4.76E-01,0.153993652
4.76E-01,0.153851948
4.76E-01,0.153710245
4.76E-01,0.153568538
4.76E-01,0.153426834
4.76E-01,0.153285132
4.77E-01,0.153143433
4.77E-01,0.153001735
4.77E-01,0.152860034
4.77E-01,0.152718334
4.77E-01,0.152576631
4.78E-01,0.152434925
4.78E-01,0.152293217
4.78E-01,0.15215151
4.78E-01,0.152009803
4.78E-01,0.151868098
4.78E-01,0.151726396
4.78E-01,0.151584692
4.78E-01,0.151442991
4.79E-01,0.15130129
4.79E-01,0.15115959
4.79E-01,0.151017886
4.79E-01,0.150876183
4.79E-01,0.15073448
4.79E-01,0.150592778
4.80E-01,0.150451075
4.80E-01,0.15030937
4.80E-01,0.150167665
4.80E-01,0.150025961
4.80E-01,0.14988426
4.81E-01,0.149742559
4.81E-01,0.149600859
4.81E-01,0.14945916
4.81E-01,0.14931746
4.81E-01,0.149175761
4.81E-01,0.149034056
4.82E-01,0.148892353
4.82E-01,0.148750651
4.82E-01,0.148608951
4.82E-01,0.148467248
4.82E-01,0.148325547
4.83E-01,0.14818385
4.83E-01,0.148042152
4.83E-01,0.147900449
4.83E-01,0.147758747
4.83E-01,0.147617048
4.83E-01,0.147475345
4.84E-01,0.14733364
4.84E-01,0.147191935
4.84E-01,0.147050231
4.84E-01,0.146908528
4.84E-01,0.146766825
4.85E-01,0.14662512
4.85E-01,0.146483414
4.85E-01,0.14634171
4.85E-01,0.146200004
4.85E-01,0.146058297
4.85E-01,0.145916591
4.86E-01,0.145774886
4.86E-01,0.145633186
4.86E-01,0.145491483
4.86E-01,0.145349781
4.86E-01,0.145208079
4.86E-01,0.14506638
4.87E-01,0.144924683
4.87E-01,0.144782987
4.87E-01,0.144641289
4.87E-01,0.144499591
4.87E-01,0.144357893
4.87E-01,0.144216195
4.88E-01,0.144074498
4.88E-01,0.143932799
4.88E-01,0.143791098
4.88E-01,0.143649398
4.88E-01,0.143507695
4.89E-01,0.143365993
4.89E-01,0.143224289
4.89E-01,0.143082584
4.89E-01,0.142940882
4.89E-01,0.142799182
4.89E-01,0.142657483
4.90E-01,0.142515783
4.90E-01,0.142374083
4.90E-01,0.142232381
4.90E-01,0.142090676
4.90E-01,0.141948974
4.91E-01,0.141807276
4.91E-01,0.141665576
4.91E-01,0.141523877
4.91E-01,0.141382176
4.91E-01,0.141240479
4.92E-01,0.141098783
4.92E-01,0.140957083
4.92E-01,0.140815382
4.92E-01,0.140673684
4.92E-01,0.140531984
4.92E-01,0.140390287
4.93E-01,0.140248588
4.93E-01,0.140106891
4.93E-01,0.139965191
4.93E-01,0.13982349
4.93E-01,0.139681792
4.93E-01,0.139540096
4.94E-01,0.139398398
4.94E-01,0.139256699
4.94E-01,0.139115
4.94E-01,0.138973298
4.94E-01,0.138831597
4.95E-01,0.138689898
4.95E-01,0.138548201
4.95E-01,0.138406501
4.95E-01,0.1382648
4.95E-01,0.138123101
4.96E-01,0.137981399
4.96E-01,0.137839701
4.96E-01,0.137698002
4.96E-01,0.137556307
4.96E-01,0.137414609
4.97E-01,0.137272911
4.97E-01,0.137131214
4.97E-01,0.136989519
4.97E-01,0.136847822
4.97E-01,0.136706124
4.97E-01,0.136564425
4.98E-01,0.136422725
4.98E-01,0.136281025
4.98E-01,0.136139324
4.98E-01,0.135997626
4.98E-01,0.135855926
4.99E-01,0.135714228
4.99E-01,0.135572529
4.99E-01,0.135430826
4.99E-01,0.135289127
4.99E-01,0.135147428
5.00E-01,0.13500573
5.00E-01,0.134864033
5.00E-01,0.134722333
5.00E-01,0.134580634
5.01E-01,0.134438931
5.01E-01,0.134297231
5.01E-01,0.134155534
5.01E-01,0.13401384
5.01E-01,0.133872148
5.01E-01,0.133730453
5.02E-01,0.133588758
5.02E-01,0.133447063
5.02E-01,0.133305368
5.02E-01,0.13316367
5.03E-01,0.133021974
5.03E-01,0.132880275
5.03E-01,0.132738579
5.03E-01,0.132596881
5.03E-01,0.132455184
5.04E-01,0.132313491
5.04E-01,0.1321718
5.04E-01,0.132030104
5.04E-01,0.131888407
5.04E-01,0.13174671
5.04E-01,0.131605015
5.05E-01,0.131463321
5.05E-01,0.131321623
5.05E-01,0.131179929
5.05E-01,0.131038233
5.06E-01,0.130896536
5.06E-01,0.130754839
5.06E-01,0.130613143
5.06E-01,0.130471446
5.06E-01,0.13032975
5.07E-01,0.130188052
5.07E-01,0.13004635
5.07E-01,0.12990465
5.07E-01,0.129762954
5.07E-01,0.129621253
5.08E-01,0.129479553
5.08E-01,0.129337854
5.08E-01,0.129196155
5.08E-01,0.129054455
5.09E-01,0.128912759
5.09E-01,0.128771063
5.09E-01,0.128629366
5.09E-01,0.128487672
5.09E-01,0.128345978
5.10E-01,0.128204278
5.10E-01,0.128062578
5.10E-01,0.127920877
5.10E-01,0.127779178
5.10E-01,0.12763748
5.11E-01,0.127495783
5.11E-01,0.127354089
5.11E-01,0.127212392
5.11E-01,0.127070693
5.12E-01,0.126928993
5.12E-01,0.126787293
5.12E-01,0.126645596
5.12E-01,0.1265039
5.12E-01,0.126362202
5.13E-01,0.126220506
5.13E-01,0.126078809
5.13E-01,0.125937114
5.13E-01,0.125795418
5.14E-01,0.125653718
5.14E-01,0.125512022
5.14E-01,0.125370326
5.14E-01,0.125228634
5.14E-01,0.12508694
5.14E-01,0.124945242
5.15E-01,0.124803543
5.15E-01,0.124661847
5.15E-01,0.124520148
5.16E-01,0.124378447
5.16E-01,0.124236751
5.16E-01,0.124095056
5.16E-01,0.12395336
5.16E-01,0.123811664
5.17E-01,0.123669965
5.17E-01,0.123528269
5.17E-01,0.123386573
5.17E-01,0.123244876
5.17E-01,0.123103174
5.18E-01,0.122961473
5.18E-01,0.12281977
5.18E-01,0.122678069
5.19E-01,0.122536365
5.19E-01,0.122394662
5.19E-01,0.12225296
5.19E-01,0.122111261
5.20E-01,0.121969567
5.20E-01,0.121827871
5.20E-01,0.121686175
5.20E-01,0.121544476
5.21E-01,0.121402782
5.21E-01,0.121261089
5.21E-01,0.121119397
5.21E-01,0.120977705
5.21E-01,0.120836012
5.22E-01,0.120694318
5.22E-01,0.120552622
5.22E-01,0.120410926
5.22E-01,0.120269229
5.23E-01,0.120127533
5.23E-01,0.119985838
5.23E-01,0.119844138
5.23E-01,0.11970244
5.23E-01,0.11956074
5.24E-01,0.11941904
5.24E-01,0.119277338
5.24E-01,0.119135639
5.24E-01,0.118993945
5.25E-01,0.118852252
5.25E-01,0.118710559
5.25E-01,0.118568864
5.25E-01,0.118427166
5.26E-01,0.118285469
5.26E-01,0.11814377
5.26E-01,0.118002069
5.26E-01,0.117860369
5.27E-01,0.11771867
5.27E-01,0.117576976
5.27E-01,0.117435282
5.27E-01,0.117293587
5.28E-01,0.11715189
5.28E-01,0.117010195
5.28E-01,0.1168685
5.28E-01,0.116726805
5.29E-01,0.116585107
5.29E-01,0.116443409
5.29E-01,0.116301713
5.29E-01,0.116160017
5.30E-01,0.11601832
5.30E-01,0.115876627
5.30E-01,0.115734931
5.30E-01,0.115593232
5.31E-01,0.115451531
5.31E-01,0.115309829
5.31E-01,0.115168128
5.32E-01,0.115026433
5.32E-01,0.114884737
5.32E-01,0.114743043
5.32E-01,0.114601349
5.33E-01,0.114459652
5.33E-01,0.114317956
5.33E-01,0.114176256
5.33E-01,0.11403456
5.34E-01,0.113892865
5.34E-01,0.113751173
5.34E-01,0.113609477
5.34E-01,0.113467786
5.35E-01,0.113326091
5.35E-01,0.113184395
5.35E-01,0.113042695
5.35E-01,0.112900992
5.36E-01,0.112759289
5.36E-01,0.112617586
5.36E-01,0.112475885
5.36E-01,0.112334185
5.37E-01,0.112192489
5.37E-01,0.112050791
5.37E-01,0.111909095
5.38E-01,0.1117674
5.38E-01,0.111625703
5.38E-01,0.11148401
5.38E-01,0.111342318
5.39E-01,0.111200623
5.39E-01,0.111058928
5.39E-01,0.110917233
5.39E-01,0.110775536
5.40E-01,0.110633837
5.40E-01,0.110492138
5.40E-01,0.110350438
5.41E-01,0.110208735
5.41E-01,0.110067031
5.41E-01,0.109925329
5.41E-01,0.109783633
5.42E-01,0.109641933
5.42E-01,0.109500234
5.42E-01,0.109358537
5.43E-01,0.10921684
5.43E-01,0.109075141
5.43E-01,0.10893344
5.43E-01,0.108791739
5.44E-01,0.108650039
5.44E-01,0.108508342
5.44E-01,0.108366646
5.45E-01,0.108224955
5.45E-01,0.108083264
5.45E-01,0.10794157
5.45E-01,0.107799874
5.46E-01,0.107658176
5.46E-01,0.107516478
5.46E-01,0.10737478
5.46E-01,0.10723308
5.47E-01,0.107091379
5.47E-01,0.10694968
5.47E-01,0.106807979
5.48E-01,0.10666628
5.48E-01,0.10652458
5.48E-01,0.106382884
5.48E-01,0.106241186
5.49E-01,0.106099488
5.49E-01,0.105957792
5.49E-01,0.105816097
5.50E-01,0.105674404
5.50E-01,0.105532712
5.50E-01,0.105391018
5.50E-01,0.105249319
5.51E-01,0.105107622
5.51E-01,0.104965923
5.52E-01,0.104824227
5.52E-01,0.104682535
5.52E-01,0.10454084
5.52E-01,0.104399142
5.53E-01,0.104257444
5.53E-01,0.104115748
5.53E-01,0.103974055
5.54E-01,0.10383236
5.54E-01,0.103690666
5.54E-01,0.103548974
5.54E-01,0.103407283
5.55E-01,0.103265589
5.55E-01,0.103123895
5.55E-01,0.1029822
5.56E-01,0.102840505
5.56E-01,0.102698812
5.56E-01,0.102557117
5.57E-01,0.102415425
5.57E-01,0.102273733
5.57E-01,0.102132041
5.58E-01,0.10199035
5.58E-01,0.101848654
5.58E-01,0.10170696
5.58E-01,0.101565268
5.59E-01,0.101423578
5.59E-01,0.101281887
5.59E-01,0.101140199
5.60E-01,0.100998508
5.60E-01,0.100856812
5.60E-01,0.100715119
5.61E-01,0.100573426
5.61E-01,0.100431734
5.61E-01,0.10029004
5.62E-01,0.100148343
5.62E-01,0.100006646
5.62E-01,0.099864952
5.63E-01,0.099723256
5.63E-01,0.099581561
5.63E-01,0.099439865
5.63E-01,0.099298168
5.64E-01,0.099156471
5.64E-01,0.099014774
5.64E-01,0.098873081
5.65E-01,0.098731389
5.65E-01,0.098589693
5.65E-01,0.098447998
5.66E-01,0.098306303
5.66E-01,0.098164609
5.66E-01,0.098022918
5.67E-01,0.097881226
5.67E-01,0.097739533
5.67E-01,0.09759784
5.68E-01,0.097456148
5.68E-01,0.097314456
5.68E-01,0.097172752
5.68E-01,0.097031049
5.69E-01,0.09688935
5.69E-01,0.096747651
5.70E-01,0.096605953
5.70E-01,0.096464254
5.70E-01,0.096322556
5.71E-01,0.096180855
5.71E-01,0.096039155
5.71E-01,0.095897457
5.72E-01,0.09575576
5.72E-01,0.095614065
5.72E-01,0.095472371
5.73E-01,0.095330676
5.73E-01,0.095188979
5.73E-01,0.095047283
5.74E-01,0.094905587
5.74E-01,0.094763892
5.74E-01,0.094622196
5.75E-01,0.094480499
5.75E-01,0.094338804
5.75E-01,0.094197109
5.76E-01,0.094055415
5.76E-01,0.093913723
5.76E-01,0.093772034
5.77E-01,0.093630347
5.77E-01,0.093488658
5.77E-01,0.093346966
5.78E-01,0.093205275
5.78E-01,0.093063588
5.78E-01,0.092921901
5.79E-01,0.09278021
5.79E-01,0.092638514
5.79E-01,0.09249682
5.80E-01,0.092355123
5.80E-01,0.09221343
5.80E-01,0.092071735
5.81E-01,0.09193004
5.81E-01,0.091788346
5.82E-01,0.091646648
5.82E-01,0.091504946
5.82E-01,0.091363247
5.83E-01,0.091221556
5.83E-01,0.091079863
5.83E-01,0.09093817
5.84E-01,0.090796478
5.84E-01,0.090654783
5.84E-01,0.09051309
5.85E-01,0.090371398
5.85E-01,0.090229708
5.86E-01,0.090088009
5.86E-01,0.089946314
5.86E-01,0.08980462
5.87E-01,0.089662924
5.87E-01,0.089521225
5.88E-01,0.089379522
5.88E-01,0.08923782
5.88E-01,0.089096121
5.88E-01,0.088954425
5.89E-01,0.088812731
5.89E-01,0.088671036
5.90E-01,0.088529343
5.90E-01,0.08838765
5.90E-01,0.088245952
5.91E-01,0.088104256
5.91E-01,0.087962561
5.92E-01,0.087820868
5.92E-01,0.087679175
5.92E-01,0.08753748
5.93E-01,0.087395785
5.93E-01,0.087254089
5.93E-01,0.087112397
5.94E-01,0.0869707
5.94E-01,0.086829001
5.95E-01,0.086687305
5.95E-01,0.086545612
5.95E-01,0.086403918
5.96E-01,0.086262225
5.96E-01,0.086120535
5.97E-01,0.085978843
5.97E-01,0.085837151
5.97E-01,0.085695459
5.98E-01,0.085553768
5.98E-01,0.085412078
5.99E-01,0.085270391
5.99E-01,0.085128702
5.99E-01,0.084987011
6.00E-01,0.084845322
6.00E-01,0.084703632
6.01E-01,0.084561936
6.01E-01,0.084420238
6.01E-01,0.084278542
6.02E-01,0.084136846
6.02E-01,0.083995152
6.02E-01,0.083853458
6.03E-01,0.08371176
6.03E-01,0.083570064
6.04E-01,0.08342837
6.04E-01,0.08328668
6.05E-01,0.083144988
6.05E-01,0.0830033
6.05E-01,0.08286161
6.06E-01,0.082719919
6.06E-01,0.082578225
6.06E-01,0.082436526
6.07E-01,0.082294828
6.07E-01,0.082153127
6.08E-01,0.08201143
6.08E-01,0.081869733
6.09E-01,0.081728036
6.09E-01,0.081586343
6.09E-01,0.081444646
6.10E-01,0.08130295
6.10E-01,0.081161254
6.11E-01,0.081019561
6.11E-01,0.080877868
6.12E-01,0.080736175
6.12E-01,0.080594484
6.12E-01,0.080452793
6.13E-01,0.080311104
6.13E-01,0.080169408
6.14E-01,0.080027713
6.14E-01,0.079886021
6.15E-01,0.079744329
6.15E-01,0.079602638
6.15E-01,0.079460949
6.16E-01,0.079319259
6.16E-01,0.079177569
6.17E-01,0.079035876
6.17E-01,0.078894179
6.18E-01,0.078752482
6.18E-01,0.078610785
6.18E-01,0.078469087
6.19E-01,0.078327391
6.19E-01,0.078185695
6.20E-01,0.078043999
6.20E-01,0.077902308
6.21E-01,0.077760616
6.21E-01,0.077618925
6.22E-01,0.077477234
6.22E-01,0.077335543
6.23E-01,0.077193849
6.23E-01,0.077052155
6.23E-01,0.076910463
6.24E-01,0.076768773
6.24E-01,0.076627079
6.25E-01,0.076485386
6.25E-01,0.076343694
6.26E-01,0.076202005
6.26E-01,0.076060316
6.27E-01,0.075918624
6.27E-01,0.07577693
6.28E-01,0.075635238
6.28E-01,0.07549354
6.28E-01,0.075351845
6.29E-01,0.07521015
6.29E-01,0.075068461
6.30E-01,0.074926769
6.30E-01,0.074785079
6.31E-01,0.074643384
6.31E-01,0.074501687
6.32E-01,0.074359992
6.32E-01,0.074218298
6.33E-01,0.074076611
6.33E-01,0.073934922
6.34E-01,0.073793235
6.34E-01,0.073651545
6.35E-01,0.073509857
6.35E-01,0.073368165
6.36E-01,0.073226476
6.36E-01,0.073084784
6.37E-01,0.072943096
6.37E-01,0.07280141
6.37E-01,0.072659723
6.38E-01,0.072518036
6.39E-01,0.072376343
6.39E-01,0.072234647
6.40E-01,0.072092952
6.40E-01,0.071951256
6.41E-01,0.071809558
6.41E-01,0.071667861
6.42E-01,0.071526167
6.42E-01,0.071384475
6.42E-01,0.071242781
6.43E-01,0.071101085
6.44E-01,0.070959391
6.44E-01,0.070817699
6.45E-01,0.070676008
6.45E-01,0.070534315
6.46E-01,0.070392622
6.46E-01,0.070250931
6.47E-01,0.070109236
6.47E-01,0.069967542
6.48E-01,0.069825848
6.48E-01,0.069684154
6.49E-01,0.069542462
6.49E-01,0.069400771
6.50E-01,0.069259083
6.50E-01,0.069117392
6.51E-01,0.068975697
6.51E-01,0.068834003
6.52E-01,0.06869231
6.52E-01,0.068550616
6.53E-01,0.068408921
6.54E-01,0.068267228
6.54E-01,0.068125534
6.55E-01,0.06798384
6.55E-01,0.067842147
6.56E-01,0.067700455
6.56E-01,0.067558763
6.57E-01,0.067417071
6.57E-01,0.067275377
6.58E-01,0.067133687
6.59E-01,0.066991996
6.59E-01,0.066850306
6.60E-01,0.066708612
6.60E-01,0.06656692
6.61E-01,0.066425226
6.61E-01,0.066283531
6.62E-01,0.066141834
6.62E-01,0.066000137
6.63E-01,0.06585844
6.63E-01,0.065716743
6.64E-01,0.065575047
6.65E-01,0.06543335
6.65E-01,0.065291652
6.66E-01,0.065149958
6.66E-01,0.065008264
6.67E-01,0.064866571
6.68E-01,0.064724878
6.68E-01,0.064583184
6.69E-01,0.06444149
6.69E-01,0.064299795
6.70E-01,0.064158099
6.70E-01,0.064016399
6.71E-01,0.0638747
6.72E-01,0.063733002
6.72E-01,0.063591304
6.73E-01,0.063449608
6.73E-01,0.063307915
6.74E-01,0.063166222
6.75E-01,0.063024531
6.75E-01,0.062882838
6.76E-01,0.062741149
6.77E-01,0.062599461
6.77E-01,0.062457772
6.78E-01,0.06231608
6.78E-01,0.062174389
6.79E-01,0.062032696
6.79E-01,0.061891002
6.80E-01,0.061749307
6.81E-01,0.061607612
6.81E-01,0.061465918
6.82E-01,0.061324223
6.83E-01,0.06118253
6.83E-01,0.061040836
6.84E-01,0.060899134
6.84E-01,0.060757433
6.85E-01,0.060615734
6.86E-01,0.060474035
6.86E-01,0.060332336
6.87E-01,0.06019064
6.88E-01,0.060048949
6.88E-01,0.059907254
6.89E-01,0.059765558
6.90E-01,0.05962386
6.90E-01,0.059482163
6.91E-01,0.059340469
6.92E-01,0.059198777
6.92E-01,0.059057085
6.93E-01,0.058915394
6.94E-01,0.058773698
6.94E-01,0.058632002
6.95E-01,0.058490305
6.96E-01,0.058348604
6.96E-01,0.058206905
6.97E-01,0.058065208
6.98E-01,0.057923512
6.98E-01,0.057781815
6.99E-01,0.057640117
7.00E-01,0.057498419
7.00E-01,0.057356722
7.01E-01,0.057215021
7.02E-01,0.057073319
7.02E-01,0.056931621
7.03E-01,0.056789924
7.04E-01,0.056648229
7.05E-01,0.056506535
7.05E-01,0.05636484
7.06E-01,0.056223146
7.07E-01,0.056081454
7.07E-01,0.05593976
7.08E-01,0.055798066
7.09E-01,0.05565637
7.10E-01,0.055514674
7.10E-01,0.055372978
7.11E-01,0.055231285
7.12E-01,0.055089592
7.13E-01,0.054947894
7.13E-01,0.0548062
7.14E-01,0.054664508
7.15E-01,0.054522817
7.15E-01,0.054381128
7.16E-01,0.054239435
7.17E-01,0.054097741
7.18E-01,0.053956048
7.18E-01,0.053814352
7.19E-01,0.053672657
7.20E-01,0.053530965
7.21E-01,0.053389269
7.22E-01,0.053247577
7.22E-01,0.053105883
7.23E-01,0.052964189
7.24E-01,0.052822497
7.25E-01,0.052680801
7.26E-01,0.052539107
7.26E-01,0.052397412
7.27E-01,0.052255722
7.28E-01,0.052114031
7.29E-01,0.05197234
7.29E-01,0.051830648
7.30E-01,0.051688953
7.31E-01,0.051547261
7.32E-01,0.051405568
7.33E-01,0.051263877
7.34E-01,0.051122185
7.34E-01,0.050980495
7.35E-01,0.050838804
7.36E-01,0.05069711
7.37E-01,0.050555414
7.38E-01,0.050413718
7.38E-01,0.050272027
7.39E-01,0.050130335
7.40E-01,0.049988641
7.41E-01,0.049846945
7.42E-01,0.04970525
7.43E-01,0.049563552
7.44E-01,0.049421855
7.44E-01,0.049280157
7.45E-01,0.049138462
7.46E-01,0.04899677
7.47E-01,0.048855074
7.48E-01,0.048713379
7.49E-01,0.048571687
7.50E-01,0.048429993
7.51E-01,0.048288297
7.52E-01,0.0481466
7.53E-01,0.048004908
7.53E-01,0.047863216
7.54E-01,0.047721526
7.55E-01,0.047579837
7.56E-01,0.047438146
7.57E-01,0.047296459
7.58E-01,0.047154776
7.59E-01,0.047013089
7.60E-01,0.046871405
7.61E-01,0.046729717
7.62E-01,0.046588027
7.62E-01,0.046446338
7.63E-01,0.046304647
7.64E-01,0.04616296
7.65E-01,0.046021274
7.66E-01,0.045879584
7.67E-01,0.045737889
7.68E-01,0.045596194
7.69E-01,0.045454501
7.70E-01,0.045312805
7.71E-01,0.045171109
7.72E-01,0.045029412
7.73E-01,0.044887719
7.74E-01,0.044746024
7.75E-01,0.044604333
7.76E-01,0.044462642
7.77E-01,0.044320949
7.78E-01,0.044179255
7.79E-01,0.044037564
7.80E-01,0.043895871
7.81E-01,0.043754179
7.82E-01,0.043612486
7.83E-01,0.043470789
7.84E-01,0.043329093
7.85E-01,0.043187398
7.86E-01,0.043045706
7.87E-01,0.042904015
7.88E-01,0.042762324
7.89E-01,0.042620633
7.90E-01,0.042478941
7.91E-01,0.042337249
7.92E-01,0.042195555
7.93E-01,0.042053866
7.94E-01,0.041912172
7.95E-01,0.041770476
7.96E-01,0.041628781
7.97E-01,0.041487087
7.98E-01,0.041345393
8.00E-01,0.041203696
8.01E-01,0.041062
8.02E-01,0.040920308
8.03E-01,0.040778613
8.04E-01,0.040636916
8.05E-01,0.040495222
8.06E-01,0.04035353
8.07E-01,0.040211836
8.08E-01,0.040070142
8.10E-01,0.039928447
8.11E-01,0.039786751
8.12E-01,0.039645056
8.13E-01,0.039503362
8.14E-01,0.039361665
8.15E-01,0.039219968
8.17E-01,0.039078266
8.18E-01,0.038936568
8.19E-01,0.038794866
8.20E-01,0.038653169
8.21E-01,0.03851147
8.22E-01,0.038369772
8.23E-01,0.038228077
8.25E-01,0.038086384
8.26E-01,0.037944691
8.27E-01,0.037802995
8.28E-01,0.037661302
8.30E-01,0.03751961
8.31E-01,0.03737792
8.32E-01,0.037236234
8.33E-01,0.037094546
8.34E-01,0.036952855
8.36E-01,0.036811163
8.37E-01,0.036669469
8.38E-01,0.036527776
8.40E-01,0.036386084
8.41E-01,0.03624439
8.42E-01,0.036102699
8.43E-01,0.035961007
8.44E-01,0.035819312
8.46E-01,0.03567762
8.47E-01,0.035535926
8.48E-01,0.035394238
8.50E-01,0.035252548
8.51E-01,0.03511086
8.52E-01,0.034969173
8.54E-01,0.034827487
8.55E-01,0.034685798
8.56E-01,0.034544107
8.58E-01,0.034402416
8.59E-01,0.034260722
8.60E-01,0.034119029
8.62E-01,0.033977338
8.63E-01,0.033835651
8.64E-01,0.033693958
8.66E-01,0.033552264
8.67E-01,0.033410573
8.69E-01,0.033268881
8.70E-01,0.03312719
8.71E-01,0.032985498
8.73E-01,0.032843803
8.74E-01,0.032702108
8.76E-01,0.032560413
8.77E-01,0.032418719
8.78E-01,0.032277024
8.80E-01,0.032135329
8.81E-01,0.031993633
8.83E-01,0.031851933
8.84E-01,0.031710234
8.86E-01,0.031568537
8.87E-01,0.031426841
8.89E-01,0.031285143
8.90E-01,0.031143445
8.91E-01,0.031001746
8.93E-01,0.030860048
8.94E-01,0.03071835
8.96E-01,0.030576655
8.97E-01,0.030434957
8.99E-01,0.030293262
9.00E-01,0.030151566
9.02E-01,0.030009875
9.04E-01,0.02986818
9.05E-01,0.029726487
9.07E-01,0.029584795
9.08E-01,0.029443104
9.10E-01,0.02930141
9.11E-01,0.029159718
9.13E-01,0.029018026
9.14E-01,0.028876333
9.16E-01,0.028734639
9.18E-01,0.028592944
9.19E-01,0.02845125
9.21E-01,0.028309556
9.22E-01,0.028167865
9.24E-01,0.028026176
9.26E-01,0.027884484
9.27E-01,0.027742791
9.29E-01,0.027601095
9.30E-01,0.0274594
9.32E-01,0.027317706
9.34E-01,0.027176014
9.35E-01,0.027034323
9.37E-01,0.026892635
9.39E-01,0.026750943
9.40E-01,0.026609248
9.42E-01,0.026467552
9.44E-01,0.026325858
9.45E-01,0.026184165
9.47E-01,0.026042476
9.49E-01,0.025900788
9.51E-01,0.0257591
9.52E-01,0.02561741
9.54E-01,0.025475719
9.56E-01,0.025334033
9.57E-01,0.025192343
9.59E-01,0.025050655
9.61E-01,0.02490897
9.63E-01,0.024767286
9.65E-01,0.024625595
9.66E-01,0.024483904
9.68E-01,0.024342216
9.70E-01,0.024200524
9.72E-01,0.024058828
9.73E-01,0.023917132
9.75E-01,0.023775443
9.77E-01,0.023633753
9.79E-01,0.023492063
9.81E-01,0.023350372
9.83E-01,0.02320868
9.84E-01,0.023066987
9.86E-01,0.022925292
9.88E-01,0.022783599
9.90E-01,0.02264191
9.92E-01,0.022500218
9.94E-01,0.022358524
9.96E-01,0.022216829
9.98E-01,0.022075139
1.00E+00,0.021933452
1.00E+00,0.021791758
1.00E+00,0.021650057
1.01E+00,0.021508357
1.01E+00,0.021366656
1.01E+00,0.021224954
1.01E+00,0.021083254
1.01E+00,0.020941553
1.02E+00,0.020799852
1.02E+00,0.020658154
1.02E+00,0.020516457
1.02E+00,0.020374759
1.02E+00,0.020233061
1.03E+00,0.020091361
1.03E+00,0.019949661
1.03E+00,0.019807963
1.03E+00,0.01966626
1.03E+00,0.019524556
1.04E+00,0.019382852
1.04E+00,0.019241146
1.04E+00,0.019099442
1.04E+00,0.018957737
1.04E+00,0.018816032
1.05E+00,0.018674325
1.05E+00,0.018532619
1.05E+00,0.018390911
1.05E+00,0.018249206
1.05E+00,0.018107503
1.06E+00,0.0179658
1.06E+00,0.017824096
1.06E+00,0.017682392
1.06E+00,0.017540686
1.07E+00,0.017398978
1.07E+00,0.017257271
1.07E+00,0.017115563
1.07E+00,0.016973856
1.07E+00,0.01683215
1.08E+00,0.016690447
1.08E+00,0.016548743
1.08E+00,0.016407041
1.08E+00,0.016265338
1.09E+00,0.016123633
1.09E+00,0.015981927
1.09E+00,0.01584022
1.09E+00,0.015698517
1.10E+00,0.015556813
1.10E+00,0.01541511
1.10E+00,0.01527341
1.10E+00,0.015131705
1.11E+00,0.014989997
1.11E+00,0.014848289
1.11E+00,0.014706586
1.11E+00,0.014564889
1.12E+00,0.014423189
1.12E+00,0.014281487
1.12E+00,0.014139784
1.12E+00,0.013998076
1.13E+00,0.013856371
1.13E+00,0.013714668
1.13E+00,0.013572967
1.13E+00,0.013431266
1.14E+00,0.013289568
1.14E+00,0.013147871
1.14E+00,0.013006171
1.14E+00,0.012864471
1.15E+00,0.012722768
1.15E+00,0.012581066
1.15E+00,0.012439362
1.16E+00,0.012297661
1.16E+00,0.012155961
1.16E+00,0.012014263
1.16E+00,0.011872567
1.17E+00,0.011730866
1.17E+00,0.011589163
1.17E+00,0.011447456
1.18E+00,0.011305753
1.18E+00,0.011164051
1.18E+00,0.011022348
1.18E+00,0.010880648
1.19E+00,0.010738945
1.19E+00,0.010597244
1.19E+00,0.010455541
1.20E+00,0.010313841
1.20E+00,0.01017214
1.20E+00,0.010030439
1.21E+00,0.009888732
1.21E+00,0.009747029
1.21E+00,0.009605323
1.22E+00,0.009463616
1.22E+00,0.009321909
1.22E+00,0.009180204
1.23E+00,0.009038503
1.23E+00,0.008896801
1.23E+00,0.008755097
1.24E+00,0.008613395
1.24E+00,0.008471694
1.24E+00,0.008329989
1.25E+00,0.008188283
1.25E+00,0.008046577
1.25E+00,0.007904874
1.26E+00,0.007763171
1.26E+00,0.007621468
1.26E+00,0.007479764
1.27E+00,0.007338062
1.27E+00,0.007196357
1.27E+00,0.007054648
1.28E+00,0.006912943
1.28E+00,0.006771237
1.29E+00,0.006629534
1.29E+00,0.00648783
1.29E+00,0.006346128
1.30E+00,0.006204429
1.30E+00,0.006062728
1.31E+00,0.005921023
1.31E+00,0.005779318
1.31E+00,0.00563762
1.32E+00,0.005495923
1.32E+00,0.005354227
1.33E+00,0.00521253
1.33E+00,0.005070834
1.33E+00,0.004929137
1.34E+00,0.004787439
1.34E+00,0.004645738
1.35E+00,0.004504038
1.35E+00,0.004362338
1.36E+00,0.004220638
1.36E+00,0.004078941
1.36E+00,0.003937245
1.37E+00,0.003795549
1.37E+00,0.003653853
1.38E+00,0.003512153
1.38E+00,0.003370454
1.39E+00,0.003228761
1.39E+00,0.003087069
1.40E+00,0.002945376
1.40E+00,0.002803682
1.41E+00,0.002661987
1.41E+00,0.002520292
1.41E+00,0.002378597
1.42E+00,0.002236899
1.42E+00,0.002095205
1.43E+00,0.001953512
1.43E+00,0.001811818
1.44E+00,0.001670123
1.44E+00,0.001528427
1.45E+00,0.001386727
1.45E+00,0.001245026
1.46E+00,0.001103326
1.46E+00,0.000961627
1.47E+00,0.000819925
1.47E+00,0.000678224
1.48E+00,0.000536525
1.49E+00,0.000394826
1.49E+00,0.000253131
1.50E+00,0.000111437
1.50E+00,4.73E-10
1.50E+00,0
1.50E+00,0
1.47E+00,0
1.46E+00,0
1.45E+00,0
1.44E+00,0
1.43E+00,0
1.42E+00,0
1.42E+00,0
1.41E+00,0
1.41E+00,0
1.40E+00,0
1.40E+00,0
1.40E+00,0
1.39E+00,0
1.39E+00,0
1.39E+00,0
1.39E+00,0
1.38E+00,0
1.38E+00,0
1.38E+00,0
1.38E+00,0
1.38E+00,0
1.37E+00,0
1.37E+00,0
1.37E+00,0
1.37E+00,0
1.37E+00,0
1.36E+00,0
1.36E+00,0
1.36E+00,0
1.36E+00,0
1.36E+00,0
1.36E+00,0
1.36E+00,0
1.36E+00,0
1.35E+00,0
1.35E+00,0
1.35E+00,0
1.35E+00,0
1.35E+00,0
1.35E+00,0
1.35E+00,0
1.35E+00,0
1.35E+00,0
1.34E+00,0
1.34E+00,0
1.34E+00,0
1.34E+00,0
1.34E+00,0
1.34E+00,0
1.34E+00,0
1.34E+00,0
1.34E+00,0
1.34E+00,0
1.34E+00,0
1.34E+00,0
1.33E+00,0
1.33E+00,0
1.33E+00,0
1.33E+00,0
1.33E+00,0
1.33E+00,0
1.33E+00,0
1.33E+00,0
1.33E+00,0
1.33E+00,0
1.33E+00,0
1.33E+00,0
1.33E+00,0
1.33E+00,0
1.32E+00,0
1.32E+00,0
1.32E+00,0
1.32E+00,0
1.32E+00,0
1.32E+00,0
1.32E+00,0
1.32E+00,0
1.32E+00,0
1.32E+00,0
1.32E+00,0
1.32E+00,0
1.32E+00,0
1.32E+00,0
1.32E+00,0
1.32E+00,0
1.32E+00,0
1.32E+00,0
1.32E+00,0
1.31E+00,0
1.31E+00,0
1.31E+00,0
1.31E+00,0
1.31E+00,0
1.31E+00,0
1.31E+00,0
1.31E+00,0
1.31E+00,0
1.31E+00,0
1.31E+00,0
1.31E+00,0
1.31E+00,0
1.31E+00,0
1.31E+00,0
1.31E+00,0
1.31E+00,0
1.31E+00,0
1.31E+00,0
1.31E+00,0
1.31E+00,0
1.31E+00,0
1.30E+00,0
1.30E+00,0
1.30E+00,0
1.30E+00,0
1.30E+00,0
1.30E+00,0
1.30E+00,0
1.30E+00,0
1.30E+00,0
1.30E+00,0
1.30E+00,0
1.30E+00,0
1.30E+00,0
1.30E+00,0
1.30E+00,0
1.30E+00,0
1.30E+00,0
1.30E+00,0
1.30E+00,0
1.30E+00,0
1.30E+00,0
1.30E+00,0
1.30E+00,0
1.30E+00,0
1.30E+00,0
1.30E+00,0
1.30E+00,0
1.30E+00,0
1.29E+00,0
1.29E+00,0
1.29E+00,0
1.29E+00,0
1.29E+00,0
1.29E+00,0
1.29E+00,0
1.29E+00,0
1.29E+00,0
1.29E+00,0
1.29E+00,0
1.29E+00,0
1.29E+00,0
1.29E+00,0
1.29E+00,0
1.29E+00,0
1.29E+00,0
1.29E+00,0
1.29E+00,0
1.29E+00,0
1.29E+00,0
1.29E+00,0
1.29E+00,0
1.29E+00,0
1.29E+00,0
1.29E+00,0
1.29E+00,0
1.29E+00,0
1.29E+00,0
1.29E+00,0
1.29E+00,0
1.29E+00,0
1.29E+00,0
1.29E+00,0
1.29E+00,0
1.29E+00,0
1.28E+00,0
1.28E+00,0
1.28E+00,0
1.28E+00,0
1.28E+00,0
1.28E+00,0
1.28E+00,0
1.28E+00,0
1.28E+00,0
1.28E+00,0
1.28E+00,0
1.28E+00,0
1.28E+00,0
1.28E+00,0
1.28E+00,0
1.28E+00,0
1.28E+00,0
1.28E+00,0
1.28E+00,0
1.28E+00,0
1.28E+00,0
1.28E+00,0
1.28E+00,0
1.28E+00,0
1.28E+00,0
1.28E+00,0
1.28E+00,0
1.28E+00,0
1.28E+00,0
1.28E+00,0
1.28E+00,0
1.28E+00,0
1.28E+00,0
1.28E+00,0
1.28E+00,0
1.28E+00,0
1.28E+00,0
1.28E+00,0
1.28E+00,0
1.28E+00,0
1.28E+00,0
1.28E+00,0
1.28E+00,0
1.28E+00,0
1.28E+00,0
1.27E+00,0
1.27E+00,0
1.27E+00,0
1.27E+00,0
1.27E+00,0
1.27E+00,0
1.27E+00,0
1.27E+00,0
1.27E+00,0
1.27E+00,0
1.27E+00,0
1.27E+00,0
1.27E+00,0
1.27E+00,0
1.27E+00,0
1.27E+00,0
1.27E+00,0
1.27E+00,0
1.27E+00,0
1.27E+00,0
1.27E+00,0
1.27E+00,0
1.27E+00,0
1.27E+00,0
1.27E+00,0
1.27E+00,0
1.27E+00,0
1.27E+00,0
1.27E+00,0
1.27E+00,0
1.27E+00,0
1.27E+00,0
1.27E+00,0
1.27E+00,0
1.27E+00,0
1.27E+00,0
1.27E+00,0
1.27E+00,0
1.27E+00,0
1.27E+00,0
1.27E+00,0
1.27E+00,0
1.27E+00,0
1.27E+00,0
1.27E+00,0
1.27E+00,0
1.27E+00,0
1.27E+00,0
1.27E+00,0
1.27E+00,0
1.27E+00,0
1.27E+00,0
1.27E+00,0
1.27E+00,0
1.27E+00,0
1.27E+00,0
1.27E+00,0
1.26E+00,0
1.26E+00,0
1.26E+00,0
1.26E+00,0
1.26E+00,0
1.26E+00,0
1.26E+00,0
1.26E+00,0
1.26E+00,0
1.26E+00,0
1.26E+00,0
1.26E+00,0
1.26E+00,0
1.26E+00,0
1.26E+00,0
1.26E+00,0
1.26E+00,0
1.26E+00,0
1.26E+00,0
1.26E+00,0
1.26E+00,0
1.26E+00,0
1.26E+00,0
1.26E+00,0
1.26E+00,0
1.26E+00,0
1.26E+00,0
1.26E+00,0
1.26E+00,0
1.26E+00,0
1.26E+00,0
1.26E+00,0
1.26E+00,0
1.26E+00,0
1.26E+00,0
1.26E+00,0
1.26E+00,0
1.26E+00,0
1.26E+00,0
1.26E+00,0
1.26E+00,0
1.26E+00,0
1.26E+00,0
1.26E+00,0
1.26E+00,0
1.26E+00,0
1.26E+00,0
1.26E+00,0
1.26E+00,0
1.26E+00,0
1.26E+00,0
1.26E+00,0
1.26E+00,0
1.26E+00,0
1.26E+00,0
1.26E+00,0
1.26E+00,0
1.26E+00,0
1.26E+00,0
1.26E+00,0
1.26E+00,0
1.26E+00,0
1.26E+00,0
1.26E+00,0
1.26E+00,0
1.26E+00,0
1.26E+00,0
1.26E+00,0
1.26E+00,0
1.26E+00,0
1.26E+00,0
1.26E+00,0
1.26E+00,0
1.26E+00,0