Ewe/V,Capacity/mA.h
1.28E+00,0
1.22E+00,0.000140037
1.20E+00,0.000280074
1.18E+00,0.000420108
1.16E+00,0.000560137
1.14E+00,0.000700165
1.13E+00,0.000840196
1.12E+00,0.000980226
1.11E+00,0.001120257
1.09E+00,0.001260294
1.08E+00,0.001400336
1.07E+00,0.00154038
1.06E+00,0.001680424
1.05E+00,0.00182047
1.05E+00,0.001960518
1.04E+00,0.002100569
1.03E+00,0.002240622
1.02E+00,0.002380676
1.01E+00,0.002520728
1.00E+00,0.002660778
9.97E-01,0.002800834
9.90E-01,0.002940898
9.83E-01,0.003080958
9.76E-01,0.003221019
9.70E-01,0.003361083
9.63E-01,0.003501149
9.57E-01,0.00364122
9.50E-01,0.003781288
9.44E-01,0.003921357
9.38E-01,0.00406142
9.32E-01,0.004201479
9.27E-01,0.004341535
9.21E-01,0.00448159
9.16E-01,0.004621647
9.10E-01,0.004761704
9.05E-01,0.004901762
9.00E-01,0.005041814
8.95E-01,0.005181869
8.90E-01,0.005321927
8.85E-01,0.005461987
8.81E-01,0.005602042
8.76E-01,0.005742097
8.72E-01,0.005882157
8.67E-01,0.006022217
8.63E-01,0.00616227
8.59E-01,0.006302317
8.55E-01,0.006442366
8.51E-01,0.006582418
8.47E-01,0.006722475
8.43E-01,0.006862533
8.39E-01,0.007002591
8.35E-01,0.007142651
8.32E-01,0.007282715
8.28E-01,0.007422783
8.24E-01,0.00756285
8.21E-01,0.007702917
8.17E-01,0.007842986
8.14E-01,0.007983057
8.11E-01,0.008123122
8.07E-01,0.008263188
8.04E-01,0.008403257
8.01E-01,0.008543331
7.98E-01,0.008683395
7.95E-01,0.008823459
7.92E-01,0.008963523
7.89E-01,0.009103584
7.86E-01,0.009243646
7.83E-01,0.009383708
7.80E-01,0.009523769
7.77E-01,0.009663832
7.74E-01,0.009803891
7.71E-01,0.00994395
7.69E-01,0.010084011
7.66E-01,0.010224075
7.63E-01,0.010364144
7.61E-01,0.010504215
7.58E-01,0.010644286
7.55E-01,0.010784358
7.53E-01,0.010924431
7.50E-01,0.011064503
7.48E-01,0.01120458
7.45E-01,0.011344653
7.43E-01,0.01148473
7.40E-01,0.011624814
7.38E-01,0.011764902
7.36E-01,0.01190499
7.34E-01,0.012045084
7.31E-01,0.012185178
7.29E-01,0.012325273
7.27E-01,0.012465366
7.24E-01,0.012605456
7.22E-01,0.012745546
7.20E-01,0.01288564
7.18E-01,0.013025734
7.16E-01,0.01316583
7.14E-01,0.013305925
7.12E-01,0.013446023
7.10E-01,0.01358612
7.08E-01,0.01372622
7.06E-01,0.013866321
7.04E-01,0.014006421
7.02E-01,0.01414652
7.00E-01,0.014286621
6.98E-01,0.014426725
6.96E-01,0.014566826
6.94E-01,0.014706918
6.92E-01,0.014847006
6.90E-01,0.014987096
6.88E-01,0.015127185
6.87E-01,0.015267269
6.85E-01,0.015407353
6.83E-01,0.015547438
6.81E-01,0.015687523
6.79E-01,0.01582761
6.78E-01,0.015967698
6.76E-01,0.016107784
6.74E-01,0.016247867
6.72E-01,0.016387948
6.71E-01,0.016528027
6.69E-01,0.016668107
6.67E-01,0.01680819
6.65E-01,0.016948273
6.64E-01,0.017088354
6.62E-01,0.017228434
6.61E-01,0.017368512
6.59E-01,0.017508593
6.57E-01,0.017648674
6.55E-01,0.017788755
6.54E-01,0.017928838
6.52E-01,0.018068923
6.51E-01,0.018209009
6.49E-01,0.018349093
6.47E-01,0.018489178
6.46E-01,0.01862926
6.44E-01,0.018769343
6.43E-01,0.018909423
6.41E-01,0.019049502
6.40E-01,0.019189582
6.38E-01,0.019329664
6.37E-01,0.019469746
6.35E-01,0.019609828
6.34E-01,0.019749915
6.32E-01,0.019889998
6.31E-01,0.020030086
6.29E-01,0.020170168
6.28E-01,0.02031025
6.26E-01,0.020450331
6.24E-01,0.020590413
6.23E-01,0.020730492
6.22E-01,0.020870571
6.20E-01,0.021010656
6.19E-01,0.021150738
6.17E-01,0.021290819
6.16E-01,0.021430898
6.14E-01,0.021570981
6.13E-01,0.021711066
6.11E-01,0.021851154
6.10E-01,0.021991237
6.09E-01,0.022131318
6.07E-01,0.022271402
6.06E-01,0.022411486
6.04E-01,0.02255157
6.03E-01,0.022691656
6.02E-01,0.022831742
6.00E-01,0.02297183
5.99E-01,0.023111918
5.98E-01,0.023252007
5.96E-01,0.023392094
5.95E-01,0.023532179
5.93E-01,0.023672264
5.92E-01,0.02381235
5.91E-01,0.023952433
5.89E-01,0.024092513
5.88E-01,0.024232595
5.87E-01,0.024372681
5.86E-01,0.024512769
5.84E-01,0.024652856
5.83E-01,0.024792939
5.81E-01,0.024933022
5.80E-01,0.025073106
5.79E-01,0.025213189
5.78E-01,0.025353269
5.77E-01,0.025493348
5.75E-01,0.025633429
5.74E-01,0.02577351
5.73E-01,0.025913593
5.71E-01,0.02605368
5.70E-01,0.026193762
5.69E-01,0.026333847
5.68E-01,0.026473936
5.66E-01,0.02661402
5.65E-01,0.026754105
5.64E-01,0.026894189
5.63E-01,0.027034274
5.61E-01,0.027174357
5.60E-01,0.027314441
5.59E-01,0.027454526
5.58E-01,0.027594607
5.57E-01,0.027734684
5.55E-01,0.027874764
5.54E-01,0.028014843
5.53E-01,0.028154925
5.52E-01,0.028295007
5.51E-01,0.028435088
5.49E-01,0.028575169
5.48E-01,0.028715249
5.47E-01,0.028855332
5.46E-01,0.028995413
5.45E-01,0.029135493
5.44E-01,0.029275573
5.42E-01,0.029415656
5.41E-01,0.029555742
5.40E-01,0.029695823
5.39E-01,0.029835908
5.38E-01,0.02997599
5.37E-01,0.030116068
5.36E-01,0.030256145
5.35E-01,0.030396221
5.33E-01,0.030536294
5.32E-01,0.030676369
5.31E-01,0.030816439
5.30E-01,0.030956507
5.29E-01,0.031096574
5.28E-01,0.031236644
5.27E-01,0.031376717
5.26E-01,0.031516791
5.25E-01,0.031656862
5.24E-01,0.031796938
5.22E-01,0.031937013
5.21E-01,0.032077086
5.20E-01,0.032217159
5.19E-01,0.032357235
5.18E-01,0.03249731
5.17E-01,0.032637385
5.16E-01,0.03277746
5.15E-01,0.032917532
5.14E-01,0.033057604
5.13E-01,0.033197672
5.12E-01,0.033337739
5.11E-01,0.033477809
5.10E-01,0.033617878
5.09E-01,0.033757952
5.08E-01,0.033898024
5.07E-01,0.034038097
5.06E-01,0.034178175
5.05E-01,0.034318252
5.03E-01,0.034458321
5.03E-01,0.034598389
5.02E-01,0.034738457
5.01E-01,0.034878528
4.99E-01,0.035018597
4.98E-01,0.035158667
4.97E-01,0.035298735
4.96E-01,0.0354388
4.95E-01,0.035578866
4.94E-01,0.035718927
4.93E-01,0.035858988
4.92E-01,0.035999049
4.92E-01,0.036139112
4.91E-01,0.03627918
4.90E-01,0.03641925
4.89E-01,0.036559318
4.88E-01,0.036699384
4.87E-01,0.036839449
4.86E-01,0.036979518
4.85E-01,0.037119588
4.84E-01,0.037259662
4.83E-01,0.037399733
4.82E-01,0.037539799
4.81E-01,0.037679864
4.80E-01,0.037819929
4.79E-01,0.037959989
4.78E-01,0.038100046
4.77E-01,0.0382401
4.76E-01,0.038380155
4.75E-01,0.038520212
4.74E-01,0.038660268
4.73E-01,0.038800329
4.72E-01,0.038940388
4.72E-01,0.039080451
4.71E-01,0.039220512
4.70E-01,0.039360573
4.69E-01,0.039500641
4.68E-01,0.039640701
4.67E-01,0.039780762
4.66E-01,0.039920826
4.65E-01,0.040060889
4.64E-01,0.040200946
4.63E-01,0.040341005
4.63E-01,0.040481068
4.62E-01,0.040621132
4.61E-01,0.040761197
4.60E-01,0.040901259
4.59E-01,0.041041317
4.58E-01,0.041181371
4.57E-01,0.041321425
4.56E-01,0.04146148
4.56E-01,0.041601533
4.55E-01,0.041741582
4.54E-01,0.041881634
4.53E-01,0.042021685
4.52E-01,0.042161736
4.51E-01,0.042301786
4.51E-01,0.042441837
4.50E-01,0.042581891
4.49E-01,0.042721941
4.48E-01,0.042861992
4.47E-01,0.043002045
4.46E-01,0.0431421
4.46E-01,0.043282155
4.45E-01,0.04342221
4.44E-01,0.043562268
4.43E-01,0.043702328
4.42E-01,0.043842382
4.42E-01,0.043982433
4.41E-01,0.044122485
4.40E-01,0.044262537
4.39E-01,0.04440259
4.38E-01,0.04454264
4.38E-01,0.044682693
4.37E-01,0.044822751
4.36E-01,0.044962805
4.35E-01,0.045102864
4.34E-01,0.045242925
4.34E-01,0.045382994
4.33E-01,0.045523069
4.32E-01,0.04566315
4.31E-01,0.045803231
4.30E-01,0.045943313
4.30E-01,0.046083398
4.29E-01,0.046223483
4.28E-01,0.046363569
4.27E-01,0.046503656
4.27E-01,0.046643743
4.26E-01,0.046783834
4.25E-01,0.046923928
4.24E-01,0.047064024
4.24E-01,0.047204118
4.23E-01,0.04734421
4.22E-01,0.047484301
4.21E-01,0.047624392
4.21E-01,0.047764482
4.20E-01,0.047904576
4.19E-01,0.048044668
4.18E-01,0.048184761
4.18E-01,0.048324853
4.17E-01,0.048464947
4.16E-01,0.048605044
4.16E-01,0.048745139
4.15E-01,0.048885232
4.14E-01,0.049025323
4.14E-01,0.049165419
4.13E-01,0.049305515
4.12E-01,0.049445611
4.11E-01,0.049585707
4.11E-01,0.049725805
4.10E-01,0.049865904
4.09E-01,0.050006003
4.09E-01,0.050146104
4.08E-01,0.050286198
4.07E-01,0.050426293
4.07E-01,0.05056639
4.06E-01,0.050706488
4.05E-01,0.050846586
4.05E-01,0.050986682
4.04E-01,0.051126779
4.03E-01,0.051266876
4.03E-01,0.051406975
4.02E-01,0.051547071
4.01E-01,0.051687165
4.01E-01,0.051827257
4.00E-01,0.051967349
4.00E-01,0.05210744
3.99E-01,0.052247527
3.98E-01,0.052387612
3.98E-01,0.052527694
3.97E-01,0.052667785
3.96E-01,0.052807879
3.96E-01,0.052947972
3.95E-01,0.05308806
3.95E-01,0.05322815
3.94E-01,0.053368238
3.93E-01,0.053508329
3.93E-01,0.05364842
3.92E-01,0.053788511
3.92E-01,0.0539286
3.91E-01,0.054068689
3.90E-01,0.054208781
3.90E-01,0.05434887
3.89E-01,0.054488961
3.89E-01,0.054629056
3.88E-01,0.054769152
3.87E-01,0.054909247
3.87E-01,0.055049345
3.86E-01,0.055189443
3.86E-01,0.055329539
3.85E-01,0.055469634
3.84E-01,0.055609729
3.84E-01,0.055749829
3.83E-01,0.055889927
3.83E-01,0.056030024
3.82E-01,0.056170124
3.82E-01,0.056310224
3.81E-01,0.056450326
3.80E-01,0.056590425
3.80E-01,0.056730523
3.79E-01,0.056870624
3.79E-01,0.057010722
3.78E-01,0.057150821
3.78E-01,0.05729092
3.77E-01,0.057431022
3.77E-01,0.057571125
3.76E-01,0.057711225
3.76E-01,0.057851323
3.75E-01,0.057991419
3.74E-01,0.058131514
3.74E-01,0.058271615
3.74E-01,0.058411719
3.73E-01,0.058551819
3.72E-01,0.05869192
3.72E-01,0.058832022
3.71E-01,0.058972123
3.71E-01,0.05911222
3.70E-01,0.059252319
3.70E-01,0.059392422
3.69E-01,0.059532521
3.69E-01,0.05967262
3.68E-01,0.059812719
3.68E-01,0.059952818
3.67E-01,0.060092916
3.67E-01,0.060233013
3.66E-01,0.060373107
3.66E-01,0.060513201
3.65E-01,0.060653295
3.65E-01,0.060793391
3.64E-01,0.060933484
3.64E-01,0.061073581
3.63E-01,0.061213679
3.63E-01,0.061353778
3.62E-01,0.061493875
3.62E-01,0.061633972
3.61E-01,0.061774067
3.61E-01,0.061914162
3.61E-01,0.062054257
3.60E-01,0.062194352
3.60E-01,0.06233445
3.59E-01,0.062474546
3.59E-01,0.062614638
3.58E-01,0.062754732
3.58E-01,0.062894825
3.57E-01,0.063034923
3.57E-01,0.063175022
3.56E-01,0.063315121
3.56E-01,0.063455217
3.56E-01,0.063595317
3.55E-01,0.063735415
3.55E-01,0.063875512
3.54E-01,0.064015606
3.54E-01,0.0641557
3.54E-01,0.064295795
3.53E-01,0.064435893
3.53E-01,0.064575993
3.52E-01,0.064716092
3.52E-01,0.064856189
3.51E-01,0.064996284
3.51E-01,0.06513638
3.51E-01,0.065276474
3.50E-01,0.065416566
3.50E-01,0.065556663
3.49E-01,0.065696759
3.49E-01,0.065836854
3.49E-01,0.065976949
3.48E-01,0.066117042
3.48E-01,0.066257138
3.47E-01,0.066397235
3.47E-01,0.066537334
3.47E-01,0.066677434
3.46E-01,0.06681753
3.46E-01,0.066957624
3.45E-01,0.067097718
3.45E-01,0.067237815
3.44E-01,0.067377915
3.44E-01,0.067518014
3.44E-01,0.067658116
3.43E-01,0.067798217
3.43E-01,0.067938317
3.43E-01,0.068078416
3.42E-01,0.068218514
3.42E-01,0.068358614
3.42E-01,0.068498715
3.41E-01,0.068638817
3.41E-01,0.068778917
3.40E-01,0.068919017
3.40E-01,0.069059116
3.40E-01,0.069199213
3.39E-01,0.069339315
3.39E-01,0.069479414
3.39E-01,0.069619514
3.38E-01,0.069759613
3.38E-01,0.069899717
3.38E-01,0.070039818
3.37E-01,0.070179919
3.37E-01,0.070320015
3.37E-01,0.070460112
3.36E-01,0.070600209
3.36E-01,0.070740306
3.36E-01,0.070880405
3.35E-01,0.071020507
3.35E-01,0.07116061
3.35E-01,0.071300712
3.34E-01,0.071440812
3.34E-01,0.071580908
3.34E-01,0.071721004
3.33E-01,0.071861094
3.33E-01,0.072001189
3.33E-01,0.072141287
3.32E-01,0.072281388
3.32E-01,0.072421487
3.32E-01,0.072561585
3.31E-01,0.072701684
3.31E-01,0.07284178
3.31E-01,0.072981878
3.30E-01,0.073121977
3.30E-01,0.073262079
3.30E-01,0.073402178
3.29E-01,0.073542276
3.29E-01,0.073682375
3.29E-01,0.073822477
3.29E-01,0.073962578
3.28E-01,0.074102679
3.28E-01,0.074242784
3.28E-01,0.07438289
3.27E-01,0.074522993
3.27E-01,0.074663094
3.27E-01,0.074803197
3.27E-01,0.074943302
3.26E-01,0.075083407
3.26E-01,0.07522351
3.26E-01,0.07536361
3.25E-01,0.075503712
3.25E-01,0.075643811
3.25E-01,0.075783911
3.25E-01,0.07592401
3.24E-01,0.076064108
3.24E-01,0.076204209
3.24E-01,0.076344312
3.24E-01,0.076484414
3.23E-01,0.076624516
3.23E-01,0.076764616
3.23E-01,0.076904715
3.23E-01,0.077044815
3.22E-01,0.07718491
3.22E-01,0.077325008
3.22E-01,0.077465105
3.22E-01,0.077605204
3.21E-01,0.0777453
3.21E-01,0.077885394
3.21E-01,0.078025489
3.20E-01,0.078165584
3.20E-01,0.078305682
3.20E-01,0.078445778
3.20E-01,0.078585873
3.20E-01,0.078725972
3.19E-01,0.07886607
3.19E-01,0.079006168
3.19E-01,0.079146266
3.19E-01,0.079286363
3.18E-01,0.079426459
3.18E-01,0.079566556
3.18E-01,0.07970665
3.18E-01,0.079846746
3.17E-01,0.079986843
3.17E-01,0.080126939
3.17E-01,0.080267034
3.17E-01,0.080407133
3.17E-01,0.08054723
3.16E-01,0.080687328
3.16E-01,0.080827426
3.16E-01,0.080967519
3.16E-01,0.081107611
3.16E-01,0.081247706
3.15E-01,0.0813878
3.15E-01,0.081527898
3.15E-01,0.081667993
3.15E-01,0.081808089
3.14E-01,0.081948184
3.14E-01,0.082088279
3.14E-01,0.082228372
3.14E-01,0.082368466
3.14E-01,0.08250856
3.13E-01,0.082648651
3.13E-01,0.082788742
3.13E-01,0.082928834
3.13E-01,0.083068925
3.13E-01,0.083209016
3.12E-01,0.083349107
3.12E-01,0.083489199
3.12E-01,0.083629291
3.12E-01,0.083769388
3.12E-01,0.083909484
3.12E-01,0.084049578
3.11E-01,0.084189672
3.11E-01,0.084329768
3.11E-01,0.084469863
3.11E-01,0.084609961
3.11E-01,0.084750053
3.10E-01,0.084890149
3.10E-01,0.085030244
3.10E-01,0.08517034
3.10E-01,0.085310434
3.10E-01,0.085450528
3.10E-01,0.085590622
3.09E-01,0.085730718
3.09E-01,0.085870816
3.09E-01,0.086010911
3.09E-01,0.086151005
3.09E-01,0.086291099
3.08E-01,0.086431196
3.08E-01,0.086571292
3.08E-01,0.086711388
3.08E-01,0.086851485
3.08E-01,0.086991579
3.08E-01,0.087131675
3.08E-01,0.087271771
3.07E-01,0.087411864
3.07E-01,0.087551958
3.07E-01,0.087692055
3.07E-01,0.08783215
3.07E-01,0.087972241
3.07E-01,0.088112332
3.06E-01,0.088252427
3.06E-01,0.088392519
3.06E-01,0.088532613
3.06E-01,0.088672706
3.06E-01,0.088812802
3.06E-01,0.088952901
3.06E-01,0.089093001
3.06E-01,0.089233099
3.05E-01,0.089373196
3.05E-01,0.089513292
3.05E-01,0.089653391
3.05E-01,0.08979349
3.05E-01,0.08993359
3.05E-01,0.090073687
3.04E-01,0.090213787
3.04E-01,0.090353885
3.04E-01,0.090493977
3.04E-01,0.090634067
3.04E-01,0.090774155
3.04E-01,0.090914245
3.04E-01,0.091054336
3.03E-01,0.091194424
3.03E-01,0.091334516
3.03E-01,0.091474608
3.03E-01,0.091614698
3.03E-01,0.09175479
3.03E-01,0.091894882
3.03E-01,0.092034975
3.03E-01,0.092175066
3.02E-01,0.092315161
3.02E-01,0.092455257
3.02E-01,0.092595354
3.02E-01,0.09273545
3.02E-01,0.092875548
3.02E-01,0.093015643
3.02E-01,0.093155741
3.02E-01,0.093295838
3.01E-01,0.093435937
3.01E-01,0.093576033
3.01E-01,0.093716131
3.01E-01,0.093856226
3.01E-01,0.093996323
3.01E-01,0.094136414
3.01E-01,0.094276503
3.01E-01,0.094416594
3.00E-01,0.094556688
3.00E-01,0.094696782
3.00E-01,0.094836876
3.00E-01,0.09497697
3.00E-01,0.095117066
3.00E-01,0.095257161
3.00E-01,0.095397255
3.00E-01,0.09553735
3.00E-01,0.095677444
2.99E-01,0.095817538
2.99E-01,0.095957635
2.99E-01,0.096097731
2.99E-01,0.096237826
2.99E-01,0.096377921
2.99E-01,0.096518019
2.99E-01,0.096658116
2.99E-01,0.096798216
2.99E-01,0.096938313
2.98E-01,0.097078409
2.98E-01,0.09721851
2.98E-01,0.097358611
2.98E-01,0.097498706
2.98E-01,0.097638803
2.98E-01,0.0977789
2.98E-01,0.097918997
2.98E-01,0.098059092
2.98E-01,0.098199188
2.97E-01,0.098339283
2.97E-01,0.098479378
2.97E-01,0.098619475
2.97E-01,0.098759567
2.97E-01,0.09889966
2.97E-01,0.099039754
2.97E-01,0.099179848
2.97E-01,0.099319943
2.97E-01,0.099460037
2.96E-01,0.099600136
2.96E-01,0.099740234
2.96E-01,0.099880332
2.96E-01,0.100020433
2.96E-01,0.100160534
2.96E-01,0.100300633
2.96E-01,0.10044073
2.96E-01,0.100580826
2.96E-01,0.100720924
2.96E-01,0.100861021
2.95E-01,0.101001118
2.95E-01,0.101141215
2.95E-01,0.101281311
2.95E-01,0.101421406
2.95E-01,0.101561502
2.95E-01,0.101701598
2.95E-01,0.101841693
2.95E-01,0.101981788
2.95E-01,0.102121882
2.94E-01,0.102261979
2.94E-01,0.102402074
2.94E-01,0.102542169
2.94E-01,0.102682266
2.94E-01,0.102822359
2.94E-01,0.102962451
2.94E-01,0.103102545
2.94E-01,0.103242639
2.94E-01,0.103382733
2.94E-01,0.103522826
2.94E-01,0.103662923
2.93E-01,0.103803019
2.93E-01,0.103943114
2.93E-01,0.104083208
2.93E-01,0.104223302
2.93E-01,0.104363396
2.93E-01,0.10450349
2.93E-01,0.104643586
2.93E-01,0.104783681
2.93E-01,0.104923778
2.92E-01,0.105063873
2.92E-01,0.105203969
2.92E-01,0.105344064
2.92E-01,0.105484158
2.92E-01,0.105624252
2.92E-01,0.105764347
2.92E-01,0.105904441
2.92E-01,0.106044535
2.92E-01,0.106184633
2.92E-01,0.106324727
2.91E-01,0.106464819
2.91E-01,0.106604916
2.91E-01,0.106745016
2.91E-01,0.106885115
2.91E-01,0.107025209
2.91E-01,0.107165305
2.91E-01,0.107305401
2.91E-01,0.107445498
2.91E-01,0.107585597
2.91E-01,0.107725695
2.90E-01,0.107865791
2.90E-01,0.108005886
2.90E-01,0.108145982
2.90E-01,0.108286081
2.90E-01,0.108426181
2.90E-01,0.108566279
2.90E-01,0.108706377
2.90E-01,0.108846475
2.90E-01,0.108986575
2.90E-01,0.109126674
2.89E-01,0.109266773
2.89E-01,0.109406872
2.89E-01,0.109546974
2.89E-01,0.109687077
2.89E-01,0.109827177
2.89E-01,0.109967277
2.89E-01,0.110107375
2.89E-01,0.110247472
2.89E-01,0.110387568
2.89E-01,0.110527663
2.88E-01,0.110667761
2.88E-01,0.110807856
2.88E-01,0.110947953
2.88E-01,0.111088051
2.88E-01,0.111228151
2.88E-01,0.111368252
2.88E-01,0.111508353
2.88E-01,0.111648452
2.88E-01,0.111788548
2.88E-01,0.111928646
2.87E-01,0.112068744
2.87E-01,0.112208844
2.87E-01,0.112348941
2.87E-01,0.112489039
2.87E-01,0.112629141
2.87E-01,0.112769246
2.87E-01,0.112909347
2.87E-01,0.113049449
2.87E-01,0.113189551
2.87E-01,0.113329649
2.86E-01,0.113469745
2.86E-01,0.113609846
2.86E-01,0.113749946
2.86E-01,0.113890044
2.86E-01,0.114030141
2.86E-01,0.114170238
2.86E-01,0.114310335
2.86E-01,0.114450434
2.86E-01,0.11459053
2.85E-01,0.114730627
2.85E-01,0.114870722
2.85E-01,0.115010819
2.85E-01,0.115150918
2.85E-01,0.115291017
2.85E-01,0.115431115
2.85E-01,0.115571213
2.85E-01,0.115711311
2.85E-01,0.115851404
2.84E-01,0.115991499
2.84E-01,0.116131591
2.84E-01,0.116271685
2.84E-01,0.11641178
2.84E-01,0.116551875
2.84E-01,0.116691968
2.84E-01,0.116832063
2.84E-01,0.116972157
2.84E-01,0.11711225
2.84E-01,0.117252345
2.83E-01,0.117392443
2.83E-01,0.117532545
2.83E-01,0.117672647
2.83E-01,0.117812751
2.83E-01,0.11795285
2.83E-01,0.118092945
2.83E-01,0.118233046
2.83E-01,0.118373151
2.83E-01,0.118513252
2.82E-01,0.118653353
2.82E-01,0.118793452
2.82E-01,0.118933552
2.82E-01,0.119073653
2.82E-01,0.119213753
2.82E-01,0.11935386
2.82E-01,0.119493965
2.82E-01,0.119634068
2.82E-01,0.119774171
2.82E-01,0.119914272
2.82E-01,0.120054375
2.81E-01,0.120194476
2.81E-01,0.120334576
2.81E-01,0.120474673
2.81E-01,0.120614771
2.81E-01,0.120754867
2.81E-01,0.120894969
2.81E-01,0.12103507
2.81E-01,0.121175173
2.81E-01,0.121315274
2.81E-01,0.121455373
2.80E-01,0.121595469
2.80E-01,0.121735568
2.80E-01,0.121875668
2.80E-01,0.122015767
2.80E-01,0.122155866
2.80E-01,0.122295965
2.80E-01,0.122436068
2.80E-01,0.122576169
2.80E-01,0.122716268
2.80E-01,0.122856367
2.79E-01,0.122996465
2.79E-01,0.123136564
2.79E-01,0.123276662
2.79E-01,0.123416758
2.79E-01,0.123556854
2.79E-01,0.123696956
2.79E-01,0.123837058
2.79E-01,0.123977155
2.79E-01,0.124117255
2.79E-01,0.124257354
2.78E-01,0.124397452
2.78E-01,0.124537548
2.78E-01,0.124677641
2.78E-01,0.124817737
2.78E-01,0.124957837
2.78E-01,0.125097937
2.78E-01,0.125238035
2.78E-01,0.125378137
2.77E-01,0.12551824
2.78E-01,0.125658343
2.77E-01,0.125798442
2.77E-01,0.125938536
2.77E-01,0.126078631
2.77E-01,0.126218726
2.77E-01,0.126358823
2.77E-01,0.12649892
2.77E-01,0.12663902
2.77E-01,0.126779118
2.76E-01,0.126919217
2.76E-01,0.127059319
2.76E-01,0.127199422
2.76E-01,0.127339523
2.76E-01,0.12747962
2.76E-01,0.127619717
2.76E-01,0.127759816
2.76E-01,0.127899916
2.76E-01,0.128040017
2.76E-01,0.128180118
2.76E-01,0.128320217
2.75E-01,0.128460318
2.75E-01,0.128600415
2.75E-01,0.128740516
2.75E-01,0.128880618
2.75E-01,0.12902072
2.75E-01,0.12916082
2.75E-01,0.129300919
2.75E-01,0.129441018
2.74E-01,0.129581118
2.74E-01,0.129721217
2.74E-01,0.129861318
2.74E-01,0.130001418
2.74E-01,0.130141517
2.74E-01,0.130281614
2.74E-01,0.130421711
2.74E-01,0.130561804
2.74E-01,0.1307019
2.74E-01,0.130841997
2.73E-01,0.130982097
2.73E-01,0.131122193
2.73E-01,0.131262291
2.73E-01,0.131402389
2.73E-01,0.131542485
2.73E-01,0.131682581
2.73E-01,0.131822674
2.73E-01,0.131962771
2.73E-01,0.132102875
2.73E-01,0.132242979
2.73E-01,0.13238308
2.72E-01,0.132523185
2.72E-01,0.132663286
2.72E-01,0.132803384
2.72E-01,0.132943483
2.72E-01,0.13308358
2.72E-01,0.133223679
2.72E-01,0.133363779
2.72E-01,0.133503881
2.72E-01,0.13364398
2.71E-01,0.133784077
2.71E-01,0.133924176
2.71E-01,0.134064276
2.71E-01,0.134204379
2.71E-01,0.134344479
2.71E-01,0.134484579
2.71E-01,0.134624676
2.71E-01,0.134764774
2.71E-01,0.134904866
2.71E-01,0.135044961
2.70E-01,0.135185058
2.70E-01,0.135325156
2.70E-01,0.135465252
2.70E-01,0.135605349
2.70E-01,0.135745445
2.70E-01,0.135885542
2.70E-01,0.136025645
2.70E-01,0.136165749
2.70E-01,0.136305852
2.70E-01,0.136445954
2.70E-01,0.136586055
2.69E-01,0.136726156
2.69E-01,0.136866256
2.69E-01,0.137006355
2.69E-01,0.137146452
2.69E-01,0.13728655
2.69E-01,0.137426644
2.69E-01,0.137566742
2.69E-01,0.137706845
2.69E-01,0.137846948
2.68E-01,0.137987047
2.68E-01,0.138127142
2.68E-01,0.138267234
2.68E-01,0.13840733
2.68E-01,0.138547427
2.68E-01,0.138687524
2.68E-01,0.138827622
2.68E-01,0.13896772
2.68E-01,0.139107819
2.68E-01,0.139247915
2.67E-01,0.139388011
2.67E-01,0.139528108
2.67E-01,0.139668204
2.67E-01,0.139808303
2.67E-01,0.139948398
2.67E-01,0.140088495
2.67E-01,0.140228596
2.67E-01,0.140368693
2.67E-01,0.140508787
2.66E-01,0.140648883
2.67E-01,0.14078898
2.66E-01,0.140929079
2.66E-01,0.141069181
2.66E-01,0.141209282
2.66E-01,0.141349384
2.66E-01,0.141489486
2.66E-01,0.141629586
2.66E-01,0.141769682
2.66E-01,0.141909776
2.66E-01,0.142049871
2.65E-01,0.142189964
2.65E-01,0.142330058
2.65E-01,0.142470156
2.65E-01,0.142610254
2.65E-01,0.142750352
2.65E-01,0.142890448
2.65E-01,0.143030543
2.65E-01,0.143170639
2.65E-01,0.143310737
2.64E-01,0.143450833
2.64E-01,0.143590933
2.64E-01,0.143731033
2.64E-01,0.143871133
2.64E-01,0.144011231
2.64E-01,0.144151328
2.64E-01,0.144291425
2.64E-01,0.144431521
2.64E-01,0.144571615
2.64E-01,0.144711712
2.64E-01,0.144851808
2.63E-01,0.144991903
2.63E-01,0.145131999
2.63E-01,0.145272096
2.63E-01,0.145412197
2.63E-01,0.145552293
2.63E-01,0.145692393
2.63E-01,0.145832491
2.63E-01,0.145972588
2.63E-01,0.146112684
2.62E-01,0.146252781
2.63E-01,0.146392876
2.62E-01,0.14653297
2.62E-01,0.146673065
2.62E-01,0.14681316
2.62E-01,0.146953259
2.62E-01,0.147093356
2.62E-01,0.147233453
2.62E-01,0.147373547
2.62E-01,0.147513646
2.62E-01,0.147653747
2.61E-01,0.14779385
2.61E-01,0.147933952
2.61E-01,0.148074051
2.61E-01,0.148214152
2.61E-01,0.148354252
2.61E-01,0.148494354
2.61E-01,0.148634453
2.61E-01,0.148774556
2.61E-01,0.148914658
2.61E-01,0.149054762
2.61E-01,0.149194865
2.60E-01,0.149334968
2.60E-01,0.149475072
2.60E-01,0.149615173
2.60E-01,0.149755274
2.60E-01,0.149895375
2.60E-01,0.150035475
2.60E-01,0.150175578
2.60E-01,0.150315681
2.60E-01,0.150455778
2.59E-01,0.150595875
2.59E-01,0.150735975
2.59E-01,0.150876074
2.59E-01,0.151016173
2.59E-01,0.15115627
2.59E-01,0.151296366
2.59E-01,0.151436466
2.59E-01,0.151576567
2.59E-01,0.151716664
2.59E-01,0.151856765
2.58E-01,0.15199687
2.58E-01,0.152136975
2.58E-01,0.152277077
2.58E-01,0.15241718
2.58E-01,0.15255728
2.58E-01,0.152697381
2.58E-01,0.152837482
2.58E-01,0.152977586
2.58E-01,0.153117691
2.58E-01,0.153257795
2.58E-01,0.1533979
2.57E-01,0.153538003
2.57E-01,0.153678105
2.57E-01,0.153818204
2.57E-01,0.153958305
2.57E-01,0.154098407
2.57E-01,0.154238507
2.57E-01,0.154378603
2.57E-01,0.154518702
2.57E-01,0.154658805
2.57E-01,0.154798905
2.56E-01,0.154939009
2.56E-01,0.155079118
2.56E-01,0.155219225
2.56E-01,0.155359332
2.56E-01,0.155499438
2.56E-01,0.155639547
2.56E-01,0.155779653
2.56E-01,0.155919761
2.56E-01,0.156059869
2.56E-01,0.156199975
2.55E-01,0.156340082
2.55E-01,0.156480189
2.55E-01,0.156620295
2.55E-01,0.156760401
2.55E-01,0.156900504
2.55E-01,0.157040609
2.55E-01,0.157180714
2.55E-01,0.157320816
2.55E-01,0.157460921
2.55E-01,0.157601026
2.55E-01,0.157741129
2.54E-01,0.157881232
2.54E-01,0.158021334
2.54E-01,0.158161437
2.54E-01,0.15830154
2.54E-01,0.158441644
2.54E-01,0.15858175
2.54E-01,0.158721851
2.54E-01,0.158861954
2.54E-01,0.159002056
2.54E-01,0.159142157
2.54E-01,0.159282257
2.53E-01,0.159422359
2.53E-01,0.159562461
2.53E-01,0.159702562
2.53E-01,0.159842663
2.53E-01,0.159982763
2.53E-01,0.160122869
2.53E-01,0.160262976
2.53E-01,0.160403079
2.53E-01,0.160543179
2.53E-01,0.160683276
2.53E-01,0.160823378
2.52E-01,0.160963481
2.52E-01,0.161103579
2.52E-01,0.16124368
2.52E-01,0.161383779
2.52E-01,0.16152388
2.52E-01,0.16166398
2.52E-01,0.161804075
2.52E-01,0.161944171
2.52E-01,0.162084268
2.52E-01,0.162224361
2.52E-01,0.162364457
2.51E-01,0.162504559
2.51E-01,0.16264466
2.51E-01,0.162784762
2.51E-01,0.162924867
2.51E-01,0.163064966
2.51E-01,0.163205069
2.51E-01,0.163345175
2.51E-01,0.163485279
2.51E-01,0.163625383
2.51E-01,0.163765489
2.50E-01,0.163905593
2.50E-01,0.164045698
2.50E-01,0.164185804
2.50E-01,0.164325903
2.50E-01,0.164466
2.50E-01,0.164606098
2.50E-01,0.164746196
2.50E-01,0.164886297
2.50E-01,0.165026398
2.50E-01,0.165166499
2.49E-01,0.165306597
2.49E-01,0.165446697
2.49E-01,0.165586794
2.49E-01,0.165726893
2.49E-01,0.165866991
2.49E-01,0.166007091
2.49E-01,0.16614719
2.49E-01,0.16628729
2.49E-01,0.16642739
2.49E-01,0.166567488
2.49E-01,0.166707587
2.48E-01,0.166847684
2.48E-01,0.166987782
2.48E-01,0.167127882
2.48E-01,0.167267981
2.48E-01,0.167408081
2.48E-01,0.167548183
2.48E-01,0.167688285
2.48E-01,0.167828384
2.48E-01,0.167968483
2.48E-01,0.168108583
2.48E-01,0.168248683
2.47E-01,0.168388784
2.47E-01,0.168528884
2.47E-01,0.168668984
2.47E-01,0.168809082
2.47E-01,0.168949181
2.47E-01,0.169089278
2.47E-01,0.169229377
2.47E-01,0.169369474
2.47E-01,0.169509566
2.47E-01,0.169649657
2.47E-01,0.169789752
2.47E-01,0.169929848
2.46E-01,0.170069945
2.46E-01,0.170210043
2.46E-01,0.170350141
2.46E-01,0.170490242
2.46E-01,0.170630336
2.46E-01,0.17077043
2.46E-01,0.170910522
2.46E-01,0.171050615
2.46E-01,0.171190711
2.45E-01,0.171330807
2.45E-01,0.171470904
2.45E-01,0.171611005
2.45E-01,0.171751108
2.45E-01,0.171891212
2.45E-01,0.172031314
2.45E-01,0.172171414
2.45E-01,0.172311513
2.45E-01,0.172451615
2.45E-01,0.172591716
2.45E-01,0.172731816
2.44E-01,0.172871913
2.44E-01,0.173012014
2.44E-01,0.173152109
2.44E-01,0.173292206
2.44E-01,0.173432306
2.44E-01,0.173572407
2.44E-01,0.173712507
2.44E-01,0.173852607
2.44E-01,0.173992708
2.44E-01,0.174132808
2.44E-01,0.174272909
2.43E-01,0.174413013
2.43E-01,0.174553116
2.43E-01,0.174693217
2.43E-01,0.174833317
2.43E-01,0.174973413
2.43E-01,0.175113508
2.43E-01,0.175253604
2.43E-01,0.175393698
2.43E-01,0.175533793
2.43E-01,0.175673885
2.43E-01,0.175813974
2.42E-01,0.17595406
2.42E-01,0.176094153
2.42E-01,0.176234247
2.42E-01,0.176374343
2.42E-01,0.176514438
2.42E-01,0.176654533
2.42E-01,0.176794626
2.42E-01,0.176934722
2.42E-01,0.177074821
2.42E-01,0.17721492
2.41E-01,0.177355017
2.41E-01,0.177495113
2.41E-01,0.177635212
2.41E-01,0.177775313
2.41E-01,0.177915413
2.41E-01,0.17805551
2.41E-01,0.178195607
2.41E-01,0.178335705
2.41E-01,0.1784758
2.41E-01,0.178615894
2.41E-01,0.178755989
2.40E-01,0.178896082
2.40E-01,0.179036178
2.40E-01,0.179176275
2.40E-01,0.17931637
2.40E-01,0.179456464
2.40E-01,0.17959656
2.40E-01,0.179736657
2.40E-01,0.179876752
2.40E-01,0.180016848
2.40E-01,0.180156947
2.40E-01,0.180297046
2.39E-01,0.180437144
2.39E-01,0.180577239
2.39E-01,0.180717334
2.39E-01,0.18085743
2.39E-01,0.180997525
2.39E-01,0.181137623
2.39E-01,0.18127772
2.39E-01,0.181417814
2.39E-01,0.181557909
2.39E-01,0.181698008
2.38E-01,0.181838106
2.38E-01,0.181978201
2.38E-01,0.182118296
2.38E-01,0.182258389
2.38E-01,0.182398481
2.38E-01,0.182538572
2.38E-01,0.182678663
2.38E-01,0.182818758
2.38E-01,0.182958853
2.38E-01,0.18309895
2.38E-01,0.183239047
2.37E-01,0.183379142
2.37E-01,0.183519238
2.37E-01,0.183659335
2.37E-01,0.183799429
2.37E-01,0.183939527
2.37E-01,0.184079624
2.37E-01,0.184219724
2.37E-01,0.184359821
2.37E-01,0.184499915
2.37E-01,0.18464001
2.37E-01,0.184780105
2.36E-01,0.184920198
2.36E-01,0.185060292
2.36E-01,0.185200385
2.36E-01,0.185340477
2.36E-01,0.185480569
2.36E-01,0.185620659
2.36E-01,0.185760751
2.36E-01,0.185900846
2.36E-01,0.186040946
2.36E-01,0.186181044
2.35E-01,0.186321139
2.35E-01,0.186461233
2.35E-01,0.186601328
2.35E-01,0.186741423
2.35E-01,0.186881518
2.35E-01,0.187021611
2.35E-01,0.187161707
2.35E-01,0.187301803
2.35E-01,0.1874419
2.35E-01,0.187581995
2.35E-01,0.18772209
2.34E-01,0.187862181
2.34E-01,0.188002272
2.34E-01,0.188142364
2.34E-01,0.188282455
2.34E-01,0.188422545
2.34E-01,0.188562639
2.34E-01,0.188702732
2.34E-01,0.188842828
2.34E-01,0.188982926
2.33E-01,0.189123025
2.33E-01,0.189263126
2.33E-01,0.189403224
2.33E-01,0.189543329
2.33E-01,0.189683429
2.33E-01,0.18982353
2.33E-01,0.189963629
2.33E-01,0.19010373
2.33E-01,0.190243828
2.33E-01,0.190383924
2.33E-01,0.190524022
2.32E-01,0.19066412
2.32E-01,0.190804221
2.32E-01,0.190944322
2.32E-01,0.191084422
2.32E-01,0.191224521
2.32E-01,0.191364621
2.32E-01,0.191504718
2.32E-01,0.191644819
2.32E-01,0.191784922
2.32E-01,0.191925022
2.32E-01,0.192065122
2.31E-01,0.192205224
2.31E-01,0.192345327
2.31E-01,0.192485429
2.31E-01,0.19262553
2.31E-01,0.192765631
2.31E-01,0.192905729
2.31E-01,0.193045813
2.31E-01,0.193185891
2.31E-01,0.193325961
2.31E-01,0.193466028
2.30E-01,0.193606088
2.30E-01,0.193746147
2.30E-01,0.193886204
2.30E-01,0.194026262
2.30E-01,0.194166322
2.30E-01,0.194306378
2.30E-01,0.194446429
2.30E-01,0.194586484
2.30E-01,0.194726539
2.30E-01,0.194866594
2.29E-01,0.195006646
2.29E-01,0.1951467
2.29E-01,0.195286753
2.29E-01,0.195426802
2.29E-01,0.195566854
2.29E-01,0.195706899
2.29E-01,0.195846945
2.29E-01,0.195986993
2.29E-01,0.196127042
2.29E-01,0.196267092
2.28E-01,0.196407142
2.28E-01,0.196547188
2.28E-01,0.196687238
2.28E-01,0.19682729
2.28E-01,0.196967342
2.28E-01,0.197107399
2.28E-01,0.197247458
2.28E-01,0.197387516
2.28E-01,0.197527569
2.27E-01,0.197667626
2.27E-01,0.197807688
2.27E-01,0.197947749
2.27E-01,0.198087805
2.27E-01,0.198227862
2.27E-01,0.198367914
2.27E-01,0.19850797
2.27E-01,0.198648025
2.27E-01,0.198788083
2.27E-01,0.19892814
2.26E-01,0.199068198
2.26E-01,0.199208257
2.26E-01,0.199348317
2.26E-01,0.199488376
2.26E-01,0.199628433
2.26E-01,0.199768489
2.26E-01,0.199908545
2.26E-01,0.2000486
2.26E-01,0.200188652
2.25E-01,0.200328707
2.25E-01,0.200468762
2.25E-01,0.200608815
2.25E-01,0.200748863
2.25E-01,0.200888913
2.25E-01,0.201028965
2.25E-01,0.201169019
2.25E-01,0.201309076
2.25E-01,0.201449134
2.24E-01,0.201589193
2.24E-01,0.201729254
2.24E-01,0.201869312
2.24E-01,0.202009372
2.24E-01,0.202149431
2.24E-01,0.202289488
2.24E-01,0.202429545
2.24E-01,0.202569603
2.24E-01,0.202709664
2.23E-01,0.202849723
2.23E-01,0.202989784
2.23E-01,0.203129842
2.23E-01,0.2032699
2.23E-01,0.203409958
2.23E-01,0.203550017
2.23E-01,0.203690079
2.23E-01,0.20383014
2.23E-01,0.203970198
2.22E-01,0.204110258
2.22E-01,0.204250316
2.22E-01,0.204390373
2.22E-01,0.204530425
2.22E-01,0.204670482
2.22E-01,0.204810541
2.22E-01,0.204950602
2.22E-01,0.205090661
2.22E-01,0.205230719
2.21E-01,0.205370781
2.21E-01,0.205510847
2.21E-01,0.20565091
2.21E-01,0.205790971
2.21E-01,0.205931028
2.21E-01,0.206071087
2.21E-01,0.206211142
2.21E-01,0.2063512
2.21E-01,0.20649126
2.20E-01,0.206631323
2.20E-01,0.206771384
2.20E-01,0.206911446
2.20E-01,0.207051508
2.20E-01,0.20719157
2.20E-01,0.207331631
2.20E-01,0.207471694
2.20E-01,0.207611752
2.19E-01,0.207751813
2.19E-01,0.207891874
2.19E-01,0.208031933
2.19E-01,0.208171994
2.19E-01,0.208312055
2.19E-01,0.208452115
2.19E-01,0.208592174
2.19E-01,0.208732239
2.19E-01,0.208872303
2.19E-01,0.209012371
2.18E-01,0.209152437
2.18E-01,0.209292505
2.18E-01,0.209432571
2.18E-01,0.209572643
2.18E-01,0.209712712
2.18E-01,0.209852782
2.18E-01,0.209992851
2.18E-01,0.21013292
2.18E-01,0.21027299
2.17E-01,0.210413063
2.17E-01,0.21055314
2.17E-01,0.210693209
2.17E-01,0.210833277
2.17E-01,0.210973347
2.17E-01,0.211113417
2.17E-01,0.211253491
2.17E-01,0.211393559
2.17E-01,0.211533628
2.16E-01,0.211673697
2.16E-01,0.211813765
2.16E-01,0.211953831
2.16E-01,0.212093899
2.16E-01,0.212233967
2.16E-01,0.212374034
2.16E-01,0.212514102
2.16E-01,0.212654173
2.16E-01,0.212794247
2.16E-01,0.212934314
2.15E-01,0.213074381
2.15E-01,0.213214444
2.15E-01,0.213354513
2.15E-01,0.213494581
2.15E-01,0.213634648
2.15E-01,0.213774714
2.15E-01,0.213914775
2.15E-01,0.214054837
2.15E-01,0.214194902
2.14E-01,0.21433497
2.14E-01,0.214475035
2.14E-01,0.214615101
2.14E-01,0.214755172
2.14E-01,0.214895249
2.14E-01,0.215035322
2.14E-01,0.215175397
2.14E-01,0.215315472
2.14E-01,0.215455554
2.14E-01,0.215595634
2.14E-01,0.21573571
2.13E-01,0.215875783
2.13E-01,0.216015853
2.13E-01,0.216155924
2.13E-01,0.216295997
2.13E-01,0.216436066
2.13E-01,0.216576134
2.13E-01,0.216716206
2.13E-01,0.21685628
2.13E-01,0.216996353
2.13E-01,0.217136429
2.13E-01,0.217276505
2.12E-01,0.217416581
2.12E-01,0.217556654
2.12E-01,0.217696726
2.12E-01,0.217836793
2.12E-01,0.217976859
2.12E-01,0.218116929
2.12E-01,0.218256992
2.12E-01,0.21839706
2.12E-01,0.218537132
2.12E-01,0.218677204
2.12E-01,0.218817273
2.12E-01,0.218957343
2.11E-01,0.219097413
2.11E-01,0.219237484
2.11E-01,0.219377559
2.11E-01,0.21951763
2.11E-01,0.219657702
2.11E-01,0.219797774
2.11E-01,0.219937846
2.11E-01,0.220077918
2.11E-01,0.220217994
2.11E-01,0.220358068
2.11E-01,0.220498147
2.11E-01,0.220638225
2.11E-01,0.220778299
2.10E-01,0.220918377
2.10E-01,0.221058451
2.10E-01,0.221198528
2.10E-01,0.221338608
2.10E-01,0.221478686
2.10E-01,0.221618766
2.10E-01,0.221758841
2.10E-01,0.221898909
2.10E-01,0.222038976
2.10E-01,0.222179038
2.10E-01,0.222319101
2.10E-01,0.222459164
2.10E-01,0.222599227
2.10E-01,0.222739291
2.10E-01,0.222879363
2.10E-01,0.223019433
2.09E-01,0.223159504
2.10E-01,0.223299577
2.09E-01,0.223439652
2.09E-01,0.223579723
2.09E-01,0.22371979
2.09E-01,0.223859857
2.09E-01,0.22399992
2.09E-01,0.224139987
2.09E-01,0.224280054
2.09E-01,0.224420123
2.09E-01,0.224560189
2.09E-01,0.224700259
2.09E-01,0.224840329
2.09E-01,0.224980399
2.09E-01,0.225120468
2.09E-01,0.225260534
2.09E-01,0.225400602
2.09E-01,0.225540671
2.09E-01,0.225680739
2.09E-01,0.225820804
2.09E-01,0.225960869
2.08E-01,0.22610094
2.08E-01,0.226241014
2.08E-01,0.226381083
2.08E-01,0.226521151
2.08E-01,0.226661218
2.08E-01,0.226801287
2.08E-01,0.226941356
2.08E-01,0.227081424
2.08E-01,0.227221488
2.08E-01,0.227361553
2.08E-01,0.227501621
2.08E-01,0.227641689
2.08E-01,0.22778176
2.08E-01,0.227921829
2.08E-01,0.228061899
2.08E-01,0.228201966
2.08E-01,0.228342032
2.08E-01,0.228482099
2.08E-01,0.22862217
2.08E-01,0.228762242
2.08E-01,0.228902314
2.08E-01,0.229042388
2.08E-01,0.229182462
2.08E-01,0.229322539
2.08E-01,0.229462615
2.08E-01,0.229602691
2.08E-01,0.229742771
2.08E-01,0.229882853
2.07E-01,0.230022932
2.07E-01,0.230163006
2.07E-01,0.230303081
2.08E-01,0.230443157
2.07E-01,0.230583232
2.07E-01,0.230723305
2.07E-01,0.230863377
2.07E-01,0.231003454
2.07E-01,0.231143528
2.07E-01,0.2312836
2.07E-01,0.231423674
2.07E-01,0.23156375
2.07E-01,0.231703825
2.07E-01,0.231843898
2.07E-01,0.231983965
2.07E-01,0.232124034
2.07E-01,0.232264106
2.07E-01,0.232404179
2.07E-01,0.23254425
2.07E-01,0.23268432
2.07E-01,0.232824392
2.07E-01,0.232964466
2.07E-01,0.233104541
2.07E-01,0.233244614
2.07E-01,0.233384687
2.07E-01,0.233524762
2.07E-01,0.233664835
2.07E-01,0.233804909
2.07E-01,0.233944987
2.07E-01,0.234085063
2.07E-01,0.234225139
2.07E-01,0.234365217
2.07E-01,0.234505296
2.07E-01,0.234645374
2.07E-01,0.234785446
2.07E-01,0.234925517
2.07E-01,0.23506559
2.07E-01,0.235205662
2.06E-01,0.235345732
2.07E-01,0.235485803
2.06E-01,0.23562587
2.06E-01,0.235765937
2.06E-01,0.235906005
2.06E-01,0.236046077
2.06E-01,0.236186146
2.06E-01,0.236326214
2.06E-01,0.23646628
2.06E-01,0.236606349
2.06E-01,0.236746421
2.06E-01,0.236886496
2.06E-01,0.237026565
2.06E-01,0.237166637
2.06E-01,0.237306711
2.06E-01,0.237446787
2.06E-01,0.23758686
2.06E-01,0.237726932
2.06E-01,0.237867004
2.06E-01,0.238007074
2.06E-01,0.238147147
2.06E-01,0.238287215
2.06E-01,0.238427288
2.06E-01,0.238567361
2.06E-01,0.238707434
2.06E-01,0.238847505
2.06E-01,0.238987576
2.06E-01,0.239127649
2.06E-01,0.239267724
2.06E-01,0.239407795
2.06E-01,0.239547865
2.06E-01,0.239687934
2.06E-01,0.239828003
2.06E-01,0.239968076
2.06E-01,0.24010815
2.06E-01,0.24024822
2.06E-01,0.240388288
2.06E-01,0.240528356
2.06E-01,0.240668423
2.06E-01,0.240808482
2.05E-01,0.240948546
2.06E-01,0.241088613
2.05E-01,0.241228683
2.06E-01,0.241368752
2.05E-01,0.241508822
2.05E-01,0.241648896
2.05E-01,0.24178897
2.05E-01,0.241929044
2.05E-01,0.242069111
2.05E-01,0.242209176
2.05E-01,0.24234924
2.05E-01,0.242489307
2.05E-01,0.242629377
2.05E-01,0.242769448
2.05E-01,0.242909518
2.05E-01,0.243049591
2.05E-01,0.243189662
2.05E-01,0.243329733
2.05E-01,0.243469804
2.05E-01,0.243609874
2.05E-01,0.243749945
2.05E-01,0.243890021
2.05E-01,0.244030096
2.05E-01,0.244170173
2.05E-01,0.244310251
2.05E-01,0.244450326
2.05E-01,0.244590401
2.05E-01,0.244730478
2.05E-01,0.244870549
2.05E-01,0.24501062
2.05E-01,0.245150692
2.05E-01,0.245290761
2.05E-01,0.245430832
2.05E-01,0.245570902
2.05E-01,0.245710968
2.05E-01,0.245851037
2.05E-01,0.245991108
2.04E-01,0.246131176
2.04E-01,0.246271243
2.04E-01,0.24641131
2.04E-01,0.24655138
2.04E-01,0.246691452
2.04E-01,0.246831521
2.04E-01,0.246971593
2.04E-01,0.247111663
2.04E-01,0.247251734
2.04E-01,0.24739181
2.04E-01,0.247531885
2.04E-01,0.247671959
2.04E-01,0.247812033
2.04E-01,0.247952108
2.04E-01,0.248092184
2.04E-01,0.248232262
2.04E-01,0.24837234
2.04E-01,0.248512418
2.04E-01,0.248652494
2.04E-01,0.248792569
2.04E-01,0.248932645
2.04E-01,0.249072723
2.04E-01,0.249212802
2.04E-01,0.249352881
2.04E-01,0.249492961
2.04E-01,0.249633039
2.03E-01,0.249773119
2.03E-01,0.249913195
2.03E-01,0.250053271
2.03E-01,0.250193348
2.03E-01,0.250333422
2.03E-01,0.250473497
2.03E-01,0.250613574
2.03E-01,0.25075365
2.03E-01,0.250893727
2.03E-01,0.251033803
2.03E-01,0.251173877
2.03E-01,0.251313952
2.03E-01,0.251454028
2.03E-01,0.251594106
2.03E-01,0.251734181
2.03E-01,0.251874251
2.03E-01,0.252014317
2.03E-01,0.252154386
2.03E-01,0.252294452
2.03E-01,0.25243452
2.03E-01,0.252574593
2.03E-01,0.252714668
2.03E-01,0.252854743
2.03E-01,0.252994817
2.02E-01,0.253134891
2.02E-01,0.253274961
2.02E-01,0.253415032
2.02E-01,0.253555103
2.02E-01,0.253695181
2.02E-01,0.253835261
2.02E-01,0.253975341
2.02E-01,0.254115422
2.02E-01,0.254255501
2.02E-01,0.254395579
2.02E-01,0.25453566
2.02E-01,0.254675739
2.02E-01,0.254815822
2.02E-01,0.254955906
2.02E-01,0.255095989
2.02E-01,0.25523607
2.02E-01,0.255376152
2.02E-01,0.255516231
2.02E-01,0.255656307
2.01E-01,0.255796383
2.01E-01,0.255936455
2.01E-01,0.256076527
2.01E-01,0.256216601
2.01E-01,0.256356675
2.01E-01,0.256496749
2.01E-01,0.256636827
2.01E-01,0.256776907
2.01E-01,0.256916984
2.01E-01,0.257057063
2.01E-01,0.257197138
2.01E-01,0.257337211
2.01E-01,0.257477286
2.01E-01,0.257617358
2.01E-01,0.257757432
2.01E-01,0.257897507
2.01E-01,0.258037577
2.01E-01,0.25817765
2.01E-01,0.258317724
2.00E-01,0.258457798
2.00E-01,0.258597877
2.00E-01,0.258737955
2.00E-01,0.258878033
2.00E-01,0.259018114
2.00E-01,0.259158197
2.00E-01,0.259298275
2.00E-01,0.259438354
2.00E-01,0.259578428
2.00E-01,0.259718504
2.00E-01,0.259858576
2.00E-01,0.259998649
1.99E-01,0.260138725
1.99E-01,0.260278801
1.99E-01,0.260418877
1.99E-01,0.260558952
1.99E-01,0.260699032
1.99E-01,0.260839103
1.99E-01,0.260979173
1.99E-01,0.261119244
1.99E-01,0.261259313
1.99E-01,0.261399389
1.99E-01,0.261539466
1.99E-01,0.261679541
1.99E-01,0.261819616
1.99E-01,0.261959691
1.99E-01,0.262099762
1.98E-01,0.262239836
1.98E-01,0.262379908
1.98E-01,0.262519982
1.98E-01,0.262660056
1.98E-01,0.262800131
1.98E-01,0.262940207
1.98E-01,0.263080281
1.98E-01,0.263220357
1.98E-01,0.26336043
1.98E-01,0.263500503
1.98E-01,0.263640577
1.98E-01,0.263780651
1.97E-01,0.263920722
1.97E-01,0.264060791
1.97E-01,0.264200862
1.97E-01,0.264340932
1.97E-01,0.264480999
1.97E-01,0.264621066
1.97E-01,0.264761134
1.97E-01,0.264901202
1.97E-01,0.265041271
1.97E-01,0.265181337
1.97E-01,0.265321402
1.96E-01,0.265461466
1.96E-01,0.265601531
1.96E-01,0.265741596
1.96E-01,0.265881658
1.96E-01,0.266021719
1.96E-01,0.26616178
1.96E-01,0.266301848
1.96E-01,0.266441917
1.96E-01,0.266581979
1.96E-01,0.266722042
1.95E-01,0.266862103
1.95E-01,0.267002165
1.95E-01,0.267142227
1.95E-01,0.267282287
1.95E-01,0.267422347
1.95E-01,0.26756241
1.95E-01,0.26770247
1.95E-01,0.267842528
1.95E-01,0.267982588
1.95E-01,0.26812265
1.94E-01,0.268262711
1.94E-01,0.26840277
1.94E-01,0.268542828
1.94E-01,0.268682887
1.94E-01,0.268822945
1.94E-01,0.268963001
1.94E-01,0.269103056
1.94E-01,0.269243114
1.93E-01,0.269383175
1.93E-01,0.269523236
1.93E-01,0.269663296
1.93E-01,0.269803357
1.93E-01,0.269943412
1.93E-01,0.270083468
1.93E-01,0.270223523
1.93E-01,0.27036358
1.93E-01,0.270503637
1.93E-01,0.270643695
1.92E-01,0.27078375
1.92E-01,0.2709238
1.92E-01,0.271063848
1.92E-01,0.271203898
1.92E-01,0.271343946
1.92E-01,0.271483994
1.92E-01,0.271624043
1.92E-01,0.271764091
1.92E-01,0.271904143
1.92E-01,0.272044195
1.91E-01,0.272184249
1.91E-01,0.272324301
1.91E-01,0.272464349
1.91E-01,0.272604393
1.91E-01,0.27274444
1.91E-01,0.272884489
1.91E-01,0.273024538
1.91E-01,0.273164585
1.90E-01,0.273304634
1.90E-01,0.273444684
1.90E-01,0.273584737
1.90E-01,0.273724789
1.90E-01,0.273864842
1.90E-01,0.274004894
1.90E-01,0.274144948
1.90E-01,0.274284999
1.90E-01,0.274425054
1.89E-01,0.274565103
1.89E-01,0.27470515
1.89E-01,0.274845199
1.89E-01,0.274985247
1.89E-01,0.275125299
1.89E-01,0.275265352
1.89E-01,0.275405405
1.89E-01,0.275545457
1.88E-01,0.275685504
1.88E-01,0.275825551
1.88E-01,0.275965595
1.88E-01,0.276105641
1.88E-01,0.276245683
1.88E-01,0.276385724
1.88E-01,0.276525764
1.88E-01,0.276665801
1.87E-01,0.276805839
1.87E-01,0.27694588
1.87E-01,0.277085921
1.87E-01,0.277225958
1.87E-01,0.277366
1.87E-01,0.277506042
1.87E-01,0.277646085
1.87E-01,0.277786127
1.86E-01,0.277926171
1.86E-01,0.278066216
1.86E-01,0.278206265
1.86E-01,0.278346315
1.86E-01,0.278486361
1.86E-01,0.278626407
1.86E-01,0.278766455
1.86E-01,0.278906504
1.86E-01,0.279046551
1.85E-01,0.279186598
1.85E-01,0.279326646
1.85E-01,0.279466695
1.85E-01,0.279606746
1.85E-01,0.279746799
1.85E-01,0.279886852
1.85E-01,0.280026908
1.85E-01,0.280166959
1.84E-01,0.280307014
1.84E-01,0.280447071
1.84E-01,0.280587124
1.84E-01,0.280727178
1.84E-01,0.280867226
1.84E-01,0.281007268
1.84E-01,0.28114731
1.84E-01,0.281287349
1.84E-01,0.281427387
1.83E-01,0.281567424
1.83E-01,0.281707462
1.83E-01,0.281847501
1.83E-01,0.281987537
1.83E-01,0.282127571
1.83E-01,0.282267606
1.83E-01,0.282407643
1.83E-01,0.282547684
1.82E-01,0.282687726
1.82E-01,0.282827769
1.82E-01,0.282967813
1.82E-01,0.283107857
1.82E-01,0.2832479
1.82E-01,0.283387938
1.82E-01,0.28352797
1.82E-01,0.283668003
1.82E-01,0.283808038
1.82E-01,0.283948072
1.81E-01,0.284088104
1.81E-01,0.284228134
1.81E-01,0.284368165
1.81E-01,0.284508195
1.81E-01,0.284648221
1.81E-01,0.284788246
1.81E-01,0.284928271
1.81E-01,0.285068295
1.80E-01,0.285208323
1.81E-01,0.285348354
1.80E-01,0.285488384
1.80E-01,0.285628413
1.80E-01,0.285768439
1.80E-01,0.285908464
1.80E-01,0.286048491
1.80E-01,0.286188515
1.80E-01,0.28632854
1.80E-01,0.286468568
1.80E-01,0.286608593
1.79E-01,0.286748618
1.79E-01,0.286888645
1.79E-01,0.287028669
1.79E-01,0.28716869
1.79E-01,0.287308711
1.79E-01,0.287448736
1.79E-01,0.28758876
1.79E-01,0.287728781
1.79E-01,0.287868803
1.78E-01,0.28800882
1.78E-01,0.288148838
1.78E-01,0.288288858
1.78E-01,0.288428875
1.78E-01,0.288568896
1.78E-01,0.288708915
1.78E-01,0.288848938
1.78E-01,0.288988961
1.78E-01,0.289128982
1.78E-01,0.289269003
1.78E-01,0.289409021
1.78E-01,0.28954904
1.77E-01,0.289689054
1.77E-01,0.289829075
1.77E-01,0.289969098
1.77E-01,0.290109122
1.77E-01,0.290249147
1.77E-01,0.290389172
1.77E-01,0.290529196
1.77E-01,0.290669224
1.77E-01,0.290809246
1.77E-01,0.290949269
1.76E-01,0.291089294
1.76E-01,0.291229324
1.76E-01,0.291369354
1.76E-01,0.291509382
1.76E-01,0.29164941
1.76E-01,0.291789438
1.76E-01,0.291929468
1.76E-01,0.292069499
1.76E-01,0.292209529
1.76E-01,0.292349556
1.75E-01,0.292489583
1.75E-01,0.292629607
1.75E-01,0.292769627
1.75E-01,0.292909649
1.75E-01,0.293049668
1.75E-01,0.293189684
1.75E-01,0.293329702
1.75E-01,0.293469717
1.75E-01,0.293609731
1.75E-01,0.293749748
1.75E-01,0.293889763
1.75E-01,0.294029779
1.74E-01,0.294169791
1.74E-01,0.294309803
1.74E-01,0.294449817
1.74E-01,0.294589837
1.74E-01,0.294729858
1.74E-01,0.294869878
1.74E-01,0.295009895
1.74E-01,0.295149913
1.74E-01,0.295289927
1.74E-01,0.295429941
1.74E-01,0.295569961
1.74E-01,0.295709982
1.74E-01,0.295850005
1.73E-01,0.295990025
1.73E-01,0.296130048
1.73E-01,0.296270069
1.73E-01,0.296410087
1.73E-01,0.296550104
1.73E-01,0.296690122
1.73E-01,0.296830137
1.73E-01,0.296970156
1.73E-01,0.297110174
1.73E-01,0.297250188
1.73E-01,0.297390203
1.72E-01,0.297530215
1.72E-01,0.297670228
1.72E-01,0.297810241
1.72E-01,0.297950256
1.72E-01,0.298090269
1.72E-01,0.298230282
1.72E-01,0.298370293
1.72E-01,0.298510304
1.72E-01,0.298650312
1.72E-01,0.29879032
1.72E-01,0.298930327
1.72E-01,0.299070337
1.72E-01,0.299210348
1.71E-01,0.299350359
1.71E-01,0.299490366
1.71E-01,0.299630374
1.71E-01,0.299770383
1.71E-01,0.299910394
1.71E-01,0.300050404
1.71E-01,0.300190418
1.71E-01,0.300330431
1.71E-01,0.300470444
1.71E-01,0.300610455
1.71E-01,0.300750468
1.71E-01,0.300890479
1.70E-01,0.301030485
1.70E-01,0.301170488
1.70E-01,0.301310492
1.70E-01,0.3014505
1.70E-01,0.301590509
1.70E-01,0.30173052
1.70E-01,0.301870532
1.70E-01,0.302010548
1.70E-01,0.302150566
1.70E-01,0.302290579
1.70E-01,0.302430592
1.70E-01,0.302570602
1.70E-01,0.302710612
1.69E-01,0.302850622
1.69E-01,0.302990631
1.69E-01,0.30313064
1.69E-01,0.30327065
1.69E-01,0.303410662
1.69E-01,0.303550672
1.69E-01,0.303690681
1.69E-01,0.303830687
1.69E-01,0.303970693
1.69E-01,0.304110698
1.69E-01,0.304250701
1.69E-01,0.304390707
1.68E-01,0.30453071
1.68E-01,0.304670716
1.68E-01,0.30481072
1.68E-01,0.304950725
1.68E-01,0.305090732
1.68E-01,0.305230739
1.68E-01,0.305370747
1.68E-01,0.305510756
1.68E-01,0.305650762
1.68E-01,0.305790767
1.68E-01,0.30593077
1.68E-01,0.306070776
1.68E-01,0.306210786
1.67E-01,0.306350797
1.67E-01,0.306490805
1.67E-01,0.306630812
1.67E-01,0.306770826
1.67E-01,0.306910838
1.67E-01,0.307050852
1.67E-01,0.307190862
1.67E-01,0.30733087
1.67E-01,0.307470875
1.67E-01,0.307610883
1.67E-01,0.30775089
1.66E-01,0.307890901
1.66E-01,0.308030914
1.66E-01,0.308170922
1.66E-01,0.308310932
1.66E-01,0.308450938
1.66E-01,0.308590945
1.66E-01,0.308730956
1.66E-01,0.308870966
1.66E-01,0.309010976
1.66E-01,0.309150981
1.66E-01,0.309290986
1.66E-01,0.309430992
1.66E-01,0.309570999
1.65E-01,0.309711006
1.65E-01,0.309851011
1.65E-01,0.309991021
1.65E-01,0.310131029
1.65E-01,0.310271037
1.65E-01,0.310411049
1.65E-01,0.310551063
1.65E-01,0.310691075
1.65E-01,0.31083109
1.65E-01,0.310971102
1.65E-01,0.311111115
1.64E-01,0.311251127
1.65E-01,0.31139114
1.64E-01,0.311531156
1.64E-01,0.311671167
1.64E-01,0.31181118
1.64E-01,0.311951194
1.64E-01,0.312091209
1.64E-01,0.31223122
1.64E-01,0.312371232
1.64E-01,0.312511246
1.64E-01,0.312651262
1.64E-01,0.312791276
1.63E-01,0.312931291
1.63E-01,0.313071307
1.63E-01,0.313211322
1.63E-01,0.313351333
1.63E-01,0.313491339
1.63E-01,0.313631348
1.63E-01,0.31377136
1.63E-01,0.31391137
1.63E-01,0.314051383
1.63E-01,0.314191394
1.63E-01,0.314331409
1.63E-01,0.314471425
1.62E-01,0.314611441
1.62E-01,0.314751453
1.62E-01,0.314891459
1.62E-01,0.315031466
1.62E-01,0.315171473
1.62E-01,0.315311479
1.62E-01,0.315451485
1.62E-01,0.315591493
1.62E-01,0.315731501
1.62E-01,0.315871508
1.62E-01,0.316011516
1.62E-01,0.316151521
1.61E-01,0.316291529
1.61E-01,0.31643154
1.61E-01,0.316571552
1.61E-01,0.316711565
1.61E-01,0.316851576
1.61E-01,0.31699159
1.61E-01,0.317131607
1.61E-01,0.317271617
1.61E-01,0.317411628
1.61E-01,0.317551636
1.61E-01,0.317691648
1.61E-01,0.317831659
1.60E-01,0.317971667
1.60E-01,0.31811168
1.60E-01,0.318251694
1.60E-01,0.318391707
1.60E-01,0.318531719
1.60E-01,0.318671725
1.60E-01,0.318811731
1.60E-01,0.318951738
1.60E-01,0.319091743
1.60E-01,0.319231748
1.60E-01,0.319371753
1.60E-01,0.319511755
1.60E-01,0.319651755
1.60E-01,0.319791757
1.59E-01,0.319931755
1.59E-01,0.320071754
1.59E-01,0.320211755
1.59E-01,0.320351755
1.59E-01,0.320491755
1.59E-01,0.320631754
1.59E-01,0.320771751
1.59E-01,0.320911746
1.59E-01,0.321051741
1.58E-01,0.321191736
1.58E-01,0.32133173
1.58E-01,0.321471724
1.58E-01,0.321611718
1.58E-01,0.321751711
1.58E-01,0.321891704
1.58E-01,0.322031697
1.58E-01,0.322171686
1.58E-01,0.322311674
1.58E-01,0.322451663
1.58E-01,0.322591653
1.58E-01,0.322731643
1.57E-01,0.322871634
1.57E-01,0.323011624
1.57E-01,0.323151614
1.57E-01,0.323291605
1.57E-01,0.323431596
1.57E-01,0.323571587
1.57E-01,0.323711579
1.57E-01,0.323851574
1.57E-01,0.323991568
1.57E-01,0.324131561
1.57E-01,0.324271554
1.57E-01,0.324411551
1.56E-01,0.324551545
1.56E-01,0.324691536
1.56E-01,0.324831529
1.56E-01,0.324971525
1.56E-01,0.325111524
1.56E-01,0.325251522
1.56E-01,0.325391521
1.56E-01,0.325531521
1.56E-01,0.325671519
1.56E-01,0.325811518
1.56E-01,0.325951512
1.56E-01,0.326091504
1.56E-01,0.326231499
1.55E-01,0.326371495
1.55E-01,0.32651149
1.55E-01,0.326651484
1.55E-01,0.326791477
1.55E-01,0.32693147
1.55E-01,0.327071465
1.55E-01,0.327211461
1.55E-01,0.327351456
1.55E-01,0.32749145
1.55E-01,0.327631443
1.55E-01,0.327771437
1.55E-01,0.327911427
1.54E-01,0.328051418
1.54E-01,0.32819141
1.54E-01,0.328331403
1.54E-01,0.328471394
1.54E-01,0.328611384
1.54E-01,0.328751369
1.54E-01,0.328891354
1.54E-01,0.329031337
1.54E-01,0.329171322
1.54E-01,0.32931131
1.54E-01,0.3294513
1.54E-01,0.329591293
1.53E-01,0.329731282
1.53E-01,0.329871268
1.53E-01,0.330011258
1.53E-01,0.330151248
1.53E-01,0.330291236
1.53E-01,0.330431227
1.53E-01,0.330571216
1.53E-01,0.330711206
1.53E-01,0.330851196
1.53E-01,0.330991182
1.53E-01,0.331131169
1.53E-01,0.331271153
1.52E-01,0.331411138
1.52E-01,0.331551126
1.52E-01,0.331691114
1.52E-01,0.331831104
1.52E-01,0.33197109
1.52E-01,0.332111078
1.52E-01,0.33225106
1.52E-01,0.332391042
1.52E-01,0.332531021
1.52E-01,0.332671004
1.52E-01,0.33281099
1.52E-01,0.332950976
1.52E-01,0.333090961
1.52E-01,0.333230946
1.51E-01,0.333370934
1.51E-01,0.333510922
1.51E-01,0.333650909
1.51E-01,0.333790897
1.51E-01,0.333930885
1.51E-01,0.334070872
1.51E-01,0.334210855
1.51E-01,0.33435084
1.51E-01,0.334490827
1.51E-01,0.334630812
1.51E-01,0.334770796
1.51E-01,0.33491078
1.51E-01,0.335050763
1.51E-01,0.335190745
1.50E-01,0.335330727
1.50E-01,0.335470707
1.50E-01,0.335610692
1.50E-01,0.335750676
1.50E-01,0.335890659
1.50E-01,0.336030638
1.50E-01,0.336170625
1.50E-01,0.336310616
1.50E-01,0.336450607
1.50E-01,0.336590592
1.50E-01,0.336730575
1.50E-01,0.336870556
1.50E-01,0.33701054
1.50E-01,0.337150524
1.49E-01,0.337290508
1.49E-01,0.337430489
1.49E-01,0.33757047
1.49E-01,0.337710452
1.49E-01,0.337850435
1.49E-01,0.337990414
1.49E-01,0.338130396
1.49E-01,0.338270381
1.49E-01,0.338410367
1.49E-01,0.338550348
1.49E-01,0.338690332
1.49E-01,0.338830318
1.49E-01,0.338970304
1.49E-01,0.339110291
1.48E-01,0.33925028
1.48E-01,0.339390266
1.48E-01,0.33953025
1.48E-01,0.339670239
1.48E-01,0.33981023
1.48E-01,0.339950224
1.48E-01,0.340090213
1.48E-01,0.340230202
1.48E-01,0.340370192
1.48E-01,0.340510185
1.48E-01,0.340650179
1.48E-01,0.340790171
1.48E-01,0.340930163
1.47E-01,0.341070151
1.47E-01,0.34121014
1.47E-01,0.341350129
1.47E-01,0.341490118
1.47E-01,0.341630104
1.47E-01,0.341770092
1.47E-01,0.341910078
1.47E-01,0.342050065
1.47E-01,0.342190054
1.47E-01,0.342330042
1.47E-01,0.34247003
1.47E-01,0.342610016
1.47E-01,0.342750005
1.47E-01,0.342889995
1.47E-01,0.343029983
1.47E-01,0.343169967
1.47E-01,0.343309951
1.47E-01,0.343449937
1.47E-01,0.343589918
1.47E-01,0.3437299
1.46E-01,0.343869886
1.46E-01,0.34400987
1.46E-01,0.344149855
1.46E-01,0.344289842
1.46E-01,0.344429827
1.46E-01,0.344569814
1.46E-01,0.344709803
1.46E-01,0.344849789
1.46E-01,0.344989774
1.46E-01,0.345129762
1.46E-01,0.345269751
1.46E-01,0.345409738
1.46E-01,0.345549727
1.46E-01,0.345689715
1.46E-01,0.345829704
1.46E-01,0.345969694
1.45E-01,0.346109682
1.45E-01,0.346249665
1.45E-01,0.346389651
1.45E-01,0.346529636
1.45E-01,0.34666962
1.45E-01,0.346809603
1.45E-01,0.346949585
1.45E-01,0.347089571
1.45E-01,0.347229557
1.45E-01,0.34736954
1.45E-01,0.34750952
1.45E-01,0.347649498
1.45E-01,0.347789478
1.45E-01,0.347929458
1.45E-01,0.348069438
1.45E-01,0.348209417
1.45E-01,0.348349394
1.45E-01,0.348489372
1.44E-01,0.348629347
1.44E-01,0.348769323
1.44E-01,0.3489093
1.44E-01,0.349049278
1.44E-01,0.349189258
1.44E-01,0.349329239
1.44E-01,0.349469219
1.44E-01,0.349609197
1.44E-01,0.349749174
1.44E-01,0.349889154
1.44E-01,0.350029135
1.44E-01,0.350169117
1.44E-01,0.350309102
1.44E-01,0.350449085
1.44E-01,0.350589068
1.44E-01,0.350729051
1.43E-01,0.350869035
1.43E-01,0.351009015
1.43E-01,0.35114899
1.43E-01,0.351288967
1.43E-01,0.351428941
1.43E-01,0.351568916
1.43E-01,0.351708889
1.43E-01,0.351848862
1.43E-01,0.351988838
1.43E-01,0.352128817
1.43E-01,0.352268796
1.43E-01,0.352408778
1.43E-01,0.352548759
1.43E-01,0.352688739
1.42E-01,0.352828717
1.42E-01,0.352968699
1.42E-01,0.353108678
1.42E-01,0.353248657
1.42E-01,0.353388637
1.42E-01,0.353528614
1.42E-01,0.353668591
1.42E-01,0.353808569
1.42E-01,0.353948552
1.42E-01,0.354088534
1.42E-01,0.354228516
1.42E-01,0.354368495
1.42E-01,0.354508477
1.42E-01,0.354648463
1.42E-01,0.354788447
1.42E-01,0.354928431
1.41E-01,0.355068415
1.41E-01,0.3552084
1.41E-01,0.355348386
1.41E-01,0.355488369
1.41E-01,0.355628355
1.41E-01,0.355768341
1.41E-01,0.355908328
1.41E-01,0.356048309
1.41E-01,0.356188293
1.41E-01,0.356328275
1.41E-01,0.356468257
1.41E-01,0.356608236
1.41E-01,0.356748214
1.41E-01,0.356888194
1.41E-01,0.357028172
1.40E-01,0.357168149
1.40E-01,0.357308121
1.40E-01,0.357448096
1.40E-01,0.357588073
1.40E-01,0.357728049
1.40E-01,0.357868024
1.40E-01,0.358008001
1.40E-01,0.358147978
1.40E-01,0.358287957
1.40E-01,0.358427935
1.40E-01,0.358567912
1.40E-01,0.358707889
1.40E-01,0.358847867
1.40E-01,0.358987846
1.39E-01,0.359127828
1.39E-01,0.359267811
1.39E-01,0.359407794
1.39E-01,0.359547775
1.39E-01,0.359687757
1.39E-01,0.359827738
1.39E-01,0.359967719
1.39E-01,0.3601077
1.39E-01,0.360247682
1.39E-01,0.360387665
1.39E-01,0.360527649
1.39E-01,0.360667634
1.39E-01,0.360807619
1.38E-01,0.360947606
1.39E-01,0.361087591
1.38E-01,0.361227575
1.38E-01,0.36136756
1.38E-01,0.361507544
1.38E-01,0.361647528
1.38E-01,0.361787509
1.38E-01,0.36192749
1.38E-01,0.362067472
1.38E-01,0.362207452
1.38E-01,0.362347429
1.38E-01,0.362487407
1.38E-01,0.362627384
1.38E-01,0.362767363
1.37E-01,0.362907341
1.37E-01,0.36304732
1.37E-01,0.363187297
1.37E-01,0.363327276
1.37E-01,0.363467254
1.37E-01,0.363607229
1.37E-01,0.363747206
1.37E-01,0.363887182
1.37E-01,0.364027159
1.37E-01,0.364167137
1.37E-01,0.364307114
1.37E-01,0.364447095
1.37E-01,0.364587076
1.37E-01,0.364727059
1.36E-01,0.364867039
1.36E-01,0.365007019
1.36E-01,0.365146998
1.36E-01,0.365286979
1.36E-01,0.365426962
1.36E-01,0.365566942
1.36E-01,0.365706922
1.36E-01,0.365846901
1.36E-01,0.36598688
1.36E-01,0.366126858
1.36E-01,0.366266836
1.36E-01,0.366406812
1.36E-01,0.366546794
1.35E-01,0.366686779
1.35E-01,0.366826763
1.35E-01,0.366966745
1.35E-01,0.367106727
1.35E-01,0.367246712
1.35E-01,0.367386696
1.35E-01,0.36752668
1.35E-01,0.367666667
1.35E-01,0.367806647
1.35E-01,0.367946628
1.35E-01,0.368086608
1.35E-01,0.368226591
1.35E-01,0.368366572
1.35E-01,0.36850655
1.35E-01,0.368646527
1.34E-01,0.368786504
1.34E-01,0.368926481
1.34E-01,0.369066465
1.34E-01,0.369206449
1.34E-01,0.369346433
1.34E-01,0.369486418
1.34E-01,0.369626405
1.34E-01,0.369766392
1.34E-01,0.369906378
1.34E-01,0.370046361
1.34E-01,0.370186342
1.34E-01,0.370326327
1.34E-01,0.370466314
1.34E-01,0.370606303
1.33E-01,0.370746291
1.33E-01,0.37088628
1.33E-01,0.371026271
1.33E-01,0.371166261
1.33E-01,0.371306251
1.33E-01,0.371446239
1.33E-01,0.371586226
1.33E-01,0.371726211
1.33E-01,0.371866198
1.33E-01,0.372006184
1.33E-01,0.37214617
1.33E-01,0.372286156
1.33E-01,0.37242614
1.33E-01,0.372566123
1.32E-01,0.372706106
1.32E-01,0.37284609
1.32E-01,0.372986071
1.32E-01,0.373126053
1.32E-01,0.373266038
1.32E-01,0.373406027
1.32E-01,0.373546014
1.32E-01,0.373686
1.32E-01,0.373825987
1.32E-01,0.373965975
1.32E-01,0.374105965
1.32E-01,0.374245957
1.32E-01,0.374385949
1.32E-01,0.374525934
1.32E-01,0.374665922
1.31E-01,0.37480591
1.31E-01,0.37494589
1.31E-01,0.375085867
1.31E-01,0.37522584
1.31E-01,0.375365815
1.31E-01,0.375505796
1.31E-01,0.375645778
1.31E-01,0.375785761
1.31E-01,0.375925747
1.31E-01,0.376065732
1.31E-01,0.376205719
1.31E-01,0.376345707
1.31E-01,0.376485693
1.31E-01,0.376625679
1.31E-01,0.376765662
1.31E-01,0.376905644
1.30E-01,0.377045628
1.30E-01,0.377185613
1.30E-01,0.377325597
1.30E-01,0.377465577
1.30E-01,0.37760556
1.30E-01,0.377745545
1.30E-01,0.377885532
1.30E-01,0.378025519
1.30E-01,0.378165507
1.30E-01,0.378305495
1.30E-01,0.378445484
1.30E-01,0.37858547
1.30E-01,0.378725461
1.30E-01,0.37886545
1.30E-01,0.379005444
1.29E-01,0.379145438
1.30E-01,0.379285432
1.29E-01,0.379425426
1.29E-01,0.379565415
1.29E-01,0.379705409
1.29E-01,0.379845401
1.29E-01,0.379985394
1.29E-01,0.380125387
1.29E-01,0.38026538
1.29E-01,0.380405376
1.29E-01,0.380545373
1.29E-01,0.380685369
1.29E-01,0.380825363
1.29E-01,0.380965359
1.29E-01,0.381105353
1.29E-01,0.381245342
1.29E-01,0.381385331
1.29E-01,0.381525323
1.29E-01,0.381665321
1.29E-01,0.381805319
1.28E-01,0.381945316
1.28E-01,0.382085311
1.28E-01,0.38222531
1.28E-01,0.382365309
1.28E-01,0.382505319
1.28E-01,0.382645341
1.28E-01,0.382785369
1.28E-01,0.382925405
1.28E-01,0.383065444
1.28E-01,0.383205487
1.28E-01,0.383345528
1.28E-01,0.383485573
1.28E-01,0.38362562
1.28E-01,0.383765667
1.28E-01,0.383905718
1.28E-01,0.38404577
1.27E-01,0.384185822
1.27E-01,0.384325875
1.28E-01,0.384465927
1.27E-01,0.384605983
1.27E-01,0.384746047
1.27E-01,0.384886109
1.27E-01,0.38502617
1.27E-01,0.385166233
1.27E-01,0.385306297
1.27E-01,0.38544636
1.27E-01,0.385586423
1.27E-01,0.385726488
1.27E-01,0.385866554
1.27E-01,0.386006618
1.27E-01,0.386146675
1.27E-01,0.386286737
1.27E-01,0.386426798
1.27E-01,0.38656686
1.27E-01,0.386706924
1.27E-01,0.38684699
1.27E-01,0.386987058
1.27E-01,0.387127131
1.27E-01,0.387267204
1.27E-01,0.387407273
1.27E-01,0.387547343
1.27E-01,0.387687415
1.27E-01,0.38782749
1.26E-01,0.387967568
1.26E-01,0.388107647
1.26E-01,0.388247721
1.26E-01,0.388387797
1.26E-01,0.388527874
1.26E-01,0.38866795
1.26E-01,0.388808024
1.26E-01,0.388948097
1.26E-01,0.389088173
1.26E-01,0.38922825
1.26E-01,0.389368329
1.26E-01,0.389508403
1.26E-01,0.389648481
1.26E-01,0.38978856
1.26E-01,0.389928636
1.26E-01,0.390068711
1.26E-01,0.390208784
1.26E-01,0.390348855
1.26E-01,0.390488928
1.26E-01,0.390629002
1.26E-01,0.39076908
1.26E-01,0.390909157
1.26E-01,0.391049238
1.26E-01,0.391189318
1.26E-01,0.391329399
1.26E-01,0.391469477
1.26E-01,0.391609554
1.26E-01,0.391749633
1.26E-01,0.391889712
1.26E-01,0.39202979
1.26E-01,0.392169868
1.26E-01,0.39230995
1.25E-01,0.392450034
1.25E-01,0.39259012
1.26E-01,0.392730204
1.25E-01,0.392870294
1.25E-01,0.39301038
1.25E-01,0.393150465
1.25E-01,0.393290552
1.25E-01,0.39343064
1.25E-01,0.393570725
1.25E-01,0.393710804
1.25E-01,0.393850883
1.25E-01,0.393990962
1.25E-01,0.394131041
1.25E-01,0.39427112
1.25E-01,0.394411201
1.25E-01,0.394551282
1.25E-01,0.394691366
1.25E-01,0.394831442
1.25E-01,0.39497152
1.25E-01,0.395111598
1.25E-01,0.395251676
1.25E-01,0.395391755
1.25E-01,0.395531831
1.25E-01,0.39567191
1.25E-01,0.395811992
1.25E-01,0.395952075
1.25E-01,0.396092158
1.25E-01,0.396232243
1.25E-01,0.396372327
1.25E-01,0.396512409
1.25E-01,0.396652493
1.25E-01,0.396792577
1.25E-01,0.396932662
1.25E-01,0.397072744
1.25E-01,0.39721283
1.25E-01,0.397352911
1.25E-01,0.397492994
1.25E-01,0.39763308
1.25E-01,0.397773165
1.25E-01,0.397913251
1.25E-01,0.398053335
1.25E-01,0.398193422
1.25E-01,0.398333514
1.25E-01,0.398473608
1.25E-01,0.3986137
1.25E-01,0.398753791
1.24E-01,0.398893884
1.24E-01,0.399033976
1.25E-01,0.399174064
1.25E-01,0.399314151
1.24E-01,0.399454241
1.24E-01,0.399594329
1.24E-01,0.399734419
1.24E-01,0.399874509
1.24E-01,0.400014599
1.24E-01,0.40015469
1.24E-01,0.40029478
1.24E-01,0.400434873
1.24E-01,0.400574966
1.24E-01,0.400715064
1.24E-01,0.400855159
1.24E-01,0.400995253
1.24E-01,0.401135344
1.24E-01,0.40127543
1.24E-01,0.401415517
1.24E-01,0.401555605
1.24E-01,0.401695693
1.24E-01,0.401835781
1.24E-01,0.401975874
1.24E-01,0.40211596
1.24E-01,0.402256042
1.24E-01,0.402396125
1.24E-01,0.402536207
1.24E-01,0.402676294
1.24E-01,0.402816381
1.24E-01,0.40295647
1.24E-01,0.403096558
1.24E-01,0.403236647
1.24E-01,0.403376736
1.24E-01,0.403516824
1.24E-01,0.403656912
1.24E-01,0.403797001
1.24E-01,0.40393709
1.24E-01,0.404077179
1.24E-01,0.404217267
1.24E-01,0.404357357
1.24E-01,0.404497447
1.24E-01,0.404637539
1.24E-01,0.404777629
1.24E-01,0.404917717
1.24E-01,0.405057805
1.23E-01,0.405197891
1.23E-01,0.405337976
1.23E-01,0.405478065
1.23E-01,0.405618153
1.23E-01,0.405758239
1.23E-01,0.405898328
1.23E-01,0.406038418
1.23E-01,0.406178505
1.23E-01,0.406318592
1.23E-01,0.40645868
1.23E-01,0.406598766
1.23E-01,0.406738855
1.23E-01,0.406878943
1.23E-01,0.407019033
1.23E-01,0.407159123
1.23E-01,0.407299213
1.23E-01,0.407439304
1.23E-01,0.407579394
1.23E-01,0.407719485
1.23E-01,0.407859575
1.23E-01,0.407999665
1.23E-01,0.408139753
1.23E-01,0.408279842
1.23E-01,0.408419935
1.23E-01,0.40856003
1.23E-01,0.408700121
1.23E-01,0.408840212
1.23E-01,0.408980305
1.23E-01,0.4091204
1.23E-01,0.409260492
1.23E-01,0.409400586
1.23E-01,0.409540682
1.23E-01,0.409680777
1.23E-01,0.409820869
1.23E-01,0.409960957
1.23E-01,0.410101046
1.23E-01,0.410241137
1.23E-01,0.410381232
1.23E-01,0.410521329
1.23E-01,0.410661426
1.23E-01,0.410801522
1.23E-01,0.410941617
1.23E-01,0.411081715
1.23E-01,0.41122181
1.23E-01,0.411361907
1.23E-01,0.411501999
1.23E-01,0.411642094
1.22E-01,0.411782192
1.22E-01,0.411922284
1.22E-01,0.412062375
1.22E-01,0.412202466
1.22E-01,0.412342556
1.23E-01,0.412482648
1.22E-01,0.412622744
1.22E-01,0.412762838
1.22E-01,0.412902934
1.22E-01,0.413043026
1.22E-01,0.413183121
1.22E-01,0.413323219
1.22E-01,0.413463321
1.22E-01,0.413603421
1.22E-01,0.413743518
1.22E-01,0.413883616
1.22E-01,0.414023714
1.22E-01,0.414163811
1.22E-01,0.414303909
1.22E-01,0.414444001
1.22E-01,0.414584094
1.22E-01,0.414724189
1.22E-01,0.414864285
1.22E-01,0.415004379
1.22E-01,0.415144474
1.22E-01,0.415284569
1.22E-01,0.415424663
1.22E-01,0.41556476
1.22E-01,0.415704856
1.22E-01,0.41584495
1.22E-01,0.415985043
1.22E-01,0.416125134
1.22E-01,0.41626522
1.22E-01,0.416405308
1.22E-01,0.416545398
1.22E-01,0.416685487
1.22E-01,0.416825576
1.22E-01,0.416965671
1.22E-01,0.417105762
1.22E-01,0.417245853
1.22E-01,0.417385943
1.22E-01,0.417526034
1.22E-01,0.417666128
1.22E-01,0.417806222
1.22E-01,0.417946316
1.22E-01,0.418086406
1.22E-01,0.418226497
1.22E-01,0.418366591
1.22E-01,0.418506683
1.22E-01,0.418646772
1.22E-01,0.418786859
1.22E-01,0.418926947
1.22E-01,0.419067038
1.22E-01,0.419207133
1.22E-01,0.419347229
1.22E-01,0.419487324
1.22E-01,0.419627418
1.22E-01,0.419767511
1.22E-01,0.419907605
1.22E-01,0.420047697
1.22E-01,0.420187786
1.21E-01,0.420327874
1.22E-01,0.420467966
1.22E-01,0.42060806
1.22E-01,0.420748156
1.21E-01,0.42088825
1.21E-01,0.421028342
1.21E-01,0.421168431
1.21E-01,0.421308519
1.21E-01,0.421448612
1.21E-01,0.421588702
1.21E-01,0.42172879
1.21E-01,0.421868878
1.21E-01,0.422008966
1.21E-01,0.422149056
1.21E-01,0.422289149
1.21E-01,0.422429241
1.21E-01,0.422569333
1.21E-01,0.422709427
1.21E-01,0.422849518
1.21E-01,0.422989603
1.21E-01,0.423129687
1.21E-01,0.423269769
1.21E-01,0.423409856
1.21E-01,0.423549945
1.21E-01,0.423690033
1.21E-01,0.423830122
1.21E-01,0.423970213
1.21E-01,0.424110309
1.21E-01,0.424250398
1.21E-01,0.424390487
1.21E-01,0.424530578
1.21E-01,0.42467067
1.21E-01,0.424810762
1.21E-01,0.424950854
1.21E-01,0.425090944
1.21E-01,0.425231036
1.21E-01,0.425371126
1.21E-01,0.425511217
1.21E-01,0.425651311
1.21E-01,0.425791405
1.21E-01,0.425931498
1.21E-01,0.426071592
1.21E-01,0.426211687
1.21E-01,0.426351783
1.21E-01,0.426491877
1.21E-01,0.426631973
1.21E-01,0.426772067
1.21E-01,0.426912154
1.21E-01,0.427052244
1.21E-01,0.427192334
1.21E-01,0.427332423
1.21E-01,0.427472509
1.21E-01,0.427612594
1.21E-01,0.427752683
1.21E-01,0.427892771
1.21E-01,0.42803286
1.21E-01,0.428172951
1.21E-01,0.428313043
1.21E-01,0.428453137
1.21E-01,0.428593234
1.21E-01,0.428733327
1.21E-01,0.428873419
1.21E-01,0.429013507
1.21E-01,0.429153594
1.21E-01,0.429293682
1.21E-01,0.429433772
1.21E-01,0.429573867
1.21E-01,0.429713964
1.21E-01,0.429854059
1.21E-01,0.429994155
1.21E-01,0.430134248
1.21E-01,0.43027434
1.21E-01,0.430414433
1.21E-01,0.430554529
1.21E-01,0.430694625
1.21E-01,0.430834726
1.21E-01,0.430974829
1.21E-01,0.43111493
1.21E-01,0.431255027
1.21E-01,0.431395124
1.21E-01,0.431535218
1.21E-01,0.431675312
1.21E-01,0.431815407
1.21E-01,0.431955501
1.21E-01,0.432095599
1.21E-01,0.432235699
1.21E-01,0.432375798
1.21E-01,0.432515894
1.21E-01,0.432655987
1.21E-01,0.432796079
1.21E-01,0.432936174
1.21E-01,0.433076271
1.21E-01,0.433216369
1.21E-01,0.433356467
1.20E-01,0.433496561
1.21E-01,0.433636654
1.20E-01,0.433776742
1.20E-01,0.433916828
1.21E-01,0.434056917
1.20E-01,0.434197014
1.21E-01,0.434337109
1.20E-01,0.434477202
1.20E-01,0.4346173
1.20E-01,0.434757396
1.21E-01,0.434897494
1.20E-01,0.435037587
1.20E-01,0.43517768
1.20E-01,0.435317772
1.20E-01,0.435457864
1.20E-01,0.435597957
1.20E-01,0.43573805
1.20E-01,0.435878148
1.20E-01,0.436018245
1.20E-01,0.436158338
1.20E-01,0.436298429
1.20E-01,0.436438526
1.20E-01,0.436578622
1.20E-01,0.436718722
1.20E-01,0.43685882
1.20E-01,0.436998917
1.20E-01,0.437139009
1.20E-01,0.437279098
1.20E-01,0.437419188
1.20E-01,0.43755928
1.20E-01,0.437699371
1.20E-01,0.437839464
1.20E-01,0.437979559
1.20E-01,0.438119654
1.20E-01,0.438259746
1.20E-01,0.43839984
1.20E-01,0.438539933
1.20E-01,0.438680029
1.20E-01,0.438820122
1.20E-01,0.438960215
1.20E-01,0.439100306
1.20E-01,0.4392404
1.20E-01,0.439380499
1.20E-01,0.439520599
1.20E-01,0.439660695
1.20E-01,0.43980079
1.20E-01,0.439940889
1.20E-01,0.440080987
1.20E-01,0.440221082
1.20E-01,0.440361176
1.20E-01,0.440501274
1.20E-01,0.440641372
1.20E-01,0.44078147
1.20E-01,0.44092157
1.20E-01,0.441061668
1.20E-01,0.441201767
1.20E-01,0.441341862
1.20E-01,0.441481957
1.20E-01,0.441622057
1.20E-01,0.441762156
1.20E-01,0.44190225
1.20E-01,0.442042342
1.20E-01,0.442182433
1.20E-01,0.442322522
1.20E-01,0.442462612
1.20E-01,0.442602703
1.20E-01,0.442742796
1.20E-01,0.442882889
1.20E-01,0.443022985
1.20E-01,0.443163077
1.20E-01,0.443303166
1.20E-01,0.443443254
1.20E-01,0.443583342
1.20E-01,0.443723433
1.20E-01,0.443863523
1.20E-01,0.444003614
1.20E-01,0.444143709
1.20E-01,0.4442838
1.20E-01,0.444423888
1.20E-01,0.444563978
1.20E-01,0.444704069
1.20E-01,0.444844159
1.20E-01,0.444984252
1.20E-01,0.445124344
1.20E-01,0.445264438
1.20E-01,0.445404532
1.20E-01,0.445544628
1.20E-01,0.445684723
1.20E-01,0.445824819
1.20E-01,0.445964914
1.20E-01,0.446105009
1.20E-01,0.446245101
1.20E-01,0.446385192
1.20E-01,0.446525284
1.20E-01,0.446665377
1.20E-01,0.446805471
1.20E-01,0.446945563
1.20E-01,0.447085655
1.20E-01,0.447225751
1.20E-01,0.447365841
1.20E-01,0.447505936
1.20E-01,0.447646031
1.20E-01,0.447786124
1.20E-01,0.447926216
1.20E-01,0.448066312
1.20E-01,0.448206407
1.20E-01,0.448346499
1.20E-01,0.448486591
1.20E-01,0.448626687
1.20E-01,0.448766783
1.20E-01,0.448906881
1.20E-01,0.449046976
1.20E-01,0.44918707
1.20E-01,0.449327166
1.20E-01,0.449467262
1.20E-01,0.449607358
1.20E-01,0.449747449
1.20E-01,0.449887546
1.20E-01,0.450027646
1.20E-01,0.450167747
1.20E-01,0.450307846
1.20E-01,0.450447943
1.20E-01,0.450588042
1.20E-01,0.450728136
1.20E-01,0.450868231
1.20E-01,0.451008328
1.20E-01,0.451148422
1.20E-01,0.451288516
1.20E-01,0.451428607
1.20E-01,0.451568696
1.20E-01,0.451708787
1.19E-01,0.451848875
1.20E-01,0.451988965
1.20E-01,0.452129054
1.20E-01,0.452269141
1.19E-01,0.452409231
1.20E-01,0.452549318
1.20E-01,0.452689407
1.20E-01,0.452829498
1.20E-01,0.452969588
1.20E-01,0.453109677
1.19E-01,0.453249765
1.19E-01,0.453389854
1.19E-01,0.453529943
1.20E-01,0.45367003
1.19E-01,0.453810116
1.19E-01,0.453950207
1.19E-01,0.454090299
1.19E-01,0.45423039
1.19E-01,0.454370481
1.19E-01,0.454510569
1.19E-01,0.45465066
1.19E-01,0.454790749
1.19E-01,0.454930838
1.19E-01,0.455070928
1.19E-01,0.455211014
1.19E-01,0.455351103
1.19E-01,0.455491195
1.19E-01,0.455631283
1.19E-01,0.455771371
1.19E-01,0.455911464
1.19E-01,0.456051555
1.19E-01,0.456191646
1.19E-01,0.456331734
1.19E-01,0.456471823
1.19E-01,0.456611911
1.19E-01,0.456751999
1.19E-01,0.456892087
1.19E-01,0.457032173
1.19E-01,0.457172261
1.19E-01,0.45731235
1.19E-01,0.457452445
1.19E-01,0.457592538
1.19E-01,0.457732635
1.19E-01,0.457872732
1.19E-01,0.458012829
1.19E-01,0.458152924
1.19E-01,0.458293014
1.19E-01,0.458433102
1.19E-01,0.458573192
1.19E-01,0.458713281
1.19E-01,0.458853371
1.19E-01,0.45899346
1.19E-01,0.459133548
1.19E-01,0.459273638
1.19E-01,0.459413725
1.19E-01,0.459553817
1.19E-01,0.45969391
1.19E-01,0.459834002
1.19E-01,0.459974093
1.19E-01,0.460114182
1.19E-01,0.460254269
1.19E-01,0.460394356
1.19E-01,0.460534444
1.19E-01,0.460674531
1.19E-01,0.460814623
1.19E-01,0.460954717
1.19E-01,0.46109481
1.19E-01,0.461234904
1.19E-01,0.461374995
1.19E-01,0.461515085
1.19E-01,0.461655174
1.19E-01,0.461795269
1.19E-01,0.461935364
1.19E-01,0.462075461
1.19E-01,0.462215557
1.19E-01,0.462355652
1.19E-01,0.462495743
1.19E-01,0.462635831
1.19E-01,0.462775917
1.19E-01,0.462916004
1.19E-01,0.463056091
1.19E-01,0.463196181
1.19E-01,0.463336273
1.19E-01,0.463476365
1.19E-01,0.463616455
1.19E-01,0.463756541
1.19E-01,0.463896626
1.19E-01,0.464036714
1.19E-01,0.464176799
1.19E-01,0.464316889
1.19E-01,0.464456978
1.19E-01,0.46459707
1.19E-01,0.464737162
1.19E-01,0.464877251
1.19E-01,0.465017341
1.19E-01,0.465157429
1.19E-01,0.465297519
1.19E-01,0.465437612
1.19E-01,0.465577704
1.19E-01,0.465717795
1.19E-01,0.46585789
1.19E-01,0.465997982
1.19E-01,0.466138071
1.19E-01,0.46627816
1.19E-01,0.466418247
1.19E-01,0.466558336
1.19E-01,0.466698426
1.19E-01,0.46683852
1.19E-01,0.466978612
1.19E-01,0.467118708
1.19E-01,0.4672588
1.19E-01,0.467398893
1.19E-01,0.467538984
1.19E-01,0.467679076
1.19E-01,0.467819167
1.19E-01,0.467959258
1.19E-01,0.46809935
1.19E-01,0.468239445
1.19E-01,0.468379541
1.19E-01,0.468519636
1.19E-01,0.468659735
1.19E-01,0.468799833
1.19E-01,0.468939927
1.19E-01,0.469080022
1.19E-01,0.469220115
1.19E-01,0.469360209
1.19E-01,0.469500299
1.19E-01,0.469640393
1.19E-01,0.469780489
1.19E-01,0.469920585
1.19E-01,0.470060681
1.19E-01,0.470200774
1.19E-01,0.470340868
1.19E-01,0.470480961
1.19E-01,0.470621054
1.19E-01,0.470761147
1.19E-01,0.470901241
1.19E-01,0.471041336
1.19E-01,0.471181431
1.19E-01,0.471321523
1.19E-01,0.471461613
1.19E-01,0.471601702
1.19E-01,0.471741794
1.19E-01,0.471881888
1.19E-01,0.472021984
1.19E-01,0.472162078
1.18E-01,0.472302173
1.18E-01,0.47244227
1.19E-01,0.472582362
1.19E-01,0.472722455
1.19E-01,0.472862549
1.19E-01,0.473002645
1.18E-01,0.473142737
1.18E-01,0.473282829
1.18E-01,0.473422922
1.18E-01,0.473563016
1.18E-01,0.47370311
1.18E-01,0.473843203
1.19E-01,0.473983298
1.18E-01,0.474123395
1.18E-01,0.474263494
1.18E-01,0.474403592
1.18E-01,0.474543691
1.18E-01,0.474683788
1.18E-01,0.474823886
1.18E-01,0.474963985
1.18E-01,0.475104083
1.18E-01,0.475244178
1.18E-01,0.475384275
1.18E-01,0.475524369
1.18E-01,0.475664467
1.18E-01,0.475804568
1.18E-01,0.475944669
1.18E-01,0.476084765
1.18E-01,0.476224866
1.18E-01,0.476364962
1.18E-01,0.476505057
1.18E-01,0.476645157
1.18E-01,0.476785257
1.18E-01,0.476925359
1.18E-01,0.47706546
1.18E-01,0.477205564
1.18E-01,0.477345666
1.18E-01,0.47748577
1.18E-01,0.477625873
1.18E-01,0.477765978
1.18E-01,0.47790608
1.18E-01,0.478046182
1.18E-01,0.478186278
1.18E-01,0.478326373
1.18E-01,0.478466468
1.18E-01,0.478606564
1.18E-01,0.478746659
1.18E-01,0.478886752
1.18E-01,0.479026845
1.18E-01,0.479166941
1.18E-01,0.479307041
1.18E-01,0.479447139
1.18E-01,0.47958724
1.18E-01,0.479727336
1.18E-01,0.479867432
1.18E-01,0.480007529
1.18E-01,0.480147623
1.18E-01,0.480287722
1.18E-01,0.48042782
1.18E-01,0.480567917
1.18E-01,0.480708013
1.18E-01,0.480848105
1.18E-01,0.480988198
1.18E-01,0.481128293
1.18E-01,0.48126839
1.18E-01,0.481408485
1.18E-01,0.481548579
1.18E-01,0.481688677
1.18E-01,0.481828776
1.18E-01,0.481968872
1.18E-01,0.482108968
1.18E-01,0.482249064
1.18E-01,0.48238916
1.18E-01,0.482529253
1.18E-01,0.482669346
1.18E-01,0.482809442
1.18E-01,0.482949539
1.18E-01,0.483089637
1.18E-01,0.483229734
1.18E-01,0.483369831
1.18E-01,0.483509923
1.18E-01,0.483650017
1.18E-01,0.483790113
1.18E-01,0.483930207
1.18E-01,0.484070299
1.18E-01,0.484210389
1.18E-01,0.48435048
1.18E-01,0.484490573
1.18E-01,0.484630666
1.18E-01,0.484770764
1.18E-01,0.484910862
1.18E-01,0.485050961
1.18E-01,0.485191058
1.18E-01,0.485331155
1.18E-01,0.48547125
1.18E-01,0.485611348
1.18E-01,0.485751448
1.18E-01,0.48589155
1.18E-01,0.486031649
1.18E-01,0.486171748
1.18E-01,0.486311847
1.18E-01,0.486451945
1.18E-01,0.486592041
1.18E-01,0.486732142
1.18E-01,0.48687224
1.18E-01,0.487012335
1.18E-01,0.487152428
1.18E-01,0.487292522
1.18E-01,0.487432617
1.18E-01,0.487572712
1.18E-01,0.487712802
1.18E-01,0.487852892
1.18E-01,0.487992985
1.18E-01,0.488133079
1.18E-01,0.488273173
1.18E-01,0.488413266
1.18E-01,0.488553359
1.18E-01,0.48869345
1.18E-01,0.488833538
1.18E-01,0.488973628
1.18E-01,0.489113718
1.18E-01,0.489253812
1.18E-01,0.489393907
1.18E-01,0.489534
1.18E-01,0.489674093
1.18E-01,0.489814186
1.18E-01,0.489954278
1.18E-01,0.490094369
1.18E-01,0.490234461
1.18E-01,0.490374557
1.18E-01,0.490514652
1.18E-01,0.490654748
1.18E-01,0.490794843
1.18E-01,0.490934936
1.18E-01,0.491075034
1.18E-01,0.491215134
1.18E-01,0.491355231
1.18E-01,0.491495328
1.18E-01,0.491635429
1.18E-01,0.491775528
1.18E-01,0.491915628
1.18E-01,0.492055723
1.18E-01,0.492195817
1.17E-01,0.492335913
1.17E-01,0.492476009
1.18E-01,0.492616105
1.18E-01,0.4927562
1.18E-01,0.492896297
1.18E-01,0.493036391
1.18E-01,0.493176484
1.18E-01,0.493316575
1.17E-01,0.493456668
1.18E-01,0.493596759
1.18E-01,0.493736853
1.17E-01,0.493876948
1.17E-01,0.494017042
1.17E-01,0.494157134
1.17E-01,0.494297227
1.17E-01,0.49443732
1.17E-01,0.494577412
1.17E-01,0.494717505
1.18E-01,0.494857599
1.17E-01,0.494997693
1.17E-01,0.495137789
1.17E-01,0.495277888
1.17E-01,0.495417985
1.17E-01,0.495558081
1.17E-01,0.495698175
1.17E-01,0.495838266
1.17E-01,0.495978361
1.17E-01,0.496118457
1.17E-01,0.496258554
1.17E-01,0.496398649
1.17E-01,0.49653874
1.17E-01,0.496678833
1.17E-01,0.496818929
1.17E-01,0.496959028
1.17E-01,0.497099128
1.17E-01,0.497239226
1.17E-01,0.497379322
1.17E-01,0.49751942
1.17E-01,0.497659522
1.17E-01,0.49779962
1.17E-01,0.497939717
1.17E-01,0.498079819
1.17E-01,0.498219917
1.17E-01,0.498360016
1.17E-01,0.498500114
1.17E-01,0.498640213
1.17E-01,0.49878031
1.17E-01,0.498920404
1.17E-01,0.499060499
1.17E-01,0.499200595
1.17E-01,0.499340689
1.17E-01,0.499480786
1.17E-01,0.499620884
1.17E-01,0.49976098
1.17E-01,0.499901078
1.17E-01,0.500041177
1.17E-01,0.500181273
1.17E-01,0.50032137
1.17E-01,0.500461468
1.17E-01,0.500601567
1.17E-01,0.500741664
1.17E-01,0.500881758
1.17E-01,0.501021854
1.17E-01,0.501161946
1.17E-01,0.501302042
1.17E-01,0.501442133
1.17E-01,0.501582225
1.17E-01,0.501722322
1.17E-01,0.501862424
1.17E-01,0.50200252
1.17E-01,0.502142613
1.17E-01,0.502282705
1.17E-01,0.502422798
1.17E-01,0.502562894
1.17E-01,0.502702989
1.17E-01,0.502843083
1.17E-01,0.502983177
1.17E-01,0.503123272
1.17E-01,0.503263369
1.17E-01,0.503403465
1.17E-01,0.503543559
1.17E-01,0.503683655
1.17E-01,0.503823753
1.17E-01,0.503963849
1.17E-01,0.504103946
1.17E-01,0.504244047
1.17E-01,0.504384146
1.17E-01,0.504524243
1.17E-01,0.504664338
1.17E-01,0.504804432
1.17E-01,0.504944527
1.17E-01,0.505084627
1.17E-01,0.505224726
1.17E-01,0.505364823
1.17E-01,0.50550492
1.17E-01,0.505645017
1.17E-01,0.505785118
1.17E-01,0.505925218
1.17E-01,0.506065319
1.17E-01,0.506205415
1.17E-01,0.506345509
1.17E-01,0.506485603
1.17E-01,0.506625697
1.17E-01,0.50676579
1.17E-01,0.506905884
1.17E-01,0.507045975
1.17E-01,0.507186069
1.17E-01,0.507326158
1.17E-01,0.507466252
1.17E-01,0.507606346
1.17E-01,0.507746441
1.17E-01,0.507886536
1.17E-01,0.508026628
1.17E-01,0.508166722
1.17E-01,0.508306818
1.17E-01,0.508446915
1.17E-01,0.508587014
1.17E-01,0.50872711
1.17E-01,0.508867207
1.17E-01,0.509007301
1.17E-01,0.509147396
1.17E-01,0.50928749
1.17E-01,0.509427583
1.17E-01,0.509567677
1.17E-01,0.509707772
1.17E-01,0.509847867
1.17E-01,0.509987961
1.17E-01,0.510128057
1.17E-01,0.510268151
1.17E-01,0.510408247
1.17E-01,0.510548344
1.17E-01,0.510688441
1.17E-01,0.510828538
1.17E-01,0.51096864
1.17E-01,0.511108745
1.17E-01,0.511248846
1.17E-01,0.511388941
1.17E-01,0.511529038
1.17E-01,0.511669132
1.17E-01,0.511809221
1.17E-01,0.511949312
1.17E-01,0.5120894
1.17E-01,0.512229491
1.17E-01,0.512369581
1.17E-01,0.512509671
1.16E-01,0.512649764
1.16E-01,0.512789859
1.17E-01,0.512929955
1.17E-01,0.51307005
1.16E-01,0.513210147
1.16E-01,0.513350241
1.16E-01,0.513490339
1.16E-01,0.513630435
1.17E-01,0.513770529
1.17E-01,0.513910625
1.16E-01,0.514050725
1.16E-01,0.514190827
1.16E-01,0.514330931
1.17E-01,0.514471032
1.16E-01,0.514611133
1.16E-01,0.514751233
1.16E-01,0.514891328
1.16E-01,0.515031422
1.16E-01,0.515171517
1.16E-01,0.515311611
1.16E-01,0.515451705
1.16E-01,0.515591798
1.16E-01,0.515731892
1.16E-01,0.515871985
1.16E-01,0.516012083
1.16E-01,0.51615218
1.16E-01,0.516292277
1.16E-01,0.516432373
1.16E-01,0.516572469
1.16E-01,0.516712564
1.16E-01,0.516852659
1.16E-01,0.51699275
1.16E-01,0.51713284
1.16E-01,0.517272934
1.16E-01,0.517413027
1.16E-01,0.517553124
1.16E-01,0.517693219
1.16E-01,0.517833315
1.16E-01,0.517973416
1.16E-01,0.518113518
1.16E-01,0.518253616
1.16E-01,0.518393714
1.16E-01,0.518533809
1.16E-01,0.518673901
1.16E-01,0.518813996
1.16E-01,0.518954089
1.16E-01,0.519094183
1.16E-01,0.519234278
1.16E-01,0.519374374
1.16E-01,0.519514469
1.16E-01,0.519654564
1.16E-01,0.519794658
1.16E-01,0.519934752
1.16E-01,0.520074847
1.16E-01,0.520214943
1.16E-01,0.520355044
1.16E-01,0.520495144
1.16E-01,0.520635241
1.16E-01,0.520775333
1.16E-01,0.520915428
1.16E-01,0.521055527
1.16E-01,0.521195622
1.16E-01,0.521335715
1.16E-01,0.521475806
1.16E-01,0.521615898
1.16E-01,0.521755986
1.16E-01,0.521896077
1.16E-01,0.522036167
1.16E-01,0.522176258
1.16E-01,0.52231635
1.16E-01,0.522456444
1.16E-01,0.522596541
1.16E-01,0.522736636
1.16E-01,0.52287673
1.16E-01,0.523016824
1.16E-01,0.523156919
1.16E-01,0.523297012
1.16E-01,0.523437107
1.16E-01,0.523577206
1.16E-01,0.523717303
1.16E-01,0.523857397
1.16E-01,0.523997489
1.16E-01,0.524137581
1.16E-01,0.524277674
1.16E-01,0.524417764
1.16E-01,0.524557857
1.16E-01,0.524697949
1.16E-01,0.52483804
1.16E-01,0.52497813
1.16E-01,0.525118225
1.16E-01,0.525258318
1.16E-01,0.525398413
1.16E-01,0.52553851
1.16E-01,0.525678609
1.16E-01,0.525818705
1.16E-01,0.525958796
1.16E-01,0.526098891
1.16E-01,0.526238982
1.16E-01,0.526379074
1.16E-01,0.526519164
1.16E-01,0.526659255
1.16E-01,0.526799347
1.16E-01,0.526939439
1.16E-01,0.52707953
1.16E-01,0.527219622
1.16E-01,0.527359716
1.16E-01,0.527499808
1.16E-01,0.527639901
1.16E-01,0.527779995
1.16E-01,0.527920088
1.16E-01,0.528060178
1.15E-01,0.528200268
1.16E-01,0.528340358
1.16E-01,0.52848045
1.15E-01,0.528620543
1.16E-01,0.528760635
1.16E-01,0.52890073
1.15E-01,0.52904082
1.16E-01,0.52918091
1.16E-01,0.529321001
1.16E-01,0.529461091
1.16E-01,0.52960118
1.15E-01,0.529741272
1.15E-01,0.529881361
1.15E-01,0.530021453
1.15E-01,0.530161548
1.15E-01,0.53030164
1.15E-01,0.530441735
1.16E-01,0.530581834
1.16E-01,0.530721932
1.16E-01,0.530862027
1.15E-01,0.53100212
1.15E-01,0.531142217
1.15E-01,0.531282315
1.15E-01,0.531422415
1.15E-01,0.53156251
1.15E-01,0.531702608
1.15E-01,0.531842704
1.15E-01,0.5319828
1.15E-01,0.532122893
1.15E-01,0.532262986
1.15E-01,0.532403083
1.15E-01,0.53254318
1.15E-01,0.532683276
1.15E-01,0.532823375
1.15E-01,0.532963474
1.15E-01,0.533103573
1.15E-01,0.533243669
1.15E-01,0.533383769
1.15E-01,0.533523867
1.15E-01,0.533663965
1.15E-01,0.533804065
1.15E-01,0.533944164
1.15E-01,0.534084256
1.15E-01,0.534224348
1.15E-01,0.534364443
1.15E-01,0.534504542
1.15E-01,0.534644637
1.15E-01,0.534784738
1.15E-01,0.534924839
1.15E-01,0.535064937
1.15E-01,0.535205035
1.15E-01,0.535345132
1.15E-01,0.535485226
1.15E-01,0.535625321
1.15E-01,0.535765418
1.15E-01,0.535905517
1.15E-01,0.536045617
1.15E-01,0.536185715
1.15E-01,0.536325811
1.15E-01,0.536465905
1.15E-01,0.536605996
1.15E-01,0.536746087
1.15E-01,0.53688618
1.15E-01,0.537026276
1.15E-01,0.53716637
1.15E-01,0.537306466
1.15E-01,0.53744656
1.15E-01,0.537586654
1.15E-01,0.537726748
1.15E-01,0.537866844
1.15E-01,0.538006941
1.15E-01,0.538147038
1.15E-01,0.538287136
1.15E-01,0.538427237
1.15E-01,0.538567335
1.15E-01,0.538707433
1.15E-01,0.538847532
1.15E-01,0.538987629
1.15E-01,0.539127721
1.15E-01,0.539267813
1.15E-01,0.539407908
1.15E-01,0.539548004
1.15E-01,0.539688103
1.15E-01,0.539828201
1.15E-01,0.539968298
1.15E-01,0.540108394
1.15E-01,0.54024849
1.15E-01,0.540388584
1.15E-01,0.540528674
1.15E-01,0.540668765
1.15E-01,0.54080886
1.15E-01,0.540948955
1.15E-01,0.541089049
1.15E-01,0.541229144
1.15E-01,0.541369239
1.15E-01,0.541509334
1.15E-01,0.541649427
1.15E-01,0.541789521
1.15E-01,0.541929617
1.15E-01,0.542069707
1.15E-01,0.542209795
1.15E-01,0.542349886
1.15E-01,0.542489976
1.15E-01,0.542630067
1.15E-01,0.542770159
1.15E-01,0.542910253
1.15E-01,0.543050347
1.15E-01,0.543190443
1.15E-01,0.543330541
1.15E-01,0.543470636
1.15E-01,0.54361073
1.15E-01,0.543750824
1.15E-01,0.543890915
1.14E-01,0.544031009
1.15E-01,0.544171099
1.15E-01,0.544311186
1.14E-01,0.544451273
1.14E-01,0.544591363
1.14E-01,0.544731453
1.15E-01,0.544871546
1.14E-01,0.545011641
1.14E-01,0.545151736
1.14E-01,0.545291826
1.14E-01,0.545431917
1.14E-01,0.545572011
1.14E-01,0.545712103
1.14E-01,0.545852193
1.14E-01,0.545992281
1.14E-01,0.54613237
1.14E-01,0.546272465
1.14E-01,0.546412559
1.14E-01,0.546552648
1.14E-01,0.546692737
1.14E-01,0.546832831
1.14E-01,0.546972926
1.14E-01,0.547113021
1.14E-01,0.547253113
1.14E-01,0.547393205
1.14E-01,0.547533299
1.14E-01,0.547673391
1.14E-01,0.547813486
1.14E-01,0.547953583
1.14E-01,0.548093678
1.14E-01,0.548233777
1.14E-01,0.548373872
1.14E-01,0.548513971
1.14E-01,0.548654071
1.14E-01,0.548794168
1.14E-01,0.548934262
1.14E-01,0.549074357
1.14E-01,0.549214453
1.14E-01,0.549354551
1.14E-01,0.549494649
1.14E-01,0.549634747
1.14E-01,0.549774845
1.14E-01,0.549914944
1.14E-01,0.550055042
1.14E-01,0.55019514
1.14E-01,0.550335239
1.14E-01,0.550475335
1.14E-01,0.550615431
1.14E-01,0.550755525
1.14E-01,0.550895619
1.14E-01,0.551035712
1.14E-01,0.551175804
1.14E-01,0.551315895
1.14E-01,0.55145599
1.14E-01,0.55159608
1.14E-01,0.551736173
1.14E-01,0.551876267
1.14E-01,0.552016363
1.14E-01,0.55215646
1.14E-01,0.552296558
1.14E-01,0.552436657
1.14E-01,0.552576751
1.14E-01,0.552716844
1.14E-01,0.552856939
1.14E-01,0.552997033
1.14E-01,0.553137129
1.14E-01,0.553277227
1.14E-01,0.553417325
1.14E-01,0.553557422
1.14E-01,0.553697519
1.14E-01,0.553837613
1.14E-01,0.553977708
1.14E-01,0.5541178
1.14E-01,0.554257892
1.14E-01,0.554397985
1.14E-01,0.554538081
1.14E-01,0.554678174
1.14E-01,0.554818267
1.14E-01,0.554958359
1.14E-01,0.555098453
1.13E-01,0.555238546
1.13E-01,0.555378634
1.13E-01,0.555518728
1.14E-01,0.555658822
1.14E-01,0.555798917
1.13E-01,0.555939014
1.14E-01,0.556079109
1.13E-01,0.556219206
1.13E-01,0.556359305
1.13E-01,0.5564994
1.13E-01,0.556639494
1.13E-01,0.556779588
1.13E-01,0.556919684
1.13E-01,0.557059782
1.13E-01,0.557199878
1.13E-01,0.557339974
1.13E-01,0.557480071
1.13E-01,0.55762017
1.13E-01,0.557760266
1.13E-01,0.557900365
1.13E-01,0.558040463
1.13E-01,0.558180557
1.13E-01,0.558320656
1.13E-01,0.558460753
1.13E-01,0.558600849
1.13E-01,0.558740947
1.13E-01,0.558881045
1.13E-01,0.559021144
1.13E-01,0.559161243
1.13E-01,0.559301342
1.13E-01,0.559441439
1.13E-01,0.559581535
1.13E-01,0.559721632
1.13E-01,0.559861728
1.13E-01,0.560001824
1.13E-01,0.560141923
1.13E-01,0.56028202
1.13E-01,0.560422113
1.13E-01,0.560562207
1.13E-01,0.560702299
1.13E-01,0.560842396
1.13E-01,0.560982493
1.13E-01,0.56112259
1.13E-01,0.561262688
1.13E-01,0.561402786
1.13E-01,0.561542882
1.13E-01,0.561682976
1.13E-01,0.561823071
1.13E-01,0.561963165
1.13E-01,0.562103259
1.13E-01,0.562243356
1.13E-01,0.562383455
1.13E-01,0.562523554
1.13E-01,0.562663656
1.13E-01,0.562803752
1.13E-01,0.562943845
1.13E-01,0.563083941
1.13E-01,0.563224035
1.13E-01,0.563364132
1.13E-01,0.56350423
1.13E-01,0.563644328
1.13E-01,0.563784426
1.13E-01,0.563924527
1.13E-01,0.564064628
1.13E-01,0.564204725
1.13E-01,0.564344826
1.13E-01,0.564484924
1.12E-01,0.564625025
1.12E-01,0.564765122
1.13E-01,0.564905217
1.12E-01,0.565045313
1.12E-01,0.565185409
1.13E-01,0.565325503
1.12E-01,0.565465593
1.12E-01,0.565605688
1.12E-01,0.565745783
1.12E-01,0.565885882
1.12E-01,0.566025978
1.12E-01,0.566166077
1.12E-01,0.566306175
1.12E-01,0.566446273
1.12E-01,0.56658637
1.12E-01,0.566726468
1.12E-01,0.566866565
1.12E-01,0.567006664
1.12E-01,0.567146762
1.12E-01,0.567286855
1.12E-01,0.567426953
1.12E-01,0.567567049
1.12E-01,0.567707146
1.12E-01,0.567847245
1.12E-01,0.567987346
1.12E-01,0.568127444
1.12E-01,0.568267543
1.12E-01,0.568407641
1.12E-01,0.568547736
1.12E-01,0.568687831
1.12E-01,0.568827928
1.12E-01,0.568968026
1.12E-01,0.569108122
1.12E-01,0.569248218
1.12E-01,0.569388308
1.12E-01,0.569528402
1.12E-01,0.5696685
1.12E-01,0.569808594
1.12E-01,0.569948688
1.12E-01,0.570088785
1.12E-01,0.570228885
1.12E-01,0.570368982
1.12E-01,0.570509079
1.12E-01,0.570649168
1.12E-01,0.57078926
1.12E-01,0.570929351
1.12E-01,0.571069444
1.12E-01,0.57120954
1.12E-01,0.571349635
1.12E-01,0.571489733
1.12E-01,0.571629828
1.11E-01,0.571769921
1.12E-01,0.57191002
1.11E-01,0.572050119
1.11E-01,0.572190218
1.11E-01,0.572330312
1.11E-01,0.572470407
1.11E-01,0.572610505
1.11E-01,0.572750601
1.11E-01,0.572890696
1.11E-01,0.573030792
1.11E-01,0.573170887
1.11E-01,0.573310981
1.11E-01,0.573451074
1.11E-01,0.573591168
1.11E-01,0.573731264
1.11E-01,0.57387136
1.11E-01,0.574011456
1.11E-01,0.57415155
1.11E-01,0.574291646
1.11E-01,0.57443174
1.11E-01,0.574571836
1.11E-01,0.574711931
1.11E-01,0.574852027
1.11E-01,0.574992123
1.11E-01,0.575132218
1.11E-01,0.575272316
1.11E-01,0.575412409
1.11E-01,0.575552503
1.11E-01,0.575692597
1.11E-01,0.575832699
1.11E-01,0.575972798
1.11E-01,0.576112895
1.11E-01,0.576252991
1.11E-01,0.576393087
1.11E-01,0.576533183
1.11E-01,0.576673274
1.11E-01,0.576813364
1.11E-01,0.576953452
1.11E-01,0.577093546
1.11E-01,0.577233637
1.11E-01,0.577373729
1.11E-01,0.577513826
1.11E-01,0.577653921
1.11E-01,0.577794015
1.11E-01,0.577934107
1.11E-01,0.578074202
1.10E-01,0.578214297
1.11E-01,0.57835439
1.10E-01,0.578494485
1.10E-01,0.578634579
1.10E-01,0.578774674
1.10E-01,0.578914769
1.10E-01,0.579054864
1.10E-01,0.579194955
1.10E-01,0.579335048
1.10E-01,0.579475141
1.10E-01,0.579615234
1.10E-01,0.579755328
1.10E-01,0.579895423
1.10E-01,0.580035515
1.10E-01,0.580175607
1.10E-01,0.580315701
1.10E-01,0.580455795
1.10E-01,0.580595888
1.10E-01,0.580735982
1.10E-01,0.580876072
1.10E-01,0.581016163
1.10E-01,0.581156256
1.10E-01,0.581296349
1.10E-01,0.581436443
1.10E-01,0.581576537
1.10E-01,0.581716629
1.10E-01,0.581856723
1.10E-01,0.581996819
1.10E-01,0.582136913
1.10E-01,0.582277009
1.10E-01,0.582417103
1.10E-01,0.582557195
1.10E-01,0.58269729
1.10E-01,0.582837384
1.09E-01,0.582977479
1.09E-01,0.583117575
1.10E-01,0.58325767
1.10E-01,0.583397766
1.09E-01,0.583537861
1.09E-01,0.58367796
1.09E-01,0.583818053
1.09E-01,0.583958148
1.09E-01,0.58409824
1.09E-01,0.584238333
1.09E-01,0.584378426
1.09E-01,0.584518521
1.09E-01,0.584658618
1.09E-01,0.584798708
1.09E-01,0.584938802
1.09E-01,0.585078897
1.09E-01,0.585218991
1.09E-01,0.585359087
1.09E-01,0.585499179
1.09E-01,0.585639274
1.09E-01,0.585779366
1.09E-01,0.585919459
1.09E-01,0.586059552
1.09E-01,0.586199648
1.09E-01,0.586339742
1.09E-01,0.586479838
1.09E-01,0.586619931
1.09E-01,0.586760011
1.09E-01,0.586900084
1.09E-01,0.587040154
1.08E-01,0.587180213
1.08E-01,0.587320265
1.09E-01,0.587460313
1.08E-01,0.587600357
1.08E-01,0.587740401
1.08E-01,0.587880442
1.08E-01,0.588020485
1.08E-01,0.588160525
1.08E-01,0.588300562
1.08E-01,0.588440599
1.08E-01,0.588580633
1.08E-01,0.588720668
1.08E-01,0.588860701
1.08E-01,0.589000732
1.08E-01,0.589140761
1.08E-01,0.589280793
1.08E-01,0.589420826
1.08E-01,0.589560856
1.08E-01,0.589700889
1.08E-01,0.589840923
1.08E-01,0.589980955
1.08E-01,0.590120986
1.08E-01,0.590261017
1.08E-01,0.590401047
1.08E-01,0.590541077
1.08E-01,0.590681108
1.07E-01,0.59082114
1.08E-01,0.590961172
1.07E-01,0.591101201
1.07E-01,0.59124123
1.07E-01,0.59138126
1.07E-01,0.591521291
1.07E-01,0.591661322
1.07E-01,0.59180135
1.07E-01,0.591941378
1.07E-01,0.592081401
1.07E-01,0.592221425
1.07E-01,0.592361448
1.07E-01,0.592501472
1.07E-01,0.592641494
1.07E-01,0.592781521
1.07E-01,0.592921544
1.07E-01,0.59306157
1.07E-01,0.593201592
1.07E-01,0.593341615
1.07E-01,0.593481639
1.07E-01,0.593621662
1.07E-01,0.593761684
1.06E-01,0.593901707
1.06E-01,0.594041732
1.06E-01,0.594181752
1.06E-01,0.594321775
1.06E-01,0.594461797
1.06E-01,0.594601817
1.06E-01,0.594741839
1.06E-01,0.594881864
1.06E-01,0.595021888
1.06E-01,0.595161913
1.06E-01,0.595301936
1.06E-01,0.595441958
1.06E-01,0.595581979
1.06E-01,0.595722
1.06E-01,0.595862019
1.06E-01,0.596002043
1.06E-01,0.59614207
1.06E-01,0.596282092
1.05E-01,0.596422113
1.05E-01,0.596562136
1.05E-01,0.596702155
1.05E-01,0.596842177
1.05E-01,0.596982203
1.05E-01,0.597122226
1.05E-01,0.597262249
1.05E-01,0.597402268
1.05E-01,0.597542289
1.05E-01,0.597682311
1.05E-01,0.597822332
1.05E-01,0.59796235
1.05E-01,0.598102369
1.05E-01,0.59824239
1.05E-01,0.598382409
1.05E-01,0.598522427
1.04E-01,0.598662445
1.04E-01,0.598802464
1.04E-01,0.59894248
1.04E-01,0.5990825
1.04E-01,0.599222517
1.04E-01,0.599362534
1.04E-01,0.599502546
1.04E-01,0.599642563
1.04E-01,0.59978258
1.04E-01,0.599922599
1.04E-01,0.600062622
1.04E-01,0.600202646
1.04E-01,0.600342675
1.04E-01,0.600482702
1.04E-01,0.600622727
1.03E-01,0.600762756
1.03E-01,0.600902785
1.03E-01,0.601042812
1.03E-01,0.601182839
1.03E-01,0.601322863
1.03E-01,0.601462891
1.03E-01,0.601602917
1.03E-01,0.60174294
1.03E-01,0.601882961
1.03E-01,0.602022983
1.03E-01,0.602163006
1.03E-01,0.602303026
1.03E-01,0.602443045
1.02E-01,0.602583065
1.02E-01,0.602723084
1.02E-01,0.602863104
1.02E-01,0.603003122
1.02E-01,0.60314314
1.02E-01,0.603283159
1.02E-01,0.603423177
1.02E-01,0.603563196
1.02E-01,0.603703211
1.02E-01,0.603843228
1.02E-01,0.603983243
1.01E-01,0.604123262
1.01E-01,0.604263278
1.01E-01,0.604403293
1.01E-01,0.60454331
1.01E-01,0.604683328
1.01E-01,0.604823349
1.01E-01,0.604963364
1.01E-01,0.605103378
1.01E-01,0.60524339
1.01E-01,0.605383405
1.01E-01,0.60552342
1.00E-01,0.605663435
1.00E-01,0.605803452
1.00E-01,0.605943468
1.00E-01,0.606083487
1.00E-01,0.606223501
1.00E-01,0.606363515
1.00E-01,0.606503531
9.99E-02,0.606643551
9.96E-02,0.606783568
9.96E-02,0.606923588
9.96E-02,0.607063604
9.94E-02,0.607203619
9.94E-02,0.607343637
9.92E-02,0.607483659
9.90E-02,0.607623678
9.90E-02,0.607763698
9.89E-02,0.60790372
9.89E-02,0.608043741
9.86E-02,0.608183765
9.86E-02,0.608323787
9.85E-02,0.608463811
9.84E-02,0.608603834
9.83E-02,0.608743859
9.82E-02,0.60888388
9.80E-02,0.6090239
9.80E-02,0.609163921
9.79E-02,0.609303936
9.78E-02,0.609443953
9.77E-02,0.609583973
9.75E-02,0.609723995
9.74E-02,0.609864019
9.73E-02,0.610004049
9.73E-02,0.610144075
9.71E-02,0.610284102
9.71E-02,0.610424134
9.70E-02,0.610564174
9.68E-02,0.610704223
9.66E-02,0.610844278
9.65E-02,0.610984338
9.65E-02,0.611124402
9.64E-02,0.611264468
9.63E-02,0.611404534
9.62E-02,0.611544602
9.61E-02,0.611684669
9.60E-02,0.611824735
9.58E-02,0.611964804
9.58E-02,0.612104876
9.56E-02,0.612244946
9.55E-02,0.612385015
9.54E-02,0.612525084
9.52E-02,0.612665154
9.52E-02,0.612805226
9.51E-02,0.612945291
9.49E-02,0.613085355
9.48E-02,0.61322542
9.47E-02,0.61336549
9.47E-02,0.613505557
9.45E-02,0.613645624
9.44E-02,0.613785691
9.43E-02,0.613925756
9.43E-02,0.614065817
9.41E-02,0.614205878
9.40E-02,0.614345941
9.39E-02,0.614486005
9.39E-02,0.614626073
9.37E-02,0.61476614
9.37E-02,0.61490621
9.34E-02,0.615046282
9.33E-02,0.615186355
9.33E-02,0.615326429
9.33E-02,0.615466499
9.32E-02,0.615606568
9.31E-02,0.615746638
9.30E-02,0.615886707
9.30E-02,0.61602678
9.27E-02,0.616166848
9.28E-02,0.61630692
9.25E-02,0.616446987
9.25E-02,0.616587055
9.23E-02,0.616727128
9.23E-02,0.6168672
9.22E-02,0.617007275
9.22E-02,0.617147352
9.21E-02,0.617287425
9.20E-02,0.617427496
9.20E-02,0.617567567
9.19E-02,0.61770764
9.18E-02,0.617847717
9.18E-02,0.61798779
9.16E-02,0.61812786
9.15E-02,0.618267933
9.14E-02,0.618408004
9.14E-02,0.618548077
9.14E-02,0.618688146
9.14E-02,0.618828218
9.13E-02,0.618968288
9.13E-02,0.619108357
9.11E-02,0.619248422
9.11E-02,0.619388487
9.10E-02,0.619528561
9.11E-02,0.61966863
9.11E-02,0.619808697
9.09E-02,0.619948766
9.09E-02,0.620088836
9.09E-02,0.620228905
9.08E-02,0.620368974
9.08E-02,0.620509043
9.07E-02,0.620649114
9.09E-02,0.620789185
9.07E-02,0.620929252
9.06E-02,0.621069319
9.06E-02,0.621209383
9.05E-02,0.621349452
9.06E-02,0.621489517
9.05E-02,0.621629581
9.06E-02,0.62176963
9.06E-02,0.621909681
9.05E-02,0.622049728
9.04E-02,0.622189774
9.05E-02,0.622329819
9.05E-02,0.622469862
9.05E-02,0.622609902
9.05E-02,0.622749941
9.05E-02,0.622889978
9.05E-02,0.623030012
9.04E-02,0.623170048
9.05E-02,0.623310082
9.05E-02,0.623450115
9.05E-02,0.623590147
9.06E-02,0.62373018
9.06E-02,0.623870212
9.05E-02,0.624010243
9.06E-02,0.624150274
9.06E-02,0.624290304
9.08E-02,0.624430335
9.07E-02,0.624570364
9.07E-02,0.624710394
9.07E-02,0.624850423
9.08E-02,0.624990455
9.09E-02,0.625130485
9.08E-02,0.625270515
9.09E-02,0.625410547
9.09E-02,0.625550582
9.10E-02,0.625690621
9.11E-02,0.62583066
9.10E-02,0.6259707
9.10E-02,0.626110742
9.11E-02,0.626250782
9.11E-02,0.626390824
9.12E-02,0.626530866
9.12E-02,0.62667091
9.12E-02,0.626810949
9.13E-02,0.626950997
9.14E-02,0.627091047
9.13E-02,0.627231093
9.15E-02,0.627371141
9.15E-02,0.627511184
9.15E-02,0.627651229
9.15E-02,0.627791273
9.17E-02,0.627931319
9.17E-02,0.628071365
9.17E-02,0.628211416
9.17E-02,0.628351465
9.18E-02,0.628491511
9.19E-02,0.62863156
9.18E-02,0.628771611
9.18E-02,0.628911664
9.19E-02,0.629051719
9.19E-02,0.629191775
9.20E-02,0.629331822
9.20E-02,0.629471869
9.20E-02,0.629611917
9.20E-02,0.629751966
9.21E-02,0.629892015
9.22E-02,0.630032064
9.21E-02,0.630172114
9.22E-02,0.630312165
9.21E-02,0.630452219
9.20E-02,0.630592267
9.22E-02,0.630732318
9.22E-02,0.630872366
9.22E-02,0.631012414
9.22E-02,0.631152468
9.22E-02,0.631292523
9.22E-02,0.631432575
9.22E-02,0.631572626
9.23E-02,0.631712677
9.22E-02,0.631852726
9.22E-02,0.631992776
9.22E-02,0.632132826
9.22E-02,0.632272879
9.22E-02,0.632412929
9.23E-02,0.632552978
9.22E-02,0.632693029
9.21E-02,0.63283308
9.22E-02,0.632973129
9.23E-02,0.633113175
9.23E-02,0.633253223
9.22E-02,0.633393271
9.23E-02,0.633533324
9.22E-02,0.633673379
9.23E-02,0.633813434
9.22E-02,0.633953488
9.22E-02,0.634093542
9.21E-02,0.634233599
9.20E-02,0.634373654
9.21E-02,0.634513706
9.21E-02,0.634653756
9.21E-02,0.634793806
9.19E-02,0.634933858
9.19E-02,0.635073907
9.20E-02,0.635213955
9.19E-02,0.635354003
9.19E-02,0.635494052
9.18E-02,0.6356341
9.17E-02,0.635774149
9.17E-02,0.635914198
9.18E-02,0.636054251
9.18E-02,0.636194303
9.16E-02,0.636334354
9.16E-02,0.636474405
9.16E-02,0.636614459
9.14E-02,0.636754507
9.15E-02,0.636894551
9.15E-02,0.637034599
9.14E-02,0.637174647
9.13E-02,0.6373147
9.13E-02,0.637454754
9.12E-02,0.637594807
9.14E-02,0.637734859
9.11E-02,0.637874912
9.12E-02,0.638014963
9.11E-02,0.638155011
9.11E-02,0.638295064
9.10E-02,0.638435117
9.10E-02,0.638575171
9.09E-02,0.638715221
9.10E-02,0.638855272
9.08E-02,0.638995325
9.08E-02,0.639135379
9.08E-02,0.639275435
9.08E-02,0.639415488
9.06E-02,0.639555543
9.06E-02,0.639695602
9.06E-02,0.639835656
9.06E-02,0.639975711
9.06E-02,0.640115765
9.06E-02,0.640255823
9.04E-02,0.640395882
9.04E-02,0.64053594
9.04E-02,0.640675998
9.03E-02,0.640816052
9.04E-02,0.640956107
9.01E-02,0.641096162
9.01E-02,0.641236218
9.01E-02,0.641376278
9.01E-02,0.641516339
9.01E-02,0.641656397
9.01E-02,0.641796454
9.00E-02,0.641936509
8.99E-02,0.642076563
8.99E-02,0.642216615
9.00E-02,0.642356665
8.98E-02,0.642496712
8.98E-02,0.642636762
8.98E-02,0.64277681
8.97E-02,0.64291686
8.97E-02,0.643056912
8.97E-02,0.643196962
8.96E-02,0.643337011
8.96E-02,0.643477062
8.95E-02,0.643617112
8.94E-02,0.643757161
8.95E-02,0.64389721
8.94E-02,0.64403726
8.94E-02,0.644177311
8.94E-02,0.644317366
8.92E-02,0.644457419
8.93E-02,0.644597472
8.93E-02,0.644737527
8.91E-02,0.644877582
8.91E-02,0.645017637
8.91E-02,0.645157691
8.90E-02,0.645297744
8.89E-02,0.645437799
8.90E-02,0.645577852
8.89E-02,0.645717907
8.88E-02,0.645857961
8.88E-02,0.645998016
8.88E-02,0.646138068
8.86E-02,0.64627812
8.87E-02,0.646418175
8.86E-02,0.646558227
8.86E-02,0.646698282
8.86E-02,0.646838333
8.85E-02,0.646978384
8.85E-02,0.647118434
8.84E-02,0.647258485
8.84E-02,0.647398538
8.83E-02,0.647538594
8.83E-02,0.647678649
8.82E-02,0.647818703
8.82E-02,0.647958758
8.82E-02,0.648098808
8.81E-02,0.648238862
8.81E-02,0.648378917
8.79E-02,0.648518971
8.80E-02,0.648659025
8.80E-02,0.648799078
8.78E-02,0.648939135
8.78E-02,0.649079192
8.78E-02,0.649219249
8.77E-02,0.649359303
8.77E-02,0.649499357
8.77E-02,0.649639409
8.76E-02,0.649779461
8.75E-02,0.649919512
8.76E-02,0.650059566
8.75E-02,0.65019962
8.74E-02,0.650339675
8.74E-02,0.650479731
8.72E-02,0.650619786
8.72E-02,0.650759838
8.73E-02,0.650899893
8.71E-02,0.651039955
8.71E-02,0.651180017
8.71E-02,0.651320077
8.71E-02,0.651460137
8.70E-02,0.6516002
8.70E-02,0.651740259
8.69E-02,0.651880315
8.69E-02,0.652020372
8.68E-02,0.652160428
8.68E-02,0.652300485
8.68E-02,0.652440537
8.67E-02,0.652580589
8.66E-02,0.652720641
8.66E-02,0.652860694
8.66E-02,0.653000747
8.65E-02,0.653140799
8.64E-02,0.653280852
8.64E-02,0.653420906
8.64E-02,0.65356096
8.63E-02,0.653701015
8.63E-02,0.653841069
8.62E-02,0.653981123
8.62E-02,0.654121176
8.62E-02,0.654261232
8.60E-02,0.654401287
8.62E-02,0.654541342
8.60E-02,0.654681395
8.61E-02,0.654821446
8.59E-02,0.6549615
8.59E-02,0.655101554
8.58E-02,0.65524161
8.57E-02,0.65538167
8.57E-02,0.655521729
8.57E-02,0.655661788
8.58E-02,0.655801852
8.56E-02,0.655941912
8.56E-02,0.656081974
8.55E-02,0.656222034
8.55E-02,0.656362096
8.53E-02,0.656502159
8.54E-02,0.656642223
8.54E-02,0.656782286
8.54E-02,0.656922345
8.53E-02,0.657062403
8.53E-02,0.657202469
8.52E-02,0.657342535
8.52E-02,0.657482601
8.51E-02,0.657622667
8.50E-02,0.657762735
8.51E-02,0.657902801
8.49E-02,0.658042865
8.49E-02,0.658182925
8.50E-02,0.658322987
8.48E-02,0.658463048
8.48E-02,0.658603113
8.48E-02,0.658743171
8.47E-02,0.658883228
8.47E-02,0.659023286
8.47E-02,0.659163342
8.46E-02,0.6593034
8.45E-02,0.659443463
8.45E-02,0.65958353
8.45E-02,0.659723598
8.45E-02,0.659863665
8.44E-02,0.660003735
8.43E-02,0.660143804
8.43E-02,0.660283874
8.42E-02,0.660423944
8.43E-02,0.660564011
8.42E-02,0.660704077
8.42E-02,0.660844143
8.41E-02,0.660984208
8.41E-02,0.661124279
8.40E-02,0.661264355
8.41E-02,0.661404435
8.40E-02,0.661544519
8.40E-02,0.661684607
8.39E-02,0.661824696
8.39E-02,0.661964784
8.38E-02,0.662104871
8.38E-02,0.662244957
8.38E-02,0.662385044
8.37E-02,0.662525133
8.38E-02,0.662665227
8.35E-02,0.662805321
8.37E-02,0.662945413
8.35E-02,0.663085506
8.37E-02,0.663225597
8.36E-02,0.66336569
8.34E-02,0.663505785
8.35E-02,0.663645879
8.35E-02,0.663785971
8.34E-02,0.663926068
8.34E-02,0.664066165
8.34E-02,0.664206259
8.34E-02,0.664346351
8.33E-02,0.664486442
8.32E-02,0.664626536
8.32E-02,0.664766629
8.32E-02,0.664906722
8.32E-02,0.665046815
8.32E-02,0.665186904
8.31E-02,0.665326996
8.32E-02,0.665467088
8.31E-02,0.665607178
8.31E-02,0.66574727
8.31E-02,0.66588736
8.30E-02,0.666027451
8.30E-02,0.666167546
8.29E-02,0.666307641
8.30E-02,0.666447737
8.28E-02,0.666587829
8.29E-02,0.666727924
8.28E-02,0.666868018
8.28E-02,0.667008112
8.27E-02,0.66714821
8.27E-02,0.667288304
8.27E-02,0.667428397
8.27E-02,0.667568493
8.28E-02,0.667708584
8.27E-02,0.667848675
8.26E-02,0.667988767
8.27E-02,0.668128856
8.26E-02,0.668268948
8.26E-02,0.668409044
8.27E-02,0.668549138
8.27E-02,0.668689232
8.26E-02,0.668829323
8.25E-02,0.668969414
8.26E-02,0.669109505
8.26E-02,0.669249596
8.25E-02,0.669389684
8.26E-02,0.669529772
8.24E-02,0.669669865
8.24E-02,0.66980996
8.24E-02,0.669950055
8.24E-02,0.670090148
8.25E-02,0.670230242
8.24E-02,0.670370334
8.22E-02,0.670510425
8.24E-02,0.670650516
8.23E-02,0.67079061
8.23E-02,0.670930705
8.24E-02,0.671070799
8.23E-02,0.671210893
8.21E-02,0.671350984
8.23E-02,0.671491074
8.22E-02,0.671631165
8.22E-02,0.67177126
8.22E-02,0.671911354
8.22E-02,0.672051448
8.21E-02,0.672191542
8.22E-02,0.672331634
8.21E-02,0.672471726
8.22E-02,0.672611817
8.21E-02,0.672751904
8.22E-02,0.672891991
8.21E-02,0.673032082
8.21E-02,0.673172173
8.20E-02,0.673312266
8.20E-02,0.673452355
8.21E-02,0.673592443
8.21E-02,0.673732533
8.20E-02,0.673872622
8.20E-02,0.67401271
8.20E-02,0.674152801
8.20E-02,0.674292898
8.20E-02,0.674432993
8.20E-02,0.674573088
8.20E-02,0.674713184
8.20E-02,0.67485328
8.20E-02,0.674993375
8.19E-02,0.675133467
8.20E-02,0.675273561
8.20E-02,0.675413656
8.18E-02,0.675553753
8.19E-02,0.675693849
8.19E-02,0.675833943
8.20E-02,0.675974036
8.20E-02,0.676114125
8.19E-02,0.676254213
8.19E-02,0.676394304
8.18E-02,0.676534396
8.19E-02,0.676674492
8.18E-02,0.676814589
8.19E-02,0.676954685
8.19E-02,0.677094777
8.18E-02,0.677234867
8.18E-02,0.677374955
8.18E-02,0.677515044
8.17E-02,0.677655135
8.17E-02,0.67779523
8.18E-02,0.677935324
8.18E-02,0.678075419
8.18E-02,0.678215512
8.18E-02,0.678355606
8.18E-02,0.678495699
8.17E-02,0.678635792
8.17E-02,0.678775889
8.18E-02,0.678915991
8.18E-02,0.679056093
8.18E-02,0.679196192
8.18E-02,0.679336289
8.19E-02,0.679476385
8.18E-02,0.679616481
8.18E-02,0.679756574
8.18E-02,0.679896668
8.18E-02,0.680036765
8.18E-02,0.680176862
8.17E-02,0.680316963
8.18E-02,0.680457064
8.18E-02,0.680597159
8.17E-02,0.680737254
8.17E-02,0.680877349
8.17E-02,0.681017443
8.17E-02,0.681157537
8.17E-02,0.681297633
8.18E-02,0.681437728
8.17E-02,0.681577824
8.18E-02,0.681717918
8.17E-02,0.68185801
8.18E-02,0.681998103
8.17E-02,0.682138197
8.18E-02,0.682278291
8.17E-02,0.682418389
8.18E-02,0.682558486
8.18E-02,0.682698581
8.18E-02,0.682838676
8.17E-02,0.682978771
8.17E-02,0.683118863
8.17E-02,0.683258955
8.18E-02,0.683399047
8.17E-02,0.683539136
8.19E-02,0.683679226
8.17E-02,0.683819316
8.17E-02,0.683959409
8.17E-02,0.6840995
8.17E-02,0.684239594
8.18E-02,0.684379691
8.17E-02,0.684519787
8.17E-02,0.684659881
8.19E-02,0.684799974
8.18E-02,0.684940071
8.16E-02,0.685080166
8.18E-02,0.685220257
8.18E-02,0.68536035
8.18E-02,0.685500448
8.18E-02,0.685640548
8.17E-02,0.685780649
8.17E-02,0.685920751
8.18E-02,0.686060848
8.18E-02,0.686200946
8.17E-02,0.686341043
8.18E-02,0.686481142
8.18E-02,0.686621239
8.17E-02,0.686761335
8.17E-02,0.686901429
8.18E-02,0.687041524
8.18E-02,0.687181622
8.16E-02,0.687321719
8.18E-02,0.687461819
8.18E-02,0.687601914
8.18E-02,0.68774201
8.18E-02,0.687882108
8.17E-02,0.68802221
8.16E-02,0.688162307
8.18E-02,0.688302404
8.18E-02,0.688442499
8.18E-02,0.688582596
8.17E-02,0.688722693
8.18E-02,0.688862786
8.18E-02,0.689002881
8.16E-02,0.689142975
8.17E-02,0.689283068
8.17E-02,0.689423159
8.17E-02,0.689563251
8.18E-02,0.689703347
8.18E-02,0.689843442
8.18E-02,0.689983536
8.18E-02,0.690123627
8.18E-02,0.690263723
8.18E-02,0.690403821
8.18E-02,0.690543917
8.18E-02,0.690684013
8.18E-02,0.690824111
8.17E-02,0.690964209
8.17E-02,0.691104305
8.18E-02,0.691244403
8.19E-02,0.6913845
8.18E-02,0.691524594
8.18E-02,0.69166469
8.19E-02,0.691804788
8.18E-02,0.691944881
8.18E-02,0.692084974
8.17E-02,0.692225068
8.17E-02,0.692365162
8.18E-02,0.692505254
8.18E-02,0.692645347
8.17E-02,0.692785441
8.18E-02,0.692925538
8.18E-02,0.693065636
8.19E-02,0.693205734
8.19E-02,0.693345835
8.19E-02,0.693485935
8.18E-02,0.693626035
8.19E-02,0.693766132
8.18E-02,0.693906228
8.19E-02,0.694046322
8.18E-02,0.694186419
8.18E-02,0.694326518
8.19E-02,0.694466613
8.18E-02,0.694606709
8.18E-02,0.694746808
8.17E-02,0.694886906
8.17E-02,0.695027001
8.18E-02,0.695167096
8.18E-02,0.695307193
8.18E-02,0.695447292
8.19E-02,0.695587389
8.19E-02,0.695727484
8.18E-02,0.69586758
8.18E-02,0.696007676
8.18E-02,0.696147773
8.18E-02,0.696287874
8.18E-02,0.696427971
8.18E-02,0.696568067
8.18E-02,0.696708166
8.18E-02,0.696848267
8.18E-02,0.696988363
8.18E-02,0.697128458
8.19E-02,0.69726855
8.18E-02,0.697408643
8.18E-02,0.697548738
8.19E-02,0.697688833
8.19E-02,0.697828926
8.19E-02,0.697969023
8.19E-02,0.698109119
8.19E-02,0.698249216
8.18E-02,0.698389315
8.18E-02,0.698529416
8.19E-02,0.698669518
8.18E-02,0.698809616
8.19E-02,0.698949716
8.18E-02,0.699089816
8.19E-02,0.699229918
8.19E-02,0.699370016
8.18E-02,0.699510111
8.18E-02,0.699650204
8.18E-02,0.6997903
8.19E-02,0.699930395
8.19E-02,0.70007049
8.19E-02,0.700210583
8.19E-02,0.700350678
8.17E-02,0.700490771
8.19E-02,0.700630862
8.18E-02,0.700770952
8.19E-02,0.700911046
8.19E-02,0.701051142
8.19E-02,0.701191239
8.19E-02,0.701331336
8.20E-02,0.701471435
8.18E-02,0.701611529
8.17E-02,0.701751621
8.19E-02,0.701891715
8.19E-02,0.702031807
8.19E-02,0.702171901
8.18E-02,0.702311996
8.19E-02,0.702452091
8.18E-02,0.702592182
8.20E-02,0.702732277
8.18E-02,0.702872367
8.18E-02,0.703012459
8.19E-02,0.703152552
8.18E-02,0.703292641
8.18E-02,0.703432735
8.19E-02,0.70357283
8.18E-02,0.703712926
8.19E-02,0.703853021
8.18E-02,0.703993113
8.17E-02,0.704133205
8.20E-02,0.704273297
8.18E-02,0.704413393
8.19E-02,0.704553491
8.18E-02,0.704693586
8.19E-02,0.704833682
8.19E-02,0.70497378
8.19E-02,0.705113881
8.20E-02,0.70525398
8.18E-02,0.705394081
8.18E-02,0.705534184
8.19E-02,0.705674284
8.19E-02,0.705814385
8.18E-02,0.705954486
8.18E-02,0.706094586
8.19E-02,0.706234683
8.19E-02,0.70637478
8.18E-02,0.70651488
8.18E-02,0.70665498
8.18E-02,0.706795081
8.19E-02,0.706935178
8.18E-02,0.707075274
8.18E-02,0.70721537
8.18E-02,0.707355468
8.18E-02,0.707495568
8.18E-02,0.707635665
8.19E-02,0.707775765
8.19E-02,0.70791586
8.19E-02,0.708055957
8.19E-02,0.708196055
8.18E-02,0.708336156
8.19E-02,0.708476257
8.20E-02,0.708616356
8.19E-02,0.708756458
8.20E-02,0.708896557
8.19E-02,0.709036658
8.18E-02,0.709176758
8.19E-02,0.709316859
8.18E-02,0.709456963
8.19E-02,0.709597067
8.18E-02,0.709737168
8.19E-02,0.70987727
8.18E-02,0.71001737
8.18E-02,0.710157469
8.19E-02,0.71029757
8.18E-02,0.71043767
8.18E-02,0.71057777
8.19E-02,0.710717868
8.19E-02,0.710857967
8.20E-02,0.71099807
8.19E-02,0.711138173
8.18E-02,0.711278278
8.20E-02,0.711418383
8.18E-02,0.711558485
8.19E-02,0.711698582
8.19E-02,0.711838685
8.18E-02,0.711978782
8.20E-02,0.712118879
8.19E-02,0.712258974
8.19E-02,0.712399067
8.19E-02,0.712539158
8.18E-02,0.712679252
8.19E-02,0.712819345
8.19E-02,0.712959439
8.17E-02,0.713099535
8.19E-02,0.713239634
8.18E-02,0.71337973
8.19E-02,0.713519829
8.19E-02,0.713659924
8.20E-02,0.713800024
8.19E-02,0.713940124
8.18E-02,0.714080224
8.19E-02,0.714220322
8.18E-02,0.714360418
8.19E-02,0.714500512
8.19E-02,0.714640608
8.19E-02,0.714780707
8.18E-02,0.714920808
8.19E-02,0.715060909
8.18E-02,0.715201006
8.18E-02,0.715341103
8.20E-02,0.715481194
8.19E-02,0.715621288
8.19E-02,0.715761381
8.17E-02,0.715901477
8.19E-02,0.716041571
8.19E-02,0.716181667
8.20E-02,0.71632176
8.19E-02,0.716461855
8.18E-02,0.716601951
8.18E-02,0.716742048
8.18E-02,0.716882147
8.18E-02,0.717022239
8.18E-02,0.71716233
8.19E-02,0.717302426
8.19E-02,0.717442524
8.19E-02,0.717582616
8.18E-02,0.717722709
8.18E-02,0.717862803
8.19E-02,0.718002897
8.19E-02,0.718142992
8.18E-02,0.718283086
8.18E-02,0.718423178
8.17E-02,0.718563276
8.19E-02,0.718703371
8.19E-02,0.718843464
8.19E-02,0.718983562
8.19E-02,0.719123662
8.19E-02,0.719263757
8.19E-02,0.719403854
8.18E-02,0.719543947
8.18E-02,0.71968404
8.18E-02,0.719824136
8.18E-02,0.719964231
8.19E-02,0.720104327
8.19E-02,0.720244424
8.18E-02,0.720384521
8.19E-02,0.720524617
8.19E-02,0.720664719
8.18E-02,0.720804821
8.19E-02,0.720944922
8.18E-02,0.721085027
8.18E-02,0.721225129
8.19E-02,0.721365229
8.18E-02,0.721505332
8.19E-02,0.721645433
8.19E-02,0.721785538
8.18E-02,0.721925642
8.18E-02,0.722065742
8.19E-02,0.722205842
8.19E-02,0.722345942
8.19E-02,0.722486043
8.18E-02,0.722626142
8.19E-02,0.722766237
8.18E-02,0.722906331
8.18E-02,0.72304643
8.19E-02,0.723186526
8.19E-02,0.723326622
8.18E-02,0.723466717
8.20E-02,0.723606814
8.18E-02,0.723746909
8.19E-02,0.723887005
8.19E-02,0.724027103
8.19E-02,0.724167199
8.18E-02,0.724307298
8.18E-02,0.7244474
8.19E-02,0.724587498
8.18E-02,0.724727597
8.18E-02,0.724867693
8.17E-02,0.725007792
8.18E-02,0.725147886
8.17E-02,0.725287984
8.18E-02,0.725428087
8.18E-02,0.725568185
8.18E-02,0.72570828
8.19E-02,0.725848373
8.19E-02,0.725988466
8.17E-02,0.726128561
8.18E-02,0.726268661
8.18E-02,0.726408762
8.18E-02,0.726548863
8.19E-02,0.726688961
8.19E-02,0.726829061
8.18E-02,0.726969157
8.19E-02,0.727109252
8.18E-02,0.727249349
8.19E-02,0.727389445
8.18E-02,0.727529546
8.19E-02,0.727669647
8.18E-02,0.727809747
8.18E-02,0.727949846
8.18E-02,0.728089944
8.18E-02,0.728230038
8.19E-02,0.728370132
8.17E-02,0.728510229
8.18E-02,0.728650326
8.17E-02,0.728790421
8.18E-02,0.728930516
8.18E-02,0.729070608
8.17E-02,0.729210704
8.18E-02,0.729350798
8.18E-02,0.729490895
8.18E-02,0.729630989
8.18E-02,0.729771085
8.18E-02,0.729911179
8.17E-02,0.730051276
8.18E-02,0.73019137
8.18E-02,0.730331465
8.17E-02,0.73047156
8.16E-02,0.730611658
8.19E-02,0.730751754
8.19E-02,0.730891848
8.18E-02,0.73103194
8.18E-02,0.731172031
8.18E-02,0.731312127
8.18E-02,0.731452224
8.18E-02,0.731592321
8.19E-02,0.731732421
8.18E-02,0.731872521
8.18E-02,0.732012619
8.17E-02,0.732152713
8.18E-02,0.73229281
8.17E-02,0.732432909
8.18E-02,0.732573009
8.18E-02,0.732713105
8.17E-02,0.732853199
8.17E-02,0.732993291
8.18E-02,0.733133389
8.18E-02,0.733273485
8.18E-02,0.73341358
8.17E-02,0.733553674
8.18E-02,0.733693771
8.17E-02,0.733833867
8.18E-02,0.73397396
8.17E-02,0.734114053
8.18E-02,0.734254151
8.17E-02,0.734394251
8.18E-02,0.734534351
8.17E-02,0.734674446
8.17E-02,0.73481454
8.18E-02,0.734954634
8.17E-02,0.73509473
8.17E-02,0.735234829
8.16E-02,0.735374928
8.18E-02,0.735515028
8.16E-02,0.735655128
8.16E-02,0.735795225
8.16E-02,0.735935321
8.17E-02,0.736075421
8.17E-02,0.73621552
8.17E-02,0.736355622
8.18E-02,0.736495722
8.17E-02,0.736635823
8.17E-02,0.736775923
8.17E-02,0.736916024
8.17E-02,0.737056124
8.17E-02,0.737196221
8.17E-02,0.737336317
8.17E-02,0.737476413
8.17E-02,0.737616508
8.17E-02,0.737756603
8.17E-02,0.737896698
8.18E-02,0.738036791
8.17E-02,0.73817689
8.18E-02,0.73831699
8.17E-02,0.738457085
8.17E-02,0.738597184
8.19E-02,0.738737282
8.17E-02,0.738877382
8.17E-02,0.73901748
8.16E-02,0.739157579
8.17E-02,0.739297679
8.18E-02,0.739437777
8.16E-02,0.739577875
8.17E-02,0.73971797
8.17E-02,0.739858063
8.16E-02,0.739998156
8.16E-02,0.740138248
8.17E-02,0.740278345
8.16E-02,0.740418442
8.18E-02,0.740558539
8.18E-02,0.740698637
8.17E-02,0.74083873
8.16E-02,0.740978829
8.17E-02,0.741118929
8.17E-02,0.741259028
8.17E-02,0.741399123
8.16E-02,0.741539219
8.16E-02,0.741679312
8.17E-02,0.741819407
8.17E-02,0.741959505
8.16E-02,0.742099599
8.17E-02,0.742239693
8.16E-02,0.742379789
8.17E-02,0.742519888
8.16E-02,0.742659981
8.17E-02,0.742800071
8.16E-02,0.742940162
8.17E-02,0.743080255
8.17E-02,0.743220347
8.16E-02,0.743360438
8.16E-02,0.743500533
8.17E-02,0.743640629
8.16E-02,0.743780721
8.16E-02,0.743920816
8.17E-02,0.744060909
8.17E-02,0.744201005
8.16E-02,0.744341103
8.16E-02,0.744481204
8.16E-02,0.744621303
8.17E-02,0.7447614
8.16E-02,0.744901495
8.16E-02,0.745041592
8.16E-02,0.745181689
8.17E-02,0.745321786
8.15E-02,0.745461879
8.16E-02,0.745601973
8.16E-02,0.745742069
8.15E-02,0.745882163
8.16E-02,0.746022255
8.16E-02,0.746162349
8.16E-02,0.746302447
8.14E-02,0.746442544
8.17E-02,0.746582642
8.15E-02,0.746722742
8.16E-02,0.74686284
8.15E-02,0.747002937
8.14E-02,0.74714303
8.16E-02,0.747283123
8.15E-02,0.747423215
8.16E-02,0.747563311
8.15E-02,0.747703408
8.16E-02,0.747843501
8.15E-02,0.747983594
8.16E-02,0.748123685
8.16E-02,0.748263778
8.16E-02,0.748403869
8.16E-02,0.748543959
8.16E-02,0.748684053
8.15E-02,0.748824146
8.15E-02,0.748964239
8.14E-02,0.749104332
8.16E-02,0.749244425
8.15E-02,0.749384519
8.15E-02,0.749524614
8.16E-02,0.749664707
8.15E-02,0.7498048
8.16E-02,0.749944892
8.16E-02,0.750084985
8.15E-02,0.750225074
8.16E-02,0.750365163
8.16E-02,0.750505255
8.16E-02,0.750645347
8.16E-02,0.750785438
8.15E-02,0.75092553
8.16E-02,0.751065626
8.15E-02,0.751205721
8.15E-02,0.751345814
8.15E-02,0.751485903
8.14E-02,0.751625992
8.16E-02,0.751766082
8.15E-02,0.751906169
8.15E-02,0.75204626
8.15E-02,0.752186346
8.15E-02,0.752326433
8.14E-02,0.752466524
8.15E-02,0.752606617
8.15E-02,0.752746709
8.15E-02,0.752886797
8.14E-02,0.753026888
8.14E-02,0.753166975
8.14E-02,0.753307057
8.15E-02,0.753447142
8.15E-02,0.753587231
8.15E-02,0.753727321
8.15E-02,0.753867417
8.14E-02,0.754007512
8.15E-02,0.754147605
8.15E-02,0.754287699
8.15E-02,0.754427791
8.14E-02,0.754567885
8.15E-02,0.754707977
8.14E-02,0.75484807
8.15E-02,0.754988166
8.15E-02,0.755128262
8.14E-02,0.755268358
8.13E-02,0.755408454
8.15E-02,0.755548549
8.15E-02,0.755688648
8.15E-02,0.755828749
8.14E-02,0.75596885
8.15E-02,0.75610895
8.14E-02,0.756249047
8.14E-02,0.756389145
8.14E-02,0.756529242
8.14E-02,0.75666934
8.14E-02,0.756809438
8.15E-02,0.756949533
8.14E-02,0.757089628
8.14E-02,0.757229725
8.14E-02,0.757369818
8.13E-02,0.757509911
8.14E-02,0.757650002
8.14E-02,0.757790097
8.14E-02,0.757930193
8.14E-02,0.758070286
8.13E-02,0.758210378
8.13E-02,0.758350473
8.14E-02,0.75849057
8.14E-02,0.758630665
8.15E-02,0.75877076
8.13E-02,0.758910852
8.14E-02,0.759050947
8.15E-02,0.759191047
8.13E-02,0.759331141
8.13E-02,0.759471237
8.14E-02,0.759611333
8.14E-02,0.759751431
8.12E-02,0.759891527
8.14E-02,0.760031624
8.14E-02,0.760171721
8.13E-02,0.760311822
8.14E-02,0.760451925
8.13E-02,0.760592021
8.13E-02,0.760732121
8.13E-02,0.76087222
8.13E-02,0.761012321
8.14E-02,0.761152423
8.13E-02,0.761292524
8.13E-02,0.761432626
8.14E-02,0.761572729
8.14E-02,0.76171283
8.13E-02,0.761852929
8.13E-02,0.761993026
8.13E-02,0.762133124
8.13E-02,0.762273219
8.13E-02,0.762413311
8.12E-02,0.762553404
8.13E-02,0.762693498
8.13E-02,0.762833589
8.13E-02,0.762973687
8.14E-02,0.763113784
8.13E-02,0.763253879
8.13E-02,0.763393969
8.14E-02,0.763534058
8.13E-02,0.76367415
8.13E-02,0.763814243
8.13E-02,0.763954337
8.13E-02,0.764094433
8.13E-02,0.76423453
8.13E-02,0.764374628
8.13E-02,0.764514729
8.13E-02,0.764654831
8.13E-02,0.764794929
8.12E-02,0.764935029
8.14E-02,0.765075123
8.13E-02,0.765215217
8.13E-02,0.76535531
8.12E-02,0.765495403
8.14E-02,0.765635495
8.13E-02,0.765775589
8.12E-02,0.765915684
8.12E-02,0.766055777
8.12E-02,0.766195869
8.12E-02,0.766335962
8.12E-02,0.766476058
8.12E-02,0.766616154
8.12E-02,0.766756251
8.12E-02,0.766896343
8.13E-02,0.767036436
8.12E-02,0.76717653
8.12E-02,0.76731662
8.11E-02,0.767456711
8.13E-02,0.767596805
8.13E-02,0.767736897
8.13E-02,0.767876992
8.13E-02,0.768017086
8.13E-02,0.768157181
8.13E-02,0.768297278
8.12E-02,0.768437372
8.12E-02,0.768577465
8.13E-02,0.768717559
8.12E-02,0.768857652
8.13E-02,0.768997746
8.12E-02,0.769137841
8.12E-02,0.769277936
8.12E-02,0.769418032
8.12E-02,0.769558128
8.11E-02,0.769698223
8.13E-02,0.769838319
8.12E-02,0.769978411
8.13E-02,0.770118504
8.11E-02,0.770258598
8.12E-02,0.770398691
8.12E-02,0.770538784
8.11E-02,0.770678881
8.12E-02,0.770818978
8.12E-02,0.770959072
8.11E-02,0.771099167
8.12E-02,0.771239261
8.11E-02,0.771379355
8.11E-02,0.771519446
8.12E-02,0.771659538
8.11E-02,0.77179963
8.12E-02,0.771939721
8.12E-02,0.772079813
8.11E-02,0.772219901
8.12E-02,0.772359989
8.11E-02,0.772500075
8.12E-02,0.772640163
8.11E-02,0.772780253
8.10E-02,0.772920341
8.12E-02,0.773060431
8.11E-02,0.773200526
8.10E-02,0.77334062
8.11E-02,0.773480715
8.12E-02,0.773620805
8.12E-02,0.773760896
8.12E-02,0.773900988
8.12E-02,0.774041078
8.11E-02,0.774181169
8.11E-02,0.774321259
8.11E-02,0.774461348
8.10E-02,0.774601437
8.10E-02,0.774741525
8.11E-02,0.774881613
8.11E-02,0.775021702
8.10E-02,0.775161791
8.11E-02,0.775301882
8.10E-02,0.775441973
8.11E-02,0.775582066
8.11E-02,0.775722162
8.12E-02,0.775862256
8.12E-02,0.776002347
8.11E-02,0.776142443
8.11E-02,0.776282539
8.11E-02,0.776422634
8.10E-02,0.776562729
8.10E-02,0.776702825
8.11E-02,0.77684292
8.11E-02,0.776983017
8.11E-02,0.777123112
8.09E-02,0.777263208
8.11E-02,0.777403302
8.10E-02,0.777543392
8.10E-02,0.777683484
8.11E-02,0.777823578
8.12E-02,0.777963673
8.10E-02,0.778103769
8.10E-02,0.778243865
8.11E-02,0.778383953
8.10E-02,0.778524042
8.11E-02,0.778664135
8.11E-02,0.778804225
8.10E-02,0.778944315
8.11E-02,0.779084405
8.09E-02,0.779224497
8.11E-02,0.779364591
8.11E-02,0.779504682
8.10E-02,0.779644776
8.09E-02,0.77978487
8.11E-02,0.779924962
8.10E-02,0.780065055
8.10E-02,0.780205143
8.09E-02,0.780345236
8.11E-02,0.780485326
8.10E-02,0.78062542
8.10E-02,0.780765517
8.11E-02,0.780905614
8.11E-02,0.78104571
8.10E-02,0.781185808
8.10E-02,0.781325904
8.10E-02,0.781466001
8.10E-02,0.781606096
8.11E-02,0.781746193
8.09E-02,0.781886291
8.10E-02,0.782026386
8.10E-02,0.782166475
8.09E-02,0.782306564
8.09E-02,0.782446653
8.09E-02,0.782586739
8.11E-02,0.782726825
8.10E-02,0.78286691
8.10E-02,0.783006999
8.10E-02,0.783147084
8.09E-02,0.783287173
8.10E-02,0.78342726
8.09E-02,0.783567347
8.09E-02,0.783707432
8.11E-02,0.783847517
8.09E-02,0.783987602
8.09E-02,0.78412769
8.10E-02,0.784267782
8.09E-02,0.784407871
8.09E-02,0.784547962
8.09E-02,0.784688054
8.09E-02,0.784828143
8.09E-02,0.784968233
8.09E-02,0.785108322
8.09E-02,0.785248414
8.09E-02,0.785388508
8.09E-02,0.785528598
8.09E-02,0.785668687
8.09E-02,0.785808776
8.08E-02,0.785948865
8.08E-02,0.786088956
8.10E-02,0.786229049
8.09E-02,0.786369142
8.09E-02,0.786509234
8.08E-02,0.786649326
8.09E-02,0.786789415
8.09E-02,0.786929503
8.09E-02,0.787069594
8.09E-02,0.787209682
8.09E-02,0.787349773
8.09E-02,0.787489864
8.09E-02,0.787629957
8.10E-02,0.787770047
8.08E-02,0.787910135
8.08E-02,0.788050226
8.09E-02,0.788190315
8.08E-02,0.788330405
8.09E-02,0.788470494
8.09E-02,0.788610585
8.09E-02,0.788750676
8.09E-02,0.788890765
8.08E-02,0.789030859
8.08E-02,0.789170951
8.07E-02,0.789311044
8.09E-02,0.789451136
8.08E-02,0.789591227
8.08E-02,0.789731318
8.08E-02,0.789871407
8.08E-02,0.790011496
8.09E-02,0.790151587
8.09E-02,0.79029168
8.08E-02,0.790431776
8.08E-02,0.79057187
8.08E-02,0.790711967
8.08E-02,0.790852064
8.09E-02,0.790992159
8.08E-02,0.791132248
8.08E-02,0.791272341
8.08E-02,0.791412435
8.07E-02,0.791552529
8.08E-02,0.79169262
8.07E-02,0.791832714
8.08E-02,0.791972809
8.08E-02,0.792112904
8.08E-02,0.792252994
8.07E-02,0.792393084
8.08E-02,0.792533175
8.08E-02,0.792673267
8.07E-02,0.792813355
8.07E-02,0.792953446
8.09E-02,0.793093537
8.07E-02,0.793233626
8.07E-02,0.793373717
8.07E-02,0.793513809
8.07E-02,0.7936539
8.08E-02,0.793793994
8.07E-02,0.793934085
8.07E-02,0.794074178
8.08E-02,0.794214268
8.08E-02,0.79435436
8.06E-02,0.794494453
8.07E-02,0.794634547
8.07E-02,0.794774642
8.07E-02,0.794914735
8.06E-02,0.795054827
8.07E-02,0.795194917
8.07E-02,0.795335012
8.08E-02,0.795475103
8.08E-02,0.7956152
8.07E-02,0.7957553
8.08E-02,0.795895399
8.07E-02,0.796035492
8.07E-02,0.796175584
8.07E-02,0.796315678
8.06E-02,0.796455771
8.07E-02,0.796595864
8.07E-02,0.796735955
8.06E-02,0.79687605
8.07E-02,0.797016148
8.07E-02,0.79715625
8.07E-02,0.797296349
8.07E-02,0.797436445
8.07E-02,0.79757654
8.07E-02,0.797716633
8.07E-02,0.797856728
8.07E-02,0.797996821
8.08E-02,0.798136914
8.07E-02,0.79827701
8.07E-02,0.798417109
8.07E-02,0.798557205
8.05E-02,0.798697301
8.06E-02,0.798837394
8.06E-02,0.798977487
8.07E-02,0.799117582
8.07E-02,0.799257677
8.06E-02,0.799397775
8.05E-02,0.799537872
8.06E-02,0.799677967
8.06E-02,0.799818058
8.06E-02,0.799958148
8.06E-02,0.800098241
8.06E-02,0.800238332
8.06E-02,0.800378423
8.06E-02,0.800518513
8.06E-02,0.800658602
8.06E-02,0.800798689
8.06E-02,0.800938776
8.07E-02,0.801078864
8.06E-02,0.801218954
8.05E-02,0.801359044
8.07E-02,0.801499137
8.06E-02,0.801639229
8.05E-02,0.801779323
8.07E-02,0.801919415
8.06E-02,0.802059507
8.05E-02,0.802199602
8.05E-02,0.802339692
8.06E-02,0.802479784
8.06E-02,0.802619875
8.06E-02,0.802759967
8.06E-02,0.802900061
8.05E-02,0.803040156
8.05E-02,0.803180249
8.07E-02,0.803320339
8.06E-02,0.80346043
8.06E-02,0.80360052
8.05E-02,0.803740615
8.06E-02,0.803880708
8.06E-02,0.804020802
8.05E-02,0.804160892
8.05E-02,0.804300981
8.05E-02,0.804441068
8.06E-02,0.804581153
8.05E-02,0.80472124
8.04E-02,0.804861326
8.05E-02,0.805001415
8.05E-02,0.805141501
8.06E-02,0.805281591
8.05E-02,0.805421679
8.05E-02,0.805561765
8.05E-02,0.805701851
8.04E-02,0.805841937
8.05E-02,0.805982022
8.05E-02,0.806122111
8.04E-02,0.806262201
8.04E-02,0.806402286
8.04E-02,0.806542375
8.04E-02,0.806682464
8.05E-02,0.806822554
8.03E-02,0.806962645
8.04E-02,0.807102736
8.05E-02,0.807242826
8.04E-02,0.807382916
8.04E-02,0.807523004
8.05E-02,0.80766309
8.05E-02,0.807803176
8.05E-02,0.807943263
8.04E-02,0.808083353
8.03E-02,0.808223446
8.04E-02,0.80836354
8.05E-02,0.808503637
8.05E-02,0.808643732
8.05E-02,0.808783822
8.04E-02,0.808923912
8.03E-02,0.809064
8.05E-02,0.809204085
8.05E-02,0.80934417
8.03E-02,0.809484258
8.04E-02,0.809624347
8.03E-02,0.809764436
8.03E-02,0.809904517
8.03E-02,0.810044601
8.05E-02,0.810184685
8.03E-02,0.81032477
8.03E-02,0.810464857
8.03E-02,0.810604946
8.04E-02,0.810745033
8.04E-02,0.810885119
8.03E-02,0.811025206
8.03E-02,0.811165292
8.03E-02,0.811305379
8.02E-02,0.811445466
8.05E-02,0.811585557
8.04E-02,0.811725647
8.04E-02,0.811865737
8.04E-02,0.812005826
8.03E-02,0.812145917
8.04E-02,0.812286005
8.03E-02,0.812426088
8.03E-02,0.812566171
8.03E-02,0.812706257
8.03E-02,0.812846346
8.03E-02,0.812986436
8.04E-02,0.813126526
8.04E-02,0.813266614
8.03E-02,0.813406702
8.03E-02,0.81354679
8.03E-02,0.813686877
8.03E-02,0.813826965
8.03E-02,0.813967055
8.03E-02,0.814107145
8.03E-02,0.814247233
8.02E-02,0.814387324
8.02E-02,0.814527413
8.02E-02,0.8146675
8.04E-02,0.814807585
8.03E-02,0.814947674
8.01E-02,0.815087767
8.03E-02,0.815227861
8.03E-02,0.815367954
8.03E-02,0.815508045
8.02E-02,0.815648137
8.02E-02,0.815788228
8.02E-02,0.81592832
8.03E-02,0.816068409
8.02E-02,0.816208501
8.03E-02,0.816348593
8.02E-02,0.816488683
8.03E-02,0.816628773
8.02E-02,0.816768864
8.02E-02,0.816908954
8.02E-02,0.81704904
8.02E-02,0.817189132
8.03E-02,0.817329226
8.01E-02,0.817469321
8.02E-02,0.817609414
8.02E-02,0.817749504
8.03E-02,0.81788959
8.02E-02,0.818029677
8.03E-02,0.818169766
8.02E-02,0.818309856
8.01E-02,0.818449947
8.01E-02,0.818590035
8.01E-02,0.818730122
8.01E-02,0.818870208
8.01E-02,0.819010295
8.02E-02,0.819150381
8.02E-02,0.819290471
8.01E-02,0.819430562
8.01E-02,0.819570655
8.02E-02,0.819710751
8.02E-02,0.819850846
8.01E-02,0.819990939
8.02E-02,0.82013103
8.02E-02,0.82027112
8.01E-02,0.820411213
8.02E-02,0.820551308
8.01E-02,0.820691403
8.01E-02,0.8208315
8.00E-02,0.820971595
8.01E-02,0.821111688
8.02E-02,0.821251785
8.02E-02,0.821391883
8.02E-02,0.821531983
8.01E-02,0.821672083
8.01E-02,0.821812181
8.00E-02,0.821952274
8.01E-02,0.822092368
8.01E-02,0.822232462
8.02E-02,0.822372553
8.01E-02,0.822512642
8.01E-02,0.822652732
8.02E-02,0.822792821
8.01E-02,0.822932911
8.01E-02,0.823072998
8.01E-02,0.823213082
8.01E-02,0.823353167
8.00E-02,0.823493251
8.01E-02,0.823633332
8.01E-02,0.823773413
8.01E-02,0.82391349
8.01E-02,0.824053569
8.01E-02,0.824193645
8.00E-02,0.824333723
8.00E-02,0.824473797
8.01E-02,0.824613873
8.00E-02,0.824753943
8.00E-02,0.824894009
8.01E-02,0.825034074
8.01E-02,0.825174137
8.00E-02,0.825314206
8.00E-02,0.825454276
8.00E-02,0.825594346
8.01E-02,0.825734414
8.00E-02,0.825874485
8.00E-02,0.826014555
8.00E-02,0.826154622
8.00E-02,0.826294692
8.00E-02,0.826434765
8.00E-02,0.826574836
8.00E-02,0.826714901
7.99E-02,0.826854971
7.98E-02,0.826995042
8.00E-02,0.827135111
7.99E-02,0.82727518
7.99E-02,0.827415243
7.99E-02,0.827555306
8.00E-02,0.82769537
8.01E-02,0.827835436
7.99E-02,0.827975502
7.99E-02,0.828115569
7.99E-02,0.828255638
8.00E-02,0.828395705
8.00E-02,0.828535774
8.00E-02,0.828675845
8.00E-02,0.828815916
7.99E-02,0.828955986
8.00E-02,0.829096052
7.99E-02,0.829236117
7.99E-02,0.829376185
7.99E-02,0.829516249
7.99E-02,0.829656315
7.99E-02,0.829796381
7.99E-02,0.829936454
7.99E-02,0.83007653
7.99E-02,0.830216602
7.98E-02,0.830356674
7.99E-02,0.830496747
7.99E-02,0.830636816
7.99E-02,0.830776884
7.99E-02,0.830916956
7.99E-02,0.83105703
7.99E-02,0.831197107
7.99E-02,0.831337182
7.99E-02,0.831477256
7.98E-02,0.831617332
7.99E-02,0.831757409
7.99E-02,0.831897489
7.98E-02,0.832037569
7.98E-02,0.832177647
7.98E-02,0.832317723
7.97E-02,0.832457796
7.97E-02,0.832597868
7.98E-02,0.83273794
7.98E-02,0.832878012
7.97E-02,0.833018083
7.98E-02,0.833158157
7.98E-02,0.833298232
7.97E-02,0.833438304
7.97E-02,0.833578378
7.97E-02,0.833718453
7.98E-02,0.833858527
7.98E-02,0.833998601
7.97E-02,0.834138677
7.96E-02,0.834278752
7.97E-02,0.834418829
7.98E-02,0.834558905
7.97E-02,0.834698982
7.97E-02,0.834839061
7.97E-02,0.834979142
7.97E-02,0.835119221
7.97E-02,0.835259302
7.97E-02,0.835399384
7.98E-02,0.835539463
7.97E-02,0.835679541
7.98E-02,0.835819617
7.97E-02,0.835959697
7.96E-02,0.836099777
7.97E-02,0.836239853
7.97E-02,0.836379929
7.97E-02,0.836520007
7.97E-02,0.836660088
7.97E-02,0.836800166
7.96E-02,0.836940241
7.98E-02,0.837080317
7.96E-02,0.837220396
7.96E-02,0.83736047
7.96E-02,0.837500548
7.96E-02,0.83764063
7.97E-02,0.837780712
7.97E-02,0.837920791
7.96E-02,0.838060875
7.96E-02,0.838200969
7.96E-02,0.83834106
7.96E-02,0.838481152
7.97E-02,0.838621243
7.95E-02,0.838761337
7.96E-02,0.83890143
7.95E-02,0.839041527
7.95E-02,0.839181625
7.95E-02,0.839321722
7.96E-02,0.839461815
7.96E-02,0.839601904
7.95E-02,0.839741996
7.95E-02,0.839882085
7.95E-02,0.840022177
7.95E-02,0.840162272
7.95E-02,0.84030237
7.96E-02,0.840442465
7.95E-02,0.840582556
7.96E-02,0.840722641
7.96E-02,0.840862727
7.95E-02,0.841002812
7.96E-02,0.841142897
7.95E-02,0.841282985
7.94E-02,0.841423076
7.94E-02,0.841563167
7.96E-02,0.841703261
7.95E-02,0.841843352
7.94E-02,0.84198344
7.95E-02,0.842123527
7.95E-02,0.842263615
7.95E-02,0.842403701
7.94E-02,0.842543786
7.95E-02,0.842683873
7.94E-02,0.84282396
7.95E-02,0.842964048
7.95E-02,0.843104133
7.95E-02,0.843244215
7.94E-02,0.843384296
7.95E-02,0.843524385
7.95E-02,0.843664471
7.94E-02,0.843804557
7.94E-02,0.843944642
7.94E-02,0.844084728
7.95E-02,0.844224817
7.94E-02,0.844364904
7.95E-02,0.844504992
7.95E-02,0.844645082
7.94E-02,0.844785174
7.93E-02,0.844925261
7.94E-02,0.845065348
7.94E-02,0.845205438
7.94E-02,0.845345521
7.94E-02,0.845485601
7.93E-02,0.845625683
7.93E-02,0.845765769
7.93E-02,0.845905856
7.94E-02,0.846045944
7.93E-02,0.846186026
7.93E-02,0.846326111
7.95E-02,0.846466195
7.94E-02,0.84660628
7.94E-02,0.846746364
7.94E-02,0.846886448
7.94E-02,0.847026535
7.93E-02,0.847166621
7.93E-02,0.847306711
7.94E-02,0.847446797
7.93E-02,0.847586885
7.93E-02,0.847726973
7.93E-02,0.847867061
7.92E-02,0.848007149
7.94E-02,0.848147241
7.92E-02,0.84828733
7.93E-02,0.848427423
7.92E-02,0.848567517
7.93E-02,0.848707607
7.94E-02,0.848847697
7.92E-02,0.848987787
7.94E-02,0.849127873
7.93E-02,0.849267959
7.93E-02,0.849408047
7.92E-02,0.84954814
7.93E-02,0.849688233
7.93E-02,0.849828323
7.92E-02,0.849968416
7.90E-02,0.850108511
7.93E-02,0.850248603
7.92E-02,0.850388696
7.93E-02,0.850528793
7.92E-02,0.85066889
7.93E-02,0.850808987
7.92E-02,0.85094908
7.92E-02,0.85108917
7.92E-02,0.851229256
7.92E-02,0.851369344
7.93E-02,0.851509436
7.92E-02,0.851649528
7.91E-02,0.851789619
7.92E-02,0.851929716
7.92E-02,0.85206981
7.92E-02,0.852209903
7.92E-02,0.852349991
7.92E-02,0.852490078
7.92E-02,0.852630164
7.91E-02,0.852770253
7.91E-02,0.852910345
7.91E-02,0.853050439
7.91E-02,0.853190531
7.92E-02,0.853330623
7.91E-02,0.853470713
7.92E-02,0.853610802
7.91E-02,0.853750893
7.91E-02,0.853890987
7.91E-02,0.854031085
7.90E-02,0.854171181
7.90E-02,0.854311277
7.91E-02,0.85445137
7.91E-02,0.854591462
7.90E-02,0.854731554
7.90E-02,0.854871643
7.90E-02,0.855011738
7.91E-02,0.855151831
7.90E-02,0.855291927
7.90E-02,0.855432021
7.89E-02,0.855572116
7.89E-02,0.855712209
7.90E-02,0.855852299
7.90E-02,0.855992393
7.90E-02,0.856132487
7.90E-02,0.856272581
7.89E-02,0.856412674
7.89E-02,0.856552766
7.90E-02,0.85669286
7.90E-02,0.856832949
7.90E-02,0.856973039
7.90E-02,0.857113131
7.90E-02,0.857253225
7.89E-02,0.857393318
7.90E-02,0.857533411
7.90E-02,0.857673503
7.89E-02,0.857813596
7.90E-02,0.857953687
7.90E-02,0.858093778
7.88E-02,0.858233868
7.89E-02,0.858373959
7.88E-02,0.858514052
7.90E-02,0.858654142
7.89E-02,0.858794236
7.90E-02,0.858934329
7.89E-02,0.859074425
7.89E-02,0.859214522
7.89E-02,0.85935462
7.88E-02,0.859494717
7.88E-02,0.859634814
7.89E-02,0.859774911
7.89E-02,0.859915006
7.88E-02,0.860055097
7.87E-02,0.860195184
7.88E-02,0.860335272
7.89E-02,0.860475361
7.89E-02,0.860615452
7.88E-02,0.860755544
7.88E-02,0.860895635
7.88E-02,0.861035729
7.88E-02,0.861175815
7.87E-02,0.861315901
7.87E-02,0.861455989
7.88E-02,0.861596079
7.88E-02,0.861736171
7.87E-02,0.861876265
7.87E-02,0.862016357
7.87E-02,0.86215645
7.88E-02,0.862296542
7.88E-02,0.86243663
7.87E-02,0.862576719
7.88E-02,0.862716808
7.87E-02,0.862856899
7.87E-02,0.862996989
7.87E-02,0.86313708
7.87E-02,0.863277172
7.87E-02,0.863417261
7.87E-02,0.863557352
7.87E-02,0.863697438
7.87E-02,0.863837525
7.86E-02,0.863977614
7.86E-02,0.864117709
7.87E-02,0.864257802
7.87E-02,0.864397895
7.86E-02,0.86453799
7.86E-02,0.864678085
7.86E-02,0.864818178
7.86E-02,0.864958266
7.86E-02,0.865098352
7.86E-02,0.865238443
7.86E-02,0.865378536
7.86E-02,0.865518628
7.87E-02,0.865658719
7.85E-02,0.86579881
7.86E-02,0.865938903
7.85E-02,0.866078993
7.85E-02,0.866219084
7.85E-02,0.866359179
7.86E-02,0.866499272
7.85E-02,0.866639367
7.85E-02,0.866779462
7.86E-02,0.866919555
7.86E-02,0.867059644
7.85E-02,0.867199731
7.85E-02,0.867339819
7.84E-02,0.867479908
7.84E-02,0.867619996
7.84E-02,0.867760085
7.85E-02,0.867900174
7.85E-02,0.868040263
7.85E-02,0.86818035
7.83E-02,0.868320436
7.85E-02,0.868460524
7.85E-02,0.868600616
7.85E-02,0.868740709
7.84E-02,0.868880805
7.85E-02,0.869020898
7.84E-02,0.869160987
7.85E-02,0.869301073
7.84E-02,0.869441158
7.85E-02,0.869581246
7.84E-02,0.869721335
7.84E-02,0.869861428
7.84E-02,0.870001518
7.84E-02,0.870141607
7.84E-02,0.870281695
7.84E-02,0.870421786
7.83E-02,0.870561875
7.83E-02,0.870701968
7.83E-02,0.870842062
7.84E-02,0.870982158
7.83E-02,0.871122251
7.84E-02,0.871262339
7.83E-02,0.871402429
7.82E-02,0.871542516
7.83E-02,0.871682606
7.82E-02,0.871822691
7.83E-02,0.871962783
7.83E-02,0.872102873
7.82E-02,0.872242962
7.82E-02,0.872383049
7.83E-02,0.872523132
7.82E-02,0.872663218
7.82E-02,0.872803302
7.82E-02,0.872943388
7.82E-02,0.873083471
7.82E-02,0.873223556
7.82E-02,0.873363646
7.81E-02,0.873503731
7.82E-02,0.873643816
7.82E-02,0.8737839
7.82E-02,0.873923985
7.81E-02,0.874064068
7.82E-02,0.874204154
7.81E-02,0.874344243
7.82E-02,0.874484332
7.82E-02,0.87462442
7.82E-02,0.874764507
7.82E-02,0.874904594
7.82E-02,0.875044682
7.82E-02,0.875184769
7.81E-02,0.875324859
7.80E-02,0.875464954
7.80E-02,0.875605047
7.81E-02,0.875745143
7.81E-02,0.875885238
7.80E-02,0.876025335
7.81E-02,0.876165428
7.79E-02,0.876305518
7.81E-02,0.876445608
7.81E-02,0.876585699
7.80E-02,0.876725798
7.78E-02,0.876865887
7.81E-02,0.87700598
7.81E-02,0.877146074
7.80E-02,0.877286169
7.79E-02,0.877426261
7.80E-02,0.87756635
7.80E-02,0.877706441
7.79E-02,0.877846536
7.79E-02,0.87798663
7.79E-02,0.878126722
7.79E-02,0.878266816
7.79E-02,0.878406915
7.79E-02,0.878547013
7.78E-02,0.878687107
7.79E-02,0.878827203
7.78E-02,0.878967295
7.79E-02,0.879107389
7.78E-02,0.879247482
7.78E-02,0.87938757
7.78E-02,0.879527656
7.79E-02,0.879667743
7.78E-02,0.879807831
7.79E-02,0.879947918
7.77E-02,0.880088012
7.78E-02,0.880228104
7.79E-02,0.880368194
7.78E-02,0.880508281
7.77E-02,0.880648369
7.78E-02,0.880788456
7.77E-02,0.880928541
7.77E-02,0.881068628
7.77E-02,0.88120872
7.77E-02,0.88134881
7.77E-02,0.881488899
7.77E-02,0.88162899
7.77E-02,0.881769083
7.77E-02,0.881909178
7.76E-02,0.882049273
7.77E-02,0.88218937
7.77E-02,0.882329465
7.77E-02,0.882469556
7.76E-02,0.882609643
7.76E-02,0.88274973
7.76E-02,0.882889819
7.77E-02,0.883029909
7.76E-02,0.883170004
7.76E-02,0.883310101
7.76E-02,0.883450199
7.75E-02,0.883590295
7.74E-02,0.883730388
7.75E-02,0.883870483
7.75E-02,0.884010574
7.77E-02,0.884150665
7.75E-02,0.884290754
7.74E-02,0.884430844
7.76E-02,0.884570935
7.75E-02,0.884711025
7.75E-02,0.88485112
7.74E-02,0.884991217
7.75E-02,0.885131312
7.76E-02,0.885271405
7.75E-02,0.8854115
7.73E-02,0.885551596
7.75E-02,0.885691691
7.74E-02,0.885831785
7.73E-02,0.88597188
7.75E-02,0.886111974
7.74E-02,0.886252067
7.73E-02,0.886392158
7.73E-02,0.886532251
7.74E-02,0.886672341
7.73E-02,0.886812433
7.73E-02,0.886952522
7.73E-02,0.887092617
7.73E-02,0.887232712
7.73E-02,0.887372807
7.72E-02,0.887512899
7.72E-02,0.887652991
7.73E-02,0.887793086
7.72E-02,0.88793318
7.73E-02,0.888073275
7.72E-02,0.888213367
7.72E-02,0.888353464
7.71E-02,0.888493558
7.70E-02,0.888633651
7.72E-02,0.888773744
7.72E-02,0.888913838
7.71E-02,0.889053934
7.71E-02,0.889194031
7.72E-02,0.889334125
7.71E-02,0.88947422
7.71E-02,0.889614314
7.70E-02,0.889754409
7.70E-02,0.889894501
7.71E-02,0.890034592
7.70E-02,0.890174685
7.70E-02,0.890314779
7.70E-02,0.890454875
7.71E-02,0.890594972
7.69E-02,0.890735067
7.69E-02,0.89087516
7.70E-02,0.891015252
7.70E-02,0.891155346
7.69E-02,0.891295437
7.69E-02,0.891435531
7.69E-02,0.891575626
7.69E-02,0.891715724
7.69E-02,0.891855822
7.69E-02,0.891995916
7.69E-02,0.892136008
7.69E-02,0.8922761
7.69E-02,0.892416197
7.69E-02,0.892556293
7.69E-02,0.892696385
7.68E-02,0.892836478
7.68E-02,0.892976574
7.68E-02,0.893116671
7.67E-02,0.893256768
7.67E-02,0.893396861
7.68E-02,0.89353695
7.67E-02,0.89367704
7.67E-02,0.893817131
7.67E-02,0.893957224
7.67E-02,0.894097317
7.66E-02,0.894237411
7.66E-02,0.894377506
7.66E-02,0.894517599
7.65E-02,0.894657693
7.67E-02,0.894797787
7.65E-02,0.894937881
7.65E-02,0.895077975
7.67E-02,0.895218067
7.66E-02,0.895358159
7.66E-02,0.895498249
7.64E-02,0.895638339
7.65E-02,0.895778431
7.66E-02,0.895918526
7.65E-02,0.896058622
7.64E-02,0.896198716
7.64E-02,0.896338809
7.64E-02,0.896478903
7.64E-02,0.896618999
7.64E-02,0.896759097
7.64E-02,0.896899192
7.64E-02,0.897039287
7.64E-02,0.897179381
7.64E-02,0.897319476
7.63E-02,0.897459572
7.63E-02,0.897599666
7.63E-02,0.897739759
7.63E-02,0.897879856
7.64E-02,0.898019956
7.62E-02,0.898160055
7.62E-02,0.898300151
7.62E-02,0.898440249
7.61E-02,0.898580349
7.62E-02,0.898720449
7.62E-02,0.898860548
7.61E-02,0.89900065
7.61E-02,0.899140753
7.60E-02,0.899280856
7.60E-02,0.899420957
7.61E-02,0.899561052
7.60E-02,0.899701147
7.60E-02,0.899841242
7.60E-02,0.899981334
7.59E-02,0.900121425
7.59E-02,0.900261515
7.60E-02,0.900401609
7.59E-02,0.900541708
7.59E-02,0.900681805
7.58E-02,0.900821903
7.59E-02,0.900962004
7.58E-02,0.901102106
7.59E-02,0.901242207
7.58E-02,0.901382307
7.58E-02,0.901522411
7.57E-02,0.901662515
7.58E-02,0.901802614
7.58E-02,0.901942714
7.57E-02,0.902082809
7.56E-02,0.902222901
7.56E-02,0.90236299
7.56E-02,0.90250308
7.56E-02,0.90264317
7.56E-02,0.902783266
7.56E-02,0.902923364
7.54E-02,0.903063461
7.56E-02,0.903203556
7.56E-02,0.90334365
7.55E-02,0.90348374
7.56E-02,0.903623834
7.54E-02,0.903763928
7.55E-02,0.903904026
7.54E-02,0.904044125
7.53E-02,0.904184224
7.54E-02,0.904324321
7.54E-02,0.904464416
7.54E-02,0.90460451
7.53E-02,0.904744603
7.52E-02,0.904884698
7.52E-02,0.905024795
7.52E-02,0.905164894
7.52E-02,0.905304992
7.52E-02,0.905445091
7.52E-02,0.905585189
7.52E-02,0.905725289
7.51E-02,0.905865386
7.51E-02,0.906005481
7.50E-02,0.906145573
7.49E-02,0.906285667
7.50E-02,0.906425762
7.50E-02,0.906565858
7.49E-02,0.906705956
7.50E-02,0.906846055
7.49E-02,0.906986151
7.48E-02,0.907126245
7.49E-02,0.907266341
7.48E-02,0.907406438
7.49E-02,0.907546531
7.47E-02,0.907686628
7.47E-02,0.907826725
7.47E-02,0.907966818
7.47E-02,0.908106911
7.47E-02,0.908247004
7.46E-02,0.908387098
7.46E-02,0.908527193
7.45E-02,0.908667288
7.45E-02,0.908807384
7.45E-02,0.908947479
7.45E-02,0.909087574
7.44E-02,0.909227667
7.44E-02,0.909367762
7.44E-02,0.909507857
7.45E-02,0.909647953
7.44E-02,0.90978804
7.43E-02,0.909928127
7.43E-02,0.910068211
7.42E-02,0.910208299
7.42E-02,0.910348386
7.42E-02,0.910488471
7.42E-02,0.910628559
7.42E-02,0.91076865
7.41E-02,0.910908739
7.41E-02,0.91104883
7.40E-02,0.911188921
7.40E-02,0.91132901
7.39E-02,0.911469102
7.40E-02,0.911609193
7.39E-02,0.911749282
7.38E-02,0.911889375
7.39E-02,0.912029466
7.38E-02,0.912169558
7.38E-02,0.912309649
7.38E-02,0.912449743
7.38E-02,0.912589826
7.37E-02,0.912729909
7.36E-02,0.912869997
7.35E-02,0.913010087
7.35E-02,0.913150174
7.36E-02,0.913290257
7.35E-02,0.913430343
7.36E-02,0.913570433
7.35E-02,0.913710524
7.35E-02,0.913850613
7.33E-02,0.9139907
7.32E-02,0.914130785
7.31E-02,0.914270872
7.32E-02,0.914410958
7.32E-02,0.914551042
7.32E-02,0.914691127
7.31E-02,0.914831211
7.30E-02,0.914971296
7.30E-02,0.91511138
7.31E-02,0.915251462
7.28E-02,0.915391543
7.28E-02,0.915531629
7.28E-02,0.915671715
7.27E-02,0.915811802
7.27E-02,0.915951891
7.26E-02,0.916091978
7.26E-02,0.916232067
7.26E-02,0.916372155
7.26E-02,0.916512246
7.25E-02,0.916652337
7.24E-02,0.916792428
7.24E-02,0.916932518
7.23E-02,0.917072607
7.22E-02,0.91721269
7.24E-02,0.917352777
7.22E-02,0.917492867
7.22E-02,0.917632954
7.21E-02,0.917773044
7.20E-02,0.917913135
7.20E-02,0.918053225
7.19E-02,0.918193318
7.19E-02,0.91833341
7.17E-02,0.918473501
7.18E-02,0.918613593
7.18E-02,0.918753687
7.16E-02,0.918893779
7.16E-02,0.919033872
7.16E-02,0.919173959
7.14E-02,0.919314045
7.15E-02,0.919454134
7.13E-02,0.919594224
7.13E-02,0.919734312
7.13E-02,0.9198744
7.12E-02,0.920014488
7.13E-02,0.92015457
7.11E-02,0.920294655
7.10E-02,0.920434736
7.09E-02,0.92057482
7.09E-02,0.920714906
7.08E-02,0.920854992
7.08E-02,0.920995081
7.07E-02,0.921135168
7.07E-02,0.921275257
7.05E-02,0.921415344
7.05E-02,0.921555434
7.04E-02,0.92169552
7.03E-02,0.921835606
7.04E-02,0.921975693
7.01E-02,0.922115784
7.01E-02,0.922255875
7.00E-02,0.922395966
7.00E-02,0.922536054
6.99E-02,0.922676137
6.99E-02,0.922816221
6.98E-02,0.922956306
6.97E-02,0.923096392
6.96E-02,0.923236478
6.96E-02,0.923376561
6.95E-02,0.923516647
6.93E-02,0.923656736
6.93E-02,0.923796821
6.92E-02,0.923936908
6.92E-02,0.924076995
6.91E-02,0.924217078
6.90E-02,0.924357162
6.89E-02,0.924497246
6.88E-02,0.924637334
6.88E-02,0.924777417
6.86E-02,0.924917503
6.85E-02,0.925057588
6.85E-02,0.925197676
6.85E-02,0.925337767
6.84E-02,0.925477856
6.82E-02,0.925617941
6.81E-02,0.925758029
6.81E-02,0.925898121
6.79E-02,0.92603821
6.79E-02,0.926178295
6.78E-02,0.926318379
6.76E-02,0.926458463
6.76E-02,0.926598549
6.74E-02,0.926738639
6.74E-02,0.92687873
6.72E-02,0.927018817
6.71E-02,0.927158904
6.70E-02,0.927298992
6.70E-02,0.927439081
6.70E-02,0.927579168
6.68E-02,0.927719256
6.65E-02,0.927859343
6.65E-02,0.927999428
6.64E-02,0.928139514
6.64E-02,0.9282796
6.62E-02,0.928419686
6.61E-02,0.92855977
6.61E-02,0.928699858
6.59E-02,0.928839944
6.58E-02,0.928980035
6.56E-02,0.929120126
6.55E-02,0.929260222
6.54E-02,0.929400311
6.52E-02,0.929540398
6.51E-02,0.92968049
6.50E-02,0.929820586
6.49E-02,0.929960682
6.49E-02,0.930100776
6.47E-02,0.930240869
6.46E-02,0.930380959
6.44E-02,0.930521051
6.44E-02,0.930661139
6.42E-02,0.930801228
6.40E-02,0.930941318
6.39E-02,0.931081406
6.37E-02,0.931221496
6.36E-02,0.931361584
6.36E-02,0.931501672
6.34E-02,0.931641758
6.31E-02,0.931781844
6.30E-02,0.93192193
6.29E-02,0.932062013
6.28E-02,0.9322021
6.26E-02,0.932342186
6.25E-02,0.932482275
6.23E-02,0.93262236
6.22E-02,0.932762449
6.21E-02,0.932902542
6.19E-02,0.933042633
6.17E-02,0.933182725
6.16E-02,0.933322817
6.15E-02,0.933462908
6.13E-02,0.933603003
6.12E-02,0.933743098
6.09E-02,0.93388319
6.07E-02,0.934023278
6.06E-02,0.934163367
6.05E-02,0.934303456
6.03E-02,0.934443545
6.02E-02,0.934583635
6.00E-02,0.934723725
5.98E-02,0.934863815
5.97E-02,0.935003904
5.96E-02,0.935143989
5.94E-02,0.935284075
5.92E-02,0.935424161
5.89E-02,0.935564249
5.88E-02,0.935704338
5.87E-02,0.935844426
5.85E-02,0.935984513
5.83E-02,0.9361246
5.81E-02,0.93626469
5.80E-02,0.93640478
5.77E-02,0.936544871
5.75E-02,0.936684963
5.74E-02,0.936825059
5.72E-02,0.936965155
5.71E-02,0.93710525
5.69E-02,0.937245345
5.65E-02,0.937385437
5.65E-02,0.937525527
5.63E-02,0.937665614
5.61E-02,0.937805701
5.58E-02,0.937945792
5.57E-02,0.938085884
5.54E-02,0.938225975
5.54E-02,0.938366063
5.51E-02,0.938506152
5.49E-02,0.938646239
5.47E-02,0.93878633
5.46E-02,0.938926417
5.43E-02,0.939066504
5.42E-02,0.939206596
5.40E-02,0.939346688
5.38E-02,0.93948678
5.36E-02,0.939626869
5.33E-02,0.939766961
5.32E-02,0.939907054
5.30E-02,0.940047149
5.27E-02,0.940187243
5.25E-02,0.940327339
5.23E-02,0.94046743
5.21E-02,0.940607519
5.20E-02,0.940747611
5.18E-02,0.940887698
5.15E-02,0.941027787
5.13E-02,0.941167882
5.11E-02,0.941307976
5.08E-02,0.941448068
5.07E-02,0.941588157
5.05E-02,0.941728246
5.03E-02,0.941868337
5.00E-02,0.942008429
4.98E-02,0.942148523
4.97E-02,0.942288613
4.96E-02,0.942428707
4.93E-02,0.942568797
4.91E-02,0.942708883
4.89E-02,0.942848969
4.87E-02,0.942989061
4.85E-02,0.943129155
4.82E-02,0.943269249
4.81E-02,0.943409342
4.79E-02,0.943549435
4.77E-02,0.943689531
4.75E-02,0.943829631
4.72E-02,0.94396973
4.71E-02,0.944109828
4.70E-02,0.944249928
4.68E-02,0.944390026
4.66E-02,0.944530118
4.63E-02,0.944670212
4.63E-02,0.944810305
4.60E-02,0.944950396
4.59E-02,0.945090486
4.58E-02,0.945230574
4.55E-02,0.945370662
4.54E-02,0.945510749
4.53E-02,0.945650838
4.50E-02,0.945790928
4.49E-02,0.945931022
4.48E-02,0.946071114
4.45E-02,0.946211203
4.45E-02,0.946351294
4.43E-02,0.946491388
4.42E-02,0.94663148
4.42E-02,0.946771573
4.40E-02,0.946911666
4.39E-02,0.94705176
4.37E-02,0.947191853
4.35E-02,0.947331944
4.35E-02,0.947472036
4.34E-02,0.947612125
4.33E-02,0.947752213
4.31E-02,0.947892301
4.31E-02,0.948032392
4.31E-02,0.948172482
4.28E-02,0.94831257
4.28E-02,0.948452657
4.28E-02,0.94859274
4.27E-02,0.948732825
4.26E-02,0.948872914
4.26E-02,0.949013003
4.25E-02,0.949153093
4.25E-02,0.949293186
4.24E-02,0.949433276
4.24E-02,0.949573362
4.23E-02,0.949713452
4.23E-02,0.94985354
4.22E-02,0.949993628
4.23E-02,0.950133717
4.21E-02,0.950273812
4.23E-02,0.950413907
4.21E-02,0.950554002
4.21E-02,0.950694098
4.21E-02,0.95083419
4.22E-02,0.950974284
4.22E-02,0.951114377
4.21E-02,0.95125447
4.21E-02,0.951394564
4.20E-02,0.951534659
4.20E-02,0.951674751
4.20E-02,0.951814843
4.21E-02,0.951954939
4.22E-02,0.952095028
4.21E-02,0.952235122
4.21E-02,0.952375218
4.20E-02,0.952515316
4.21E-02,0.952655414
4.21E-02,0.952795507
4.21E-02,0.952935601
4.21E-02,0.953075692
4.21E-02,0.95321578
4.22E-02,0.95335587
4.22E-02,0.953495961
4.22E-02,0.953636051
4.22E-02,0.953776145
4.22E-02,0.953916239
4.22E-02,0.954056332
4.21E-02,0.954196426
4.23E-02,0.954336521
4.22E-02,0.954476613
4.21E-02,0.954616702
4.22E-02,0.954756791
4.21E-02,0.95489688
4.22E-02,0.955036974
4.21E-02,0.955177061
4.21E-02,0.95531715
4.21E-02,0.955457238
4.21E-02,0.955597327
4.21E-02,0.955737417
4.20E-02,0.95587751
4.21E-02,0.956017601
4.19E-02,0.95615769
4.19E-02,0.956297776
4.19E-02,0.956437862
4.20E-02,0.956577949
4.18E-02,0.956718035
4.18E-02,0.956858123
4.17E-02,0.956998212
4.18E-02,0.957138301
4.17E-02,0.957278391
4.16E-02,0.957418481
4.16E-02,0.957558572
4.15E-02,0.957698663
4.16E-02,0.957838753
4.14E-02,0.957978843
4.14E-02,0.958118936
4.12E-02,0.958259027
4.13E-02,0.958399113
4.12E-02,0.958539202
4.12E-02,0.958679296
4.11E-02,0.958819386
4.10E-02,0.958959477
4.11E-02,0.959099568
4.10E-02,0.959239661
4.09E-02,0.959379751
4.08E-02,0.959519841
4.08E-02,0.959659929
4.06E-02,0.95980002
4.05E-02,0.959940107
4.05E-02,0.960080192
4.05E-02,0.960220276
4.04E-02,0.960360363
4.03E-02,0.960500452
4.02E-02,0.960640537
4.02E-02,0.960780624
4.02E-02,0.960920713
3.99E-02,0.961060799
3.99E-02,0.961200888
3.98E-02,0.961340981
3.97E-02,0.961481071
3.96E-02,0.961621161
3.95E-02,0.961761255
3.93E-02,0.961901349
3.93E-02,0.962041443
3.92E-02,0.962181537
3.91E-02,0.962321633
3.90E-02,0.962461727
3.91E-02,0.962601818
3.89E-02,0.962741906
3.88E-02,0.962881998
3.86E-02,0.963022088
3.86E-02,0.963162176
3.84E-02,0.963302265
3.83E-02,0.963442357
3.82E-02,0.96358245
3.82E-02,0.963722544
3.81E-02,0.963862636
3.78E-02,0.964002726
3.78E-02,0.964142818
3.77E-02,0.964282916
3.76E-02,0.964423016
3.75E-02,0.964563111
3.74E-02,0.964703201
3.73E-02,0.964843296
3.72E-02,0.964983396
3.69E-02,0.965123514
3.68E-02,0.965263629
3.68E-02,0.965403745
3.67E-02,0.96554386
3.65E-02,0.965683977
3.65E-02,0.965824095
3.63E-02,0.965964215
3.62E-02,0.966104333
3.60E-02,0.966244448
3.60E-02,0.966384553
3.59E-02,0.966524643
3.57E-02,0.966664731
3.57E-02,0.966804817
3.55E-02,0.966944904
3.53E-02,0.967084991
3.52E-02,0.967225082
3.51E-02,0.967365174
3.49E-02,0.967505268
3.47E-02,0.96764536
3.47E-02,0.967785447
3.46E-02,0.967925531
3.44E-02,0.968065614
3.44E-02,0.968205698
3.43E-02,0.968345782
3.41E-02,0.968485869
3.39E-02,0.968625959
3.39E-02,0.968766043
3.37E-02,0.968906126
3.36E-02,0.969046208
3.34E-02,0.969186294
3.33E-02,0.96932638
3.32E-02,0.969466462
3.30E-02,0.969606549
3.29E-02,0.969746635
3.28E-02,0.96988672
3.28E-02,0.970026805
3.25E-02,0.970166892
3.24E-02,0.970306978
3.23E-02,0.970447066
3.21E-02,0.970587153
3.19E-02,0.970727242
3.20E-02,0.970867331
3.17E-02,0.971007421
3.16E-02,0.971147505
3.15E-02,0.97128759
3.14E-02,0.971427673
3.12E-02,0.971567759
3.11E-02,0.971707846
3.09E-02,0.971847936
3.09E-02,0.971988027
3.06E-02,0.972128115
3.05E-02,0.972268202
3.04E-02,0.972408292
3.02E-02,0.972548383
3.02E-02,0.972688476
3.00E-02,0.972828566
2.99E-02,0.972968655
2.97E-02,0.973108741
2.96E-02,0.973248827
2.95E-02,0.973388911
2.92E-02,0.973528998
2.92E-02,0.973669086
2.91E-02,0.973809176
2.90E-02,0.973949269
2.88E-02,0.974089361
2.86E-02,0.974229452
2.85E-02,0.974369541
2.84E-02,0.974509632
2.82E-02,0.974649722
2.81E-02,0.974789816
2.80E-02,0.974929905
2.79E-02,0.975069989
2.77E-02,0.975210076
2.76E-02,0.975350164
2.74E-02,0.975490253
2.73E-02,0.975630345
2.71E-02,0.975770437
2.70E-02,0.975910527
2.68E-02,0.976050617
2.67E-02,0.976190706
2.66E-02,0.976330797
2.64E-02,0.976470889
2.63E-02,0.97661098
2.62E-02,0.976751069
2.61E-02,0.976891157
2.58E-02,0.977031246
2.58E-02,0.977171334
2.57E-02,0.977311425
2.54E-02,0.977451517
2.54E-02,0.97759161
2.53E-02,0.977731701
2.50E-02,0.977871791
2.50E-02,0.978011885
2.48E-02,0.978151978
2.48E-02,0.978292071
2.46E-02,0.978432163
2.45E-02,0.978572256
2.43E-02,0.978712348
2.41E-02,0.978852443
2.40E-02,0.978992537
2.39E-02,0.979132628
2.37E-02,0.97927272
2.37E-02,0.979412809
2.34E-02,0.979552899
2.34E-02,0.979692989
2.32E-02,0.97983308
2.31E-02,0.979973169
2.29E-02,0.980113261
2.28E-02,0.98025335
2.26E-02,0.98039344
2.25E-02,0.980533529
2.23E-02,0.980673613
2.23E-02,0.980813695
2.21E-02,0.980953779
2.20E-02,0.981093869
2.19E-02,0.981233957
2.18E-02,0.981374042
2.15E-02,0.981514133
2.14E-02,0.981654223
2.12E-02,0.981794315
2.11E-02,0.981934404
2.09E-02,0.982074493
2.09E-02,0.98221458
2.07E-02,0.98235467
2.06E-02,0.982494759
2.04E-02,0.982634848
2.03E-02,0.982774935
2.02E-02,0.982915021
2.01E-02,0.983055106
1.98E-02,0.983195193
1.98E-02,0.983335279
1.95E-02,0.983475366
1.95E-02,0.983615451
1.94E-02,0.983755533
1.92E-02,0.983895614
1.90E-02,0.984035693
1.89E-02,0.984175777
1.88E-02,0.984315865
1.86E-02,0.984455951
1.86E-02,0.984596038
1.84E-02,0.984736124
1.82E-02,0.984876209
1.82E-02,0.985016296
1.80E-02,0.985156387
1.78E-02,0.985296473
1.78E-02,0.985436559
1.76E-02,0.985576642
1.74E-02,0.985716726
1.73E-02,0.985856812
1.72E-02,0.985996897
1.70E-02,0.986136987
1.69E-02,0.986277073
1.69E-02,0.986417161
1.64E-02,0.986557251
1.65E-02,0.986697338
1.64E-02,0.986837426
1.64E-02,0.986977516
1.61E-02,0.987117605
1.60E-02,0.987257693
1.59E-02,0.987397782
1.57E-02,0.98753787
1.56E-02,0.987677961
1.55E-02,0.987818052
1.54E-02,0.987958142
1.53E-02,0.988098231
1.51E-02,0.988238318
1.50E-02,0.988378402
1.48E-02,0.988518487
1.47E-02,0.988658572
1.46E-02,0.988798657
1.44E-02,0.988938741
1.42E-02,0.989078825
1.42E-02,0.989218909
1.41E-02,0.989358992
1.39E-02,0.989499077
1.39E-02,0.989639162
1.38E-02,0.989779245
1.35E-02,0.989919331
1.35E-02,0.99005942
1.34E-02,0.990199512
1.33E-02,0.990339601
1.31E-02,0.990479691
1.29E-02,0.990619778
1.28E-02,0.990759863
1.27E-02,0.990899952
1.26E-02,0.99104004
1.25E-02,0.991180128
1.23E-02,0.991320216
1.22E-02,0.991460304
1.21E-02,0.991600391
1.19E-02,0.991740479
1.18E-02,0.991880565
1.17E-02,0.992020652
1.15E-02,0.992160741
1.15E-02,0.992300831
1.13E-02,0.992440919
1.12E-02,0.992581007
1.10E-02,0.992721092
1.10E-02,0.992861174
1.08E-02,0.993001256
1.07E-02,0.99314134
1.05E-02,0.993281422
1.05E-02,0.993421505
1.02E-02,0.993561592
1.02E-02,0.99370168
1.01E-02,0.993841784
9.95E-03,0.993981898
9.82E-03,0.994122012
9.72E-03,0.994262125
9.67E-03,0.994402241
9.53E-03,0.994542359
9.34E-03,0.994682466
9.26E-03,0.994822553
9.25E-03,0.99496264
9.02E-03,0.995102725
8.88E-03,0.995242811
8.81E-03,0.995382895
8.60E-03,0.995522979
8.48E-03,0.995663066
8.56E-03,0.99580315
8.44E-03,0.995943235
8.12E-03,0.996083319
8.14E-03,0.9962234
7.93E-03,0.996363485
7.79E-03,0.996503569
7.72E-03,0.996643655
7.58E-03,0.996783741
7.45E-03,0.996923826
7.37E-03,0.997063911
7.24E-03,0.997203998
7.09E-03,0.997344088
6.97E-03,0.997484176
6.99E-03,0.997624265
6.80E-03,0.997764353
6.61E-03,0.997904443
6.72E-03,0.998044533
6.42E-03,0.998184622
6.27E-03,0.998324712
6.25E-03,0.998464802
6.19E-03,0.998604894
6.02E-03,0.998744985
6.02E-03,0.998885069
5.75E-03,0.999025157
5.75E-03,0.999165244
5.56E-03,0.999305334
5.39E-03,0.999445423
5.35E-03,0.999585511
5.21E-03,0.999725597
5.18E-03,0.999865683
4.99E-03,1
4.99E-03,1